show_id,netflix_title,release_year,listed_in,type,best_movieId,best_title,best_score,runner_up_score,genre_jaccard,reason
s1,Dick Johnson Is Dead,2020,Documentaries,Movie,,,,,,no candidate
s7,My Little Pony: A New Generation,2021,Children & Family Movies,Movie,,,,,,no candidate
s8,Sankofa,1993,"Dramas, Independent Movies, International Movies",Movie,,,,,,no candidate
s10,The Starling,2021,"Comedies, Dramas",Movie,,,,,,no candidate
s13,Je Suis Karl,2021,"Dramas, International Movies",Movie,,,,,,no candidate
s14,Confessions of an Invisible Girl,2021,"Children & Family Movies, Comedies",Movie,,,,,,no candidate
s17,Europe's Most Dangerous Man: Otto Skorzeny in Spain,2020,"Documentaries, International Movies",Movie,,,,,,no candidate
s19,Intrusion,2021,Thrillers,Movie,,,,,,no candidate
s23,Avvai Shanmughi,1996,"Comedies, International Movies",Movie,,,,,,no candidate
s24,Go! Go! Cory Carson: Chrissy Takes the Wheel,2021,Children & Family Movies,Movie,,,,,,no candidate
s25,Jeans,1998,"Comedies, International Movies, Romantic Movies",Movie,,,,,,no candidate
s27,Minsara Kanavu,1997,"Comedies, International Movies, Music & Musicals",Movie,,,,,,no candidate
s28,Grown Ups,2010,Comedies,Movie,104218,Grown Ups 2 (2013),100.0,100.0,,"subset match, insufficient evidence (score 100, margin 0)"
s30,Paranoia,2013,Thrillers,Movie,96281,ParaNorman (2012),77.8,0.0,0.0,genre conflict
s31,Ankahi Kahaniya,2021,"Dramas, Independent Movies, International Movies",Movie,,,,,,no candidate
s36,The Father Who Moves Mountains,2021,"Dramas, International Movies, Thrillers",Movie,,,,,,no candidate
s37,The Stronghold,2021,"Action & Adventure, Dramas, International Movies",Movie,,,,,,no candidate
s39,Birth of the Dragon,2017,"Action & Adventure, Dramas",Movie,,,,,,no candidate
s43,Jaws 2,1978,"Dramas, Horror Movies, Thrillers",Movie,1387,Jaws (1975),100.0,100.0,0.25,MovieLens title nested inside Netflix title (likely different film)
s45,Jaws: The Revenge,1987,"Action & Adventure, Horror Movies, Thrillers",Movie,7032,Revenge (1990),100.0,100.0,0.17,MovieLens title nested inside Netflix title (likely different film)
s46,My Heroes Were Cowboys,2021,Documentaries,Movie,,,,,,no candidate
s52,InuYasha the Movie 2: The Castle Beyond the Looking Glass,2002,"Action & Adventure, Anime Features, International Movies",Movie,3327,Beyond the Mat (1999),83.3,83.3,0.0,genre conflict
s53,InuYasha the Movie 3: Swords of an Honorable Ruler,2003,"Action & Adventure, Anime Features, International Movies",Movie,,,,,,no candidate
s54,InuYasha the Movie 4: Fire on the Mystic Island,2004,"Action & Adventure, Anime Features, International Movies",Movie,34319,"Island, The (2005)",100.0,100.0,0.2,MovieLens title nested inside Netflix title (likely different film)
s55,InuYasha the Movie: Affections Touching Across Time,2001,"Action & Adventure, Anime Features, International Movies",Movie,7256,Touching the Void (2003),82.8,0.0,0.25,"subset match, insufficient evidence (score 83, margin 83)"
s57,Naruto Shippuden the Movie: Blood Prison,2011,"Action & Adventure, Anime Features, International Movies",Movie,100083,Movie 43 (2013),76.9,0.0,0.0,genre conflict
s58,Naruto Shippûden the Movie: Bonds,2008,"Action & Adventure, Anime Features, International Movies",Movie,,,,,,no candidate
s59,Naruto Shippûden the Movie: The Will of Fire,2009,"Action & Adventure, Anime Features, International Movies",Movie,,,,,,no candidate
s60,Naruto Shippuden: The Movie,2007,"Action & Adventure, Anime Features, International Movies",Movie,,,,,,no candidate
s61,Naruto Shippuden: The Movie: The Lost Tower,2010,"Action & Adventure, Anime Features, International Movies",Movie,100083,Movie 43 (2013),76.9,0.0,0.0,genre conflict
s62,Naruto the Movie 2: Legend of the Stone of Gelel,2005,"Action & Adventure, Anime Features, International Movies",Movie,39435,"Legend of Zorro, The (2005)",75.0,0.0,0.4,"subset match, insufficient evidence (score 75, margin 75)"
s63,Naruto the Movie 3: Guardians of the Crescent Moon Kingdom,2006,"Action & Adventure, Anime Features, International Movies",Movie,54736,"Kingdom, The (2007)",100.0,100.0,0.2,MovieLens title nested inside Netflix title (likely different film)
s64,Naruto the Movie: Ninja Clash in the Land of Snow,2004,"Action & Adventure, Anime Features, International Movies",Movie,52668,In the Land of Women (2007),82.4,81.5,0.0,genre conflict
s65,Nightbooks,2021,Children & Family Movies,Movie,,,,,,no candidate
s69,Schumacher,2021,"Documentaries, International Movies, Sports Movies",Movie,,,,,,no candidate
s72,A StoryBots Space Adventure,2021,Children & Family Movies,Movie,,,,,,no candidate
s74,King of Boys,2018,"Dramas, International Movies",Movie,,,,,,no candidate
s76,You vs. Wild: Out Cold,2021,Children & Family Movies,Movie,,,,,,no candidate
s78,Little Singham - Black Shadow,2021,"Children & Family Movies, Comedies",Movie,,,,,,no candidate
s79,Tughlaq Durbar,2020,"Comedies, Dramas, International Movies",Movie,,,,,,no candidate
s80,Tughlaq Durbar (Telugu),2021,"Comedies, Dramas, International Movies",Movie,,,,,,no candidate
s81,Firedrake the Silver Dragon,2021,Children & Family Movies,Movie,,,,,,no candidate
s82,Kate,2021,Action & Adventure,Movie,,,,,,no candidate
s85,Omo Ghetto: the Saga,2020,"Action & Adventure, Comedies, Dramas",Movie,,,,,,no candidate
s87,Prey,2021,"International Movies, Thrillers",Movie,,,,,,no candidate
s89,Blood Brothers: Malcolm X & Muhammad Ali,2021,"Documentaries, Sports Movies",Movie,,,,,,no candidate
s91,Paradise Hills,2019,"Sci-Fi & Fantasy, Thrillers",Movie,,,,,,no candidate
s92,The Women and the Murderer,2021,"Documentaries, International Movies",Movie,,,,,,no candidate
s94,JJ+E,2021,"Dramas, International Movies, Romantic Movies",Movie,,,,,,no candidate
s95,Show Dogs,2018,"Children & Family Movies, Comedies",Movie,,,,,,no candidate
s97,If I Leave Here Tomorrow: A Film About Lynyrd Skynyrd,2018,"Documentaries, Music & Musicals",Movie,150696,Tomorrow (2015),100.0,0.0,0.5,MovieLens title nested inside Netflix title (likely different film)
s102,Untold: Breaking Point,2021,"Documentaries, Sports Movies",Movie,,,,,,no candidate
s104,Shadow Parties,2020,"Dramas, International Movies, Thrillers",Movie,,,,,,no candidate
s106,Angamaly Diaries,2017,"Action & Adventure, Comedies, Dramas",Movie,,,,,,no candidate
s108,A Champion Heart,2018,"Children & Family Movies, Dramas",Movie,,,,,,no candidate
s113,Worth,2021,Dramas,Movie,,,,,,no candidate
s114,Afterlife of the Party,2021,"Comedies, Romantic Movies",Movie,,,,,,no candidate
s115,Anjaam,1994,"Dramas, International Movies, Thrillers",Movie,,,,,,no candidate
s117,Dhanak,2015,"Comedies, Dramas, Independent Movies",Movie,,,,,,no candidate
s118,Final Account,2021,Documentaries,Movie,,,,,,no candidate
s119,Gurgaon,2017,"Dramas, International Movies, Thrillers",Movie,,,,,,no candidate
s120,Here and There,2020,"Dramas, International Movies, Romantic Movies",Movie,,,,,,no candidate
s127,Shikara,2020,"Dramas, International Movies, Romantic Movies",Movie,,,,,,no candidate
s129,Agatha Christie's Crooked House,2017,"Dramas, International Movies, Thrillers",Movie,174815,The House (2017),100.0,0.0,0.0,genre conflict
s131,Barbie Big City Big Dreams,2021,"Children & Family Movies, Music & Musicals",Movie,,,,,,no candidate
s132,Blade Runner: The Final Cut,1982,"Action & Adventure, Classic Movies, Cult Movies",Movie,541,Blade Runner (1982),100.0,0.0,0.25,MovieLens title nested inside Netflix title (likely different film)
s141,"El patrón, radiografía de un crimen",2014,"Dramas, International Movies, Thrillers",Movie,,,,,,no candidate
s142,Extraction,2015,Action & Adventure,Movie,,,,,,no candidate
s144,Green Lantern,2011,"Action & Adventure, Sci-Fi & Fantasy",Movie,71129,Green Lantern: First Flight (2009),100.0,100.0,0.8,"subset match, insufficient evidence (score 100, margin 0)"
s146,House Party 2,1991,"Comedies, Cult Movies, Music & Musicals",Movie,3773,House Party (1990),100.0,100.0,0.0,genre conflict
s150,I Got the Hook Up,1998,"Action & Adventure, Comedies",Movie,,,,,,no candidate
s152,Initial D,2005,"Action & Adventure, International Movies",Movie,,,,,,no candidate
s153,Janoskians: Untold and Untrue,2016,Comedies,Movie,,,,,,no candidate
s158,Level 16,2018,"Sci-Fi & Fantasy, Thrillers",Movie,,,,,,no candidate
s159,Love Don't Cost a Thing,2003,"Comedies, Romantic Movies",Movie,,,,,,no candidate
s160,Love in a Puff,2010,"Comedies, Dramas, International Movies",Movie,,,,,,no candidate
s163,Marshall,2017,Dramas,Movie,,,,,,no candidate
s168,Open Season 2,2008,"Children & Family Movies, Comedies",Movie,48414,Open Season (2006),100.0,0.0,0.25,MovieLens title nested inside Netflix title (likely different film)
s171,Rhyme & Reason,1997,"Documentaries, Music & Musicals",Movie,,,,,,no candidate
s172,Same Kind of Different as Me,2017,"Dramas, Faith & Spirituality",Movie,,,,,,no candidate
s174,Snervous Tyler Oakley,2015,"Documentaries, LGBTQ Movies",Movie,,,,,,no candidate
s183,Welcome Home Roscoe Jenkins,2008,Comedies,Movie,69529,Home (2009),100.0,0.0,,MovieLens title nested inside Netflix title (likely different film)
s186,Untold: Crime & Penalties,2021,"Documentaries, Sports Movies",Movie,,,,,,no candidate
s189,2 Alone in Paris,2008,"Comedies, International Movies",Movie,54796,2 Days in Paris (2007),80.0,0.0,,"subset match, insufficient evidence (score 80, margin 80)"
s191,Thimmarusu,2021,"Dramas, International Movies",Movie,,,,,,no candidate
s193,C Kkompany,2008,"Action & Adventure, Comedies, International Movies",Movie,,,,,,no candidate
s196,EMI: Liya Hai To Chukana Padega,2008,"Comedies, Dramas, International Movies",Movie,,,,,,no candidate
s197,He's All That,2021,"Comedies, Romantic Movies",Movie,,,,,,no candidate
s200,Koi Aap Sa,2006,"Comedies, Dramas, International Movies",Movie,,,,,,no candidate
s201,Krishna Cottage,2004,"Action & Adventure, Horror Movies, International Movies",Movie,,,,,,no candidate
s202,Kucch To Hai,2003,"Dramas, International Movies, Thrillers",Movie,,,,,,no candidate
s203,Kyaa Kool Hai Hum,2005,"Comedies, International Movies, Music & Musicals",Movie,,,,,,no candidate
s204,Kyaa Kool Hain Hum 3,2016,"Comedies, International Movies",Movie,,,,,,no candidate
s205,Kyaa Super Kool Hain Hum,2012,"Comedies, International Movies",Movie,85401,Super (2010),100.0,83.3,,MovieLens title nested inside Netflix title (likely different film)
s206,Kyo Kii... Main Jhuth Nahin Bolta,2001,"Comedies, International Movies, Sci-Fi & Fantasy",Movie,,,,,,no candidate
s207,"LSD: Love, Sex Aur Dhokha",2010,"Dramas, Independent Movies, International Movies",Movie,,,,,,no candidate
s208,Mission Istaanbul: Darr Ke Aagey Jeet Hai,2008,"Action & Adventure, International Movies, Music & Musicals",Movie,,,,,,no candidate
s209,Once Upon a Time in Mumbaai,2010,"Dramas, International Movies, Music & Musicals",Movie,90405,In Time (2011),100.0,0.0,0.0,genre conflict
s210,Once Upon a Time in Mumbai Dobaara!,2013,"Dramas, International Movies, Music & Musicals",Movie,90405,In Time (2011),100.0,0.0,0.0,genre conflict
s211,Ragini MMS,2011,"Horror Movies, International Movies",Movie,,,,,,no candidate
s212,Ragini MMS 2,2014,"Horror Movies, International Movies",Movie,,,,,,no candidate
s215,SAS: Rise of the Black Swan,2021,"Action & Adventure, International Movies",Movie,,,,,,no candidate
s216,Shootout at Lokhandwala,2007,"Action & Adventure, Dramas, International Movies",Movie,,,,,,no candidate
s217,Shor In the City,2011,"Comedies, Dramas, Independent Movies",Movie,59725,Sex and the City (2008),75.0,0.0,0.0,genre conflict
s218,The Dirty Picture,2011,"Comedies, Dramas, International Movies",Movie,,,,,,no candidate
s222,"Bob Ross: Happy Accidents, Betrayal & Greed",2021,Documentaries,Movie,,,,,,no candidate
s228,Really Love,2020,"Dramas, Independent Movies, Romantic Movies",Movie,,,,,,no candidate
s229,The November Man,2014,Action & Adventure,Movie,,,,,,no candidate
s230,The Old Ways,2020,Horror Movies,Movie,,,,,,no candidate
s231,The River Runner,2021,"Documentaries, Sports Movies",Movie,,,,,,no candidate
s232,The Water Man,2021,"Children & Family Movies, Dramas",Movie,,,,,,no candidate
s234,Count Me In,2021,"Documentaries, Music & Musicals",Movie,,,,,,no candidate
s236,Untold: Caitlyn Jenner,2021,"Documentaries, LGBTQ Movies, Sports Movies",Movie,,,,,,no candidate
s237,Boomika,2021,"Horror Movies, International Movies, Thrillers",Movie,,,,,,no candidate
s238,Boomika (Hindi),2021,"Horror Movies, International Movies, Thrillers",Movie,,,,,,no candidate
s239,Boomika (Malayalam),2021,"Horror Movies, International Movies, Thrillers",Movie,,,,,,no candidate
s240,Boomika (Telugu),2021,"Horror Movies, International Movies, Thrillers",Movie,,,,,,no candidate
s241,The Witcher: Nightmare of the Wolf,2021,"Action & Adventure, Anime Features",Movie,,,,,,no candidate
s245,Gunshot,2018,"Dramas, International Movies, Thrillers",Movie,,,,,,no candidate
s247,Man in Love,2021,"Dramas, International Movies, Romantic Movies",Movie,184997,"Love, Simon (2018)",76.2,0.0,0.33,"subset match, insufficient evidence (score 76, margin 76)"
s248,Sweet Girl,2021,"Action & Adventure, Dramas",Movie,,,,,,no candidate
s250,The Loud House Movie,2021,"Children & Family Movies, Comedies, Music & Musicals",Movie,,,,,,no candidate
s251,A Faraway Land,2020,"Dramas, International Movies, Romantic Movies",Movie,,,,,,no candidate
s253,Black Island,2021,"International Movies, Thrillers",Movie,,,,,,no candidate
s254,Bombay,1995,"Dramas, International Movies, Romantic Movies",Movie,,,,,,no candidate
s256,Memories of a Murderer: The Nilsen Tapes,2021,"Documentaries, International Movies",Movie,,,,,,no candidate
s257,Nneka The Pretty Serpent,2020,"Dramas, International Movies",Movie,,,,,,no candidate
s258,O Kadhal Kanmani,2015,"Dramas, International Movies, Romantic Movies",Movie,,,,,,no candidate
s259,Out of my league,2020,"Comedies, Dramas, International Movies",Movie,,,,,,no candidate
s260,Pahuna,2018,"Comedies, Dramas, International Movies",Movie,,,,,,no candidate
s262,The Secret Diary of an Exchange Student,2021,"Comedies, International Movies, Romantic Movies",Movie,,,,,,no candidate
s263,Untold: Deal With the Devil,2021,"Documentaries, LGBTQ Movies, Sports Movies",Movie,,,,,,no candidate
s269,Unroyal,2020,"Dramas, International Movies",Movie,,,,,,no candidate
s271,Beckett,2021,Action & Adventure,Movie,,,,,,no candidate
s279,Lokillo: Nothing's the Same,2021,Stand-Up Comedy,Movie,,,,,,no candidate
s280,Monster Hunter: Legends of the Guild,2021,"Action & Adventure, Anime Features, Children & Family Movies",Movie,,,,,,no candidate
s282,Brother Jekwu,2016,"Comedies, International Movies",Movie,,,,,,no candidate
s283,La diosa del asfalto,2020,"Dramas, Independent Movies, International Movies",Movie,,,,,,no candidate
s284,Misha and the Wolves,2021,"Documentaries, International Movies",Movie,,,,,,no candidate
s285,The Kissing Booth 3,2021,"Comedies, Romantic Movies",Movie,,,,,,no candidate
s286,The Railway Man,2013,"Dramas, International Movies",Movie,,,,,,no candidate
s291,Untold: Malice at the Palace,2021,"Documentaries, Sports Movies",Movie,,,,,,no candidate
s293,Quartet,2012,"Comedies, Dramas, Independent Movies",Movie,,,,,,no candidate
s294,Slay,2021,"Comedies, International Movies, Romantic Movies",Movie,,,,,,no candidate
s295,Takizawa Kabuki ZERO 2020 The Movie,2020,"International Movies, Music & Musicals",Movie,,,,,,no candidate
s296,The Paper Tigers,2021,"Action & Adventure, Comedies",Movie,,,,,,no candidate
s299,Quam's Money,2020,"Comedies, Dramas, International Movies",Movie,,,,,,no candidate
s300,The Swarm,2021,"Horror Movies, Independent Movies, International Movies",Movie,,,,,,year mismatch on exact title
s301,Vivo,2021,"Children & Family Movies, Music & Musicals",Movie,,,,,,no candidate
s302,Chennai Express,2013,"Action & Adventure, Comedies, International Movies",Movie,128991,Johnny Express (2014),75.9,0.0,0.0,genre conflict
s303,City of God: 10 Years Later,2013,"Documentaries, International Movies",Movie,98230,10 Years (2011),100.0,75.0,0.0,genre conflict
s304,Esperando la carroza,1985,"Comedies, Cult Movies, International Movies",Movie,,,,,,no candidate
s305,Lady Boss: The Jackie Collins Story,2021,Documentaries,Movie,,,,,,no candidate
s306,Tango Feroz,1993,"Classic Movies, Dramas, International Movies",Movie,,,,,,no candidate
s307,'76,2016,"Dramas, International Movies",Movie,,,,,,no candidate
s308,Aftermath,2021,Horror Movies,Movie,,,,,,no candidate
s309,American Masters: Inventing David Geffen,2012,Movies,Movie,80126,"American, The (2010)",100.0,0.0,,MovieLens title nested inside Netflix title (likely different film)
s315,Heavy,1995,"Dramas, Independent Movies, Romantic Movies",Movie,250,Heavyweights (Heavy Weights) (1995),100.0,100.0,0.0,genre conflict
s316,Ije: The Journey,2010,"Dramas, International Movies",Movie,60514,Journey to the Center of the Earth (2008),84.6,84.6,0.0,genre conflict
s318,Pray Away,2021,"Documentaries, LGBTQ Movies",Movie,,,,,,no candidate
s319,Shiny_Flakes: The Teenage Drug Lord,2021,"Documentaries, International Movies",Movie,,,,,,no candidate
s327,Beethoven's 2nd,1993,"Children & Family Movies, Comedies",Movie,6793,Beethoven (1992),100.0,100.0,0.33,MovieLens title nested inside Netflix title (likely different film)
s328,Beowulf,2007,"Action & Adventure, Sci-Fi & Fantasy",Movie,38294,Beowulf & Grendel (2005),100.0,100.0,0.6,"subset match, insufficient evidence (score 100, margin 0)"
s329,Boyka: Undisputed,2016,Action & Adventure,Movie,,,,,,no candidate
s335,Five Feet Apart,2019,"Dramas, Romantic Movies",Movie,,,,,,no candidate
s340,I missed you: Director's Cut,2021,"Dramas, Independent Movies, International Movies",Movie,,,,,,no candidate
s346,Open Season: Scared Silly,2015,"Children & Family Movies, Comedies",Movie,,,,,,no candidate
s349,Poms,2019,Comedies,Movie,180497,The Post (2017),75.0,0.0,,score 75 < 90
s354,The Haunting in Connecticut 2: Ghosts of Georgia,2013,Horror Movies,Movie,,,,,,no candidate
s357,The Losers,2010,Action & Adventure,Movie,114126,Beautiful Losers (2008),100.0,100.0,0.0,genre conflict
s363,The Lost Café,2018,"Dramas, International Movies",Movie,,,,,,no candidate
s364,The Vault,2021,"Action & Adventure, International Movies, Thrillers",Movie,,,,,,no candidate
s366,Eyes of a Thief,2014,"Dramas, Independent Movies, International Movies",Movie,,,,,,no candidate
s368,I'm Glad I Did,2020,"Documentaries, International Movies",Movie,,,,,,no candidate
s372,Pomegranates and Myrrh,2009,"Dramas, Independent Movies, International Movies",Movie,,,,,,no candidate
s373,Rurouni Kenshin: The Beginning,2021,"Action & Adventure, International Movies",Movie,,,,,,no candidate
s374,The Last Mercenary,2021,"Action & Adventure, Comedies, International Movies",Movie,,,,,,no candidate
s375,Flower Girl,2013,"Comedies, International Movies, Romantic Movies",Movie,,,,,,no candidate
s376,Resort to Love,2021,"Comedies, Romantic Movies",Movie,,,,,,no candidate
s378,Bartkowiak,2021,"Action & Adventure, International Movies",Movie,,,,,,no candidate
s379,Fantastic Fungi,2019,Documentaries,Movie,135143,Fantastic Beasts and Where to Find Them (2016),75.0,75.0,0.0,genre conflict
s384,Department,2012,"Action & Adventure, International Movies",Movie,,,,,,no candidate
s385,Hostage House,2021,Thrillers,Movie,,,,,,no candidate
s388,Mimi,2021,"Comedies, Dramas, International Movies",Movie,,,,,,no candidate
s390,The Operative,2019,"Dramas, International Movies, Thrillers",Movie,,,,,,no candidate
s394,A Second Chance:  Rivals!,2021,"Children & Family Movies, Sports Movies",Movie,,,,,,no candidate
s395,African America,2021,"Dramas, Independent Movies, International Movies",Movie,,,,,,no candidate
s396,Bankrolled,2021,"Comedies, International Movies",Movie,,,,,,no candidate
s397,Blood Red Sky,2021,"Action & Adventure, Horror Movies, International Movies",Movie,,,,,,no candidate
s399,Kingdom: Ashin of the North,2021,"Horror Movies, International Movies, Thrillers",Movie,,,,,,no candidate
s403,The Last Letter From Your Lover,2021,"Dramas, Romantic Movies",Movie,,,,,,no candidate
s405,9to5: The Story of a Movement,2021,Documentaries,Movie,,,,,,no candidate
s406,Chhota Bheem - Dinosaur World,2015,Children & Family Movies,Movie,136016,The Good Dinosaur (2015),76.2,0.0,0.2,"subset match, insufficient evidence (score 76, margin 76)"
s407,Chhota Bheem - Neeli Pahaadi,2013,Children & Family Movies,Movie,,,,,,no candidate
s408,Chhota Bheem & Ganesh,2009,Children & Family Movies,Movie,,,,,,no candidate
s409,Chhota Bheem & Krishna: Mayanagari,2011,Children & Family Movies,Movie,,,,,,no candidate
s410,Chhota Bheem & Krishna: Pataliputra- City of the Dead,2010,Children & Family Movies,Movie,59725,Sex and the City (2008),85.7,80.0,0.0,genre conflict
s411,Chhota Bheem And The Broken Amulet,2013,Children & Family Movies,Movie,96373,Broken (2012),100.0,0.0,0.0,genre conflict
s412,Chhota Bheem And The Crown of Valhalla,2013,Children & Family Movies,Movie,,,,,,no candidate
s413,Chhota Bheem and the Incan Adventure,2013,Children & Family Movies,Movie,,,,,,no candidate
s414,Chhota Bheem and The ShiNobi Secret,2013,Children & Family Movies,Movie,,,,,,no candidate
s415,Chhota Bheem Aur Hanuman,2012,Children & Family Movies,Movie,,,,,,no candidate
s416,Chhota Bheem aur Krishna,2009,Children & Family Movies,Movie,,,,,,no candidate
s417,Chhota Bheem aur Krishna vs Zimbara,2013,Children & Family Movies,Movie,,,,,,no candidate
s418,Chhota Bheem in African Safari,2015,Children & Family Movies,Movie,,,,,,no candidate
s419,Chhota Bheem Ka Roosi Romanch,2019,Children & Family Movies,Movie,,,,,,no candidate
s420,Chhota Bheem: Bheem vs Aliens,2010,"Children & Family Movies, Sports Movies",Movie,,,,,,no candidate
s421,Chhota Bheem: Dholakpur to Kathmandu,2012,Children & Family Movies,Movie,,,,,,no candidate
s422,Chhota Bheem: Dus Pe Dus,2014,Children & Family Movies,Movie,,,,,,no candidate
s423,Chhota Bheem: Journey to Petra,2011,Children & Family Movies,Movie,,,,,,no candidate
s424,Chhota Bheem: Master of Shaolin,2011,Children & Family Movies,Movie,96728,"Master, The (2012)",100.0,0.0,0.0,genre conflict
s425,Chhota Bheem: The Rise of Kirmada,2012,Children & Family Movies,Movie,,,,,,no candidate
s427,Cousins,2021,Dramas,Movie,,,,,,year mismatch on exact title
s428,Wannabe Courageous,2019,"Comedies, International Movies",Movie,,,,,,no candidate
s429,Words Bubble Up Like Soda Pop,2021,"Anime Features, Children & Family Movies, International Movies",Movie,,,,,,no candidate
s430,Sanitation Day,2020,"Dramas, International Movies, Thrillers",Movie,,,,,,no candidate
s433,Trollhunters: Rise of the Titans,2021,Children & Family Movies,Movie,,,,,,no candidate
s434,Milkwater,2020,"Comedies, Dramas, Independent Movies",Movie,,,,,,no candidate
s437,The Tambour of Retribution,2021,"Dramas, International Movies, Romantic Movies",Movie,,,,,,no candidate
s438,Cosmic Sin,2021,Action & Adventure,Movie,,,,,,no candidate
s439,2 Weeks in Lagos,2020,"Dramas, International Movies, Romantic Movies",Movie,,,,,,no candidate
s440,Deep,2021,"Dramas, International Movies, Thrillers",Movie,,,,,,no candidate
s442,Fear Street Part 3: 1666,2021,"Horror Movies, LGBTQ Movies",Movie,,,,,,no candidate
s447,The Book of Henry,2017,Dramas,Movie,,,,,,no candidate
s448,The Twilight Saga: Breaking Dawn: Part 1,2011,"Dramas, Romantic Movies",Movie,63992,Twilight (2008),100.0,100.0,0.5,MovieLens title nested inside Netflix title (likely different film)
s450,The Twilight Saga: Eclipse,2010,"Dramas, Romantic Movies",Movie,63992,Twilight (2008),100.0,100.0,0.5,MovieLens title nested inside Netflix title (likely different film)
s451,The Twilight Saga: New Moon,2009,"Dramas, Romantic Movies",Movie,63992,Twilight (2008),100.0,100.0,0.5,MovieLens title nested inside Netflix title (likely different film)
s453,A Perfect Fit,2021,"Comedies, Dramas, International Movies",Movie,,,,,,no candidate
s455,Cheech & Chong's Still Smokin,1983,"Comedies, Cult Movies",Movie,,,,,,no candidate
s456,Emicida: AmarElo - Live in São Paulo,2021,"Documentaries, International Movies, Music & Musicals",Movie,,,,,,no candidate
s458,Lift Like a Girl,2021,"Documentaries, International Movies, Sports Movies",Movie,,,,,,no candidate
s459,My Amanda,2021,"Dramas, International Movies, Romantic Movies",Movie,,,,,,no candidate
s462,The Unknown Saint,2019,"Comedies, Dramas, Independent Movies",Movie,,,,,,no candidate
s463,This Changes Everything,2019,Documentaries,Movie,,,,,,no candidate
s464,A Classic Horror Story,2021,"Horror Movies, International Movies",Movie,,,,,,no candidate
s465,Gunpowder Milkshake,2021,"Action & Adventure, Comedies",Movie,,,,,,no candidate
s468,Private Network: Who Killed Manuel Buendía?,2021,"Documentaries, International Movies",Movie,,,,,,no candidate
s469,The Guide to the Perfect Family,2021,"Comedies, Dramas, International Movies",Movie,,,,,,no candidate
s470,American Woman,2019,"Dramas, Independent Movies",Movie,176751,American Made (2017),81.5,0.0,0.0,genre conflict
s471,Bridgerton - The Afterparty,2021,Movies,Movie,,,,,,no candidate
s472,Day of Destiny,2021,"Children & Family Movies, Dramas, International Movies",Movie,,,,,,no candidate
s474,Born to Play,2020,"Documentaries, Sports Movies",Movie,,,,,,no candidate
s477,The Tour,2016,"Comedies, Documentaries, International Movies",Movie,127114,The End of the Tour (2015),100.0,100.0,0.0,genre conflict
s480,Fear Street Part 2: 1978,2021,Horror Movies,Movie,,,,,,no candidate
s481,Finding Hubby,2020,"Comedies, Dramas, International Movies",Movie,,,,,,no candidate
s482,How I Became a Superhero,2021,"Action & Adventure, Dramas, International Movies",Movie,,,,,,no candidate
s484,Last Summer,2021,"Dramas, International Movies, Romantic Movies",Movie,,,,,,no candidate
s485,Lee Su-geun: The Sense Coach,2021,Stand-Up Comedy,Movie,,,,,,no candidate
s486,Lethal Love,2021,Thrillers,Movie,,,,,,no candidate
s490,Back to Q82,2017,"Comedies, International Movies",Movie,,,,,,no candidate
s492,Home Again,2017,"Comedies, Dramas, Romantic Movies",Movie,130520,Home (2015),100.0,0.0,0.0,genre conflict
s493,Midnight Sun,2018,"Dramas, Romantic Movies",Movie,130576,Midnight Special (2015),80.0,0.0,0.33,"subset match, insufficient evidence (score 80, margin 80)"
s496,Awon Boyz,2019,"Documentaries, International Movies",Movie,,,,,,no candidate
s499,Clash,2020,"Dramas, International Movies",Movie,,,,,,no candidate
s501,Major Grom: Plague Doctor,2021,"Action & Adventure, International Movies",Movie,,,,,,no candidate
s502,Mama Drama,2020,"Dramas, International Movies",Movie,,,,,,no candidate
s503,Tango With Me,2010,"Dramas, International Movies, Romantic Movies",Movie,,,,,,no candidate
s506,Therapy,2020,"Dramas, International Movies",Movie,,,,,,no candidate
s507,This Little Love Of Mine,2021,"International Movies, Romantic Movies",Movie,,,,,,no candidate
s508,Three Thieves,2019,"Comedies, International Movies",Movie,,,,,,no candidate
s509,A Land Imagined,2019,"Dramas, International Movies",Movie,,,,,,no candidate
s519,Har Kisse Ke Hisse: Kaamyaab,2020,"Dramas, International Movies",Movie,,,,,,no candidate
s529,Rehmataan,2012,"Dramas, International Movies, Romantic Movies",Movie,,,,,,no candidate
s530,Return of the Prodigal Son,1976,"Dramas, International Movies",Movie,,,,,,no candidate
s532,Rise: Ini Kalilah,2018,"Dramas, International Movies",Movie,,,,,,no candidate
s535,Si Doel the Movie 2,2019,"Dramas, International Movies",Movie,,,,,,no candidate
s542,Truckbhar Swapna,2018,"Comedies, Dramas, International Movies",Movie,,,,,,no candidate
s543,Ujala,1959,"Dramas, International Movies",Movie,,,,,,no candidate
s551,Fear Street Part 1: 1994,2021,"Horror Movies, LGBTQ Movies",Movie,,,,,,no candidate
s552,Haseen Dillruba,2021,"International Movies, Romantic Movies, Thrillers",Movie,,,,,,no candidate
s553,Holiday on Mars,2020,"Comedies, International Movies",Movie,,,,,,no candidate
s555,RattleSnake - The Ahanna Story,2020,"Dramas, International Movies, Thrillers",Movie,,,,,,no candidate
s557,The 8th Night,2021,"Horror Movies, International Movies, Thrillers",Movie,,,,,,no candidate
s558,Winchester,2018,"Horror Movies, Sci-Fi & Fantasy",Movie,,,,,,no candidate
s559,6 Bullets,2012,Action & Adventure,Movie,87197,Let the Bullets Fly (2010),87.5,0.0,0.33,"subset match, insufficient evidence (score 88, margin 88)"
s561,Audible,2021,"Documentaries, Sports Movies",Movie,,,,,,no candidate
s570,Dreamy Eyes,2019,"Dramas, International Movies, Romantic Movies",Movie,,,,,,no candidate
s571,Dynasty Warriors,2021,"Action & Adventure, International Movies",Movie,,,,,,no candidate
s573,Hampstead,2019,"Comedies, Dramas, International Movies",Movie,,,,,,no candidate
s574,Kung Fu Panda,2008,"Children & Family Movies, Comedies",Movie,136556,Kung Fu Panda: Secrets of the Masters (2011),100.0,100.0,0.5,"subset match, insufficient evidence (score 100, margin 0)"
s575,Kung Fu Panda 2,2011,"Children & Family Movies, Comedies",Movie,59784,Kung Fu Panda (2008),100.0,100.0,0.25,MovieLens title nested inside Netflix title (likely different film)
s577,Mary Magdalene,2019,"Dramas, Faith & Spirituality, International Movies",Movie,,,,,,no candidate
s581,Mobile Suit Gundam Hathaway,2021,"Action & Adventure, Anime Features, International Movies",Movie,,,,,,no candidate
s583,Mother's Day,2016,"Comedies, Dramas",Movie,176419,Mother! (2017),100.0,0.0,0.25,MovieLens title nested inside Netflix title (likely different film)
s586,Ophelia,2018,"Dramas, Romantic Movies",Movie,,,,,,no candidate
s587,Pet Sematary 2,1992,Horror Movies,Movie,2513,Pet Sematary (1989),100.0,92.3,1.0,MovieLens title nested inside Netflix title (likely different film)
s590,Red Joan,2019,"Dramas, International Movies",Movie,,,,,,no candidate
s597,Sword of Trust,2019,"Comedies, Dramas, Independent Movies",Movie,156706,The Trust (2016),100.0,0.0,0.0,genre conflict
s599,The American,2010,"Dramas, Thrillers",Movie,106916,American Hustle (2013),100.0,100.0,0.33,"subset match, insufficient evidence (score 100, margin 0)"
s600,The Best of Enemies,2019,Dramas,Movie,,,,,,no candidate
s601,The Game,1997,Thrillers,Movie,71,Fair Game (1995),100.0,100.0,0.0,genre conflict
s603,The Karate Kid Part II,1986,"Action & Adventure, Children & Family Movies, Dramas",Movie,2420,"Karate Kid, The (1984)",100.0,100.0,0.25,MovieLens title nested inside Netflix title (likely different film)
s606,The Long Riders,1980,Action & Adventure,Movie,,,,,,no candidate
s607,The Queen,2006,"Dramas, International Movies",Movie,7316,Confessions of a Teenage Drama Queen (2004),100.0,100.0,0.0,genre conflict
s608,The Strangers,2008,"Horror Movies, Thrillers",Movie,46772,Strangers with Candy (2005),100.0,100.0,0.0,genre conflict
s614,Voiceless,2020,"Dramas, International Movies, Thrillers",Movie,,,,,,no candidate
s616,Why Do Fools Fall in Love,1998,"Dramas, Music & Musicals, Romantic Movies",Movie,1574,Fall (1997),100.0,100.0,0.33,MovieLens title nested inside Netflix title (likely different film)
s617,Working Title,2019,Dramas,Movie,,,,,,no candidate
s619,America: The Motion Picture,2021,"Action & Adventure, Comedies",Movie,,,,,,no candidate
s620,Deranged,2020,"Dramas, International Movies",Movie,,,,,,no candidate
s623,Lying and Stealing,2019,Thrillers,Movie,,,,,,no candidate
s624,Mommy Issues,2021,"Comedies, Dramas, International Movies",Movie,,,,,,no candidate
s625,Prime Time,2021,"Dramas, International Movies, Thrillers",Movie,,,,,,no candidate
s630,A Way Back Home,2020,"Dramas, International Movies",Movie,,,,,,no candidate
s633,Wanted,2019,"Comedies, International Movies",Movie,,,,,,year mismatch on exact title
s634,Into the Wind,2018,"Dramas, Independent Movies, International Movies",Movie,142424,Into the Forest (2015),76.2,76.2,0.5,"subset match, insufficient evidence (score 76, margin 0)"
s635,Wonder Boy,2019,"Documentaries, International Movies",Movie,180095,Wonder (2017),100.0,75.0,0.0,genre conflict
s636,Here Comes the Rain,2010,"Dramas, International Movies",Movie,97836,Here Comes the Boom (2012),84.8,0.0,0.0,genre conflict
s637,The Ice Road,2021,Action & Adventure,Movie,,,,,,no candidate
s642,Sisters on Track,2021,"Documentaries, Sports Movies",Movie,,,,,,no candidate
s644,The Seventh Day,2021,Horror Movies,Movie,,,,,,no candidate
s645,Good on Paper,2021,"Comedies, Romantic Movies",Movie,,,,,,no candidate
s646,Murder by the Coast,2021,"Documentaries, International Movies",Movie,,,,,,no candidate
s647,The House of Flowers: The Movie,2021,"Comedies, International Movies, Music & Musicals",Movie,,,,,,no candidate
s650,Broken,2019,"Dramas, International Movies, Romantic Movies",Movie,,,,,,year mismatch on exact title
s651,O Vendedor de Sonhos,2016,"Dramas, International Movies",Movie,,,,,,no candidate
s652,Osuofia in London,2003,"Comedies, Dramas, International Movies",Movie,43908,London (2005),100.0,0.0,1.0,MovieLens title nested inside Netflix title (likely different film)
s653,Osuofia in London II,2004,"Comedies, Dramas, International Movies",Movie,43908,London (2005),100.0,0.0,1.0,MovieLens title nested inside Netflix title (likely different film)
s655,#Selfie,2014,"Comedies, Dramas, International Movies",Movie,,,,,,no candidate
s656,#Selfie 69,2016,"Comedies, Dramas, International Movies",Movie,,,,,,no candidate
s657,Love Is a Story,2015,"International Movies, Music & Musicals, Romantic Movies",Movie,140162,Love (2015),100.0,0.0,0.33,MovieLens title nested inside Netflix title (likely different film)
s671,Mobile Suit Gundam II: Soldiers of Sorrow,1981,"Action & Adventure, Anime Features, International Movies",Movie,,,,,,no candidate
s672,Mobile Suit Gundam III: Encounters in Space,1982,"Action & Adventure, Anime Features, International Movies",Movie,,,,,,no candidate
s673,Mobile Suit Gundam: Char's Counterattack,1988,"Action & Adventure, Anime Features, International Movies",Movie,,,,,,no candidate
s684,A Family,2021,"Dramas, International Movies",Movie,,,,,,year mismatch on exact title
s686,Fatherhood,2021,Dramas,Movie,,,,,,no candidate
s688,Jagame Thandhiram,2021,"Action & Adventure, Dramas, International Movies",Movie,,,,,,no candidate
s689,Kambili: The Whole 30 Yards,2020,"Comedies, International Movies, Romantic Movies",Movie,,,,,,no candidate
s690,Mobile Suit Gundam I,1981,"Action & Adventure, Anime Features, Classic Movies",Movie,,,,,,no candidate
s691,Rurouni Kenshin: The Final,2021,"Action & Adventure, International Movies",Movie,,,,,,no candidate
s694,Ali & Ratu Ratu Queens,2021,"Comedies, Dramas, International Movies",Movie,,,,,,no candidate
s695,Aziza,2019,"Comedies, Dramas, Independent Movies",Movie,,,,,,no candidate
s696,Besieged Bread,2015,"Dramas, International Movies",Movie,,,,,,no candidate
s699,Fan Girl,2020,"Dramas, Independent Movies, International Movies",Movie,,,,,,no candidate
s702,Red Snow,2019,Dramas,Movie,,,,,,no candidate
s705,A Man For The Week End,2018,"Comedies, Dramas, International Movies",Movie,,,,,,no candidate
s706,Biking Borders,2019,"Documentaries, International Movies, Sports Movies",Movie,,,,,,no candidate
s709,Lowriders,2016,"Dramas, Independent Movies",Movie,,,,,,no candidate
s712,Security,2021,"Dramas, International Movies, Thrillers",Movie,,,,,,no candidate
s713,Silver Skates,2020,"Action & Adventure, Dramas, International Movies",Movie,,,,,,no candidate
s717,FTA,1972,Documentaries,Movie,,,,,,no candidate
s718,Headspace: Unwind Your Mind,2021,Documentaries,Movie,,,,,,no candidate
s719,Life of Crime,2013,"Comedies, Independent Movies",Movie,97938,Life of Pi (2012),82.4,80.0,,"subset match, insufficient evidence (score 82, margin 2)"
s722,Rogue Warfare: Death of a Nation,2020,Action & Adventure,Movie,,,,,,no candidate
s723,Sir! No Sir!,2005,Documentaries,Movie,,,,,,no candidate
s725,The Reason I Jump,2021,Documentaries,Movie,,,,,,no candidate
s728,Picture a Scientist,2020,Documentaries,Movie,,,,,,no candidate
s729,The Devil Below,2021,Horror Movies,Movie,,,,,,no candidate
s730,Bling Empire - The Afterparty,2021,Movies,Movie,,,,,,no candidate
s731,Cobra Kai - The Afterparty,2021,Movies,Movie,,,,,,no candidate
s733,To All the Boys: Always and Forever - The Afterparty,2021,Movies,Movie,,,,,,no candidate
s736,Sarbath,2021,"Comedies, Dramas, International Movies",Movie,,,,,,no candidate
s737,Skater Girl,2021,"Children & Family Movies, Dramas, International Movies",Movie,,,,,,no candidate
s739,Trese After Dark,2021,"Anime Features, Documentaries",Movie,,,,,,no candidate
s740,Wish Dragon,2021,"Children & Family Movies, Comedies",Movie,,,,,,no candidate
s742,Blind Intersections,2012,"Dramas, International Movies",Movie,,,,,,no candidate
s743,Camellia Sisters,2021,"Dramas, International Movies",Movie,,,,,,no candidate
s746,Until Midnight,2019,"International Movies, Thrillers",Movie,,,,,,no candidate
s747,Awake,2021,"Dramas, Thrillers",Movie,,,,,,year mismatch on exact title
s748,Confusion Na Wa,2013,"Comedies, Dramas, International Movies",Movie,,,,,,no candidate
s751,Tragic Jungle,2021,"Dramas, Independent Movies, International Movies",Movie,,,,,,no candidate
s753,Vampire Academy,2014,"Action & Adventure, Comedies, Sci-Fi & Fantasy",Movie,,,,,,no candidate
s755,A Private War,2018,"Dramas, Independent Movies",Movie,,,,,,no candidate
s756,Kitty Love: An Homage to Cats,2021,"Children & Family Movies, Documentaries, International Movies",Movie,,,,,,no candidate
s757,Small Chops,2020,"Dramas, International Movies, Romantic Movies",Movie,,,,,,no candidate
s758,Breaking Boundaries: The Science Of Our Planet,2021,Documentaries,Movie,189043,Boundaries (2018),100.0,0.0,0.0,genre conflict
s760,Fireplace 4K: Classic Crackling Fireplace from Fireplace for Your Home,2015,Movies,Movie,130520,Home (2015),100.0,0.0,,MovieLens title nested inside Netflix title (likely different film)
s761,Fireplace 4K: Crackling Birchwood from Fireplace for Your Home,2015,Movies,Movie,130520,Home (2015),100.0,0.0,,MovieLens title nested inside Netflix title (likely different film)
s763,Sweet & Sour,2021,"Comedies, International Movies, Romantic Movies",Movie,,,,,,no candidate
s765,Trippin' with the Kandasamys,2021,"Comedies, International Movies, Romantic Movies",Movie,,,,,,no candidate
s766,Xtreme,2021,"Action & Adventure, International Movies",Movie,,,,,,no candidate
s767,Alan Saldaña: Locked Up,2021,Stand-Up Comedy,Movie,,,,,,no candidate
s769,Dancing Queens,2021,"Comedies, Dramas, International Movies",Movie,,,,,,no candidate
s770,From Stress to Happiness,2020,"Documentaries, International Movies",Movie,,,,,,no candidate
s771,Myriam Fares: The Journey,2021,"Documentaries, International Movies, Music & Musicals",Movie,,,,,,no candidate
s774,The Girl and the Gun,2019,"Dramas, International Movies, Thrillers",Movie,,,,,,no candidate
s775,2 Hearts,2020,"Dramas, Faith & Spirituality, Romantic Movies",Movie,,,,,,no candidate
s776,A Perfect Ending,2012,"Dramas, Independent Movies, LGBTQ Movies",Movie,144714,The Perfect Guy (2015),77.8,77.8,0.5,"subset match, insufficient evidence (score 78, margin 0)"
s778,And Then Came Lola,2009,"Comedies, Independent Movies, LGBTQ Movies",Movie,,,,,,no candidate
s782,Black Holes | The Edge of All We Know,2021,Documentaries,Movie,,,,,,no candidate
s784,Carnaval,2021,"Comedies, International Movies, Music & Musicals",Movie,,,,,,no candidate
s787,Company of Heroes,2013,"Action & Adventure, Dramas",Movie,82534,"Company Men, The (2010)",77.8,0.0,0.33,"subset match, insufficient evidence (score 78, margin 78)"
s791,Dream/Killer,2015,Documentaries,Movie,,,,,,no candidate
s795,Gold Statue,2019,"Comedies, Dramas, International Movies",Movie,,,,,,no candidate
s797,Hostel: Part III,2011,"Cult Movies, Horror Movies",Movie,102686,"Hangover Part III, The (2013)",75.0,0.0,0.0,genre conflict
s801,Mosquita y Mari,2012,"Dramas, Independent Movies, LGBTQ Movies",Movie,,,,,,no candidate
s802,Never Back Down 2: The Beatdown,2011,"Action & Adventure, Dramas, Sports Movies",Movie,58627,Never Back Down (2008),100.0,0.0,0.33,MovieLens title nested inside Netflix title (likely different film)
s805,Population 436,2006,"Horror Movies, Thrillers",Movie,,,,,,no candidate
s807,Seven Souls in the Skull Castle: Season Moon Jogen,2017,"Action & Adventure, Dramas, International Movies",Movie,,,,,,no candidate
s808,Seven Souls in the Skull Castle: Season Moon Kagen,2017,"Action & Adventure, Dramas, International Movies",Movie,,,,,,no candidate
s809,Sniper: Legacy,2014,Action & Adventure,Movie,,,,,,no candidate
s811,Streets of Fire,1984,"Action & Adventure, Classic Movies, Cult Movies",Movie,,,,,,no candidate
s812,Super Monsters: Once Upon a Rhyme,2021,Children & Family Movies,Movie,,,,,,no candidate
s816,The Girl King,2015,"Dramas, International Movies, LGBTQ Movies",Movie,,,,,,no candidate
s822,The Wedding Guest,2018,"Dramas, Romantic Movies, Thrillers",Movie,,,,,,no candidate
s823,The Wind,2019,Horror Movies,Movie,175569,Wind River (2017),100.0,0.0,0.0,genre conflict
s824,Then Came You,2019,"Comedies, Dramas, Independent Movies",Movie,,,,,,no candidate
s825,Welcome Home,2018,Thrillers,Movie,130520,Home (2015),100.0,0.0,0.0,genre conflict
s827,Bo Burnham: Inside,2021,Stand-Up Comedy,Movie,,,,,,no candidate
s828,One Lagos Night,2021,"Comedies, International Movies",Movie,,,,,,no candidate
s829,Collateral Beauty,2016,Dramas,Movie,,,,,,no candidate
s830,Dog Gone Trouble,2021,"Children & Family Movies, Comedies",Movie,,,,,,no candidate
s835,Blue Miracle,2021,"Children & Family Movies, Dramas, Faith & Spirituality",Movie,,,,,,no candidate
s837,Ghost Lab,2021,"Horror Movies, International Movies, Thrillers",Movie,,,,,,no candidate
s839,Soy Rada: Serendipity,2021,Stand-Up Comedy,Movie,,,,,,no candidate
s840,The Day I lost My Shadow,2018,"Dramas, Independent Movies, International Movies",Movie,,,,,,no candidate
s841,Baggio: The Divine Ponytail,2021,"Dramas, International Movies, Sports Movies",Movie,,,,,,no candidate
s842,Gatao - The Last Stray,2021,"Action & Adventure, Dramas, International Movies",Movie,,,,,,no candidate
s845,Nail Bomber: Manhunt,2021,"Documentaries, International Movies",Movie,,,,,,no candidate
s846,A Place in the Stars,2014,"Dramas, International Movies, Thrillers",Movie,,,,,,no candidate
s847,Home,2015,"Children & Family Movies, Comedies, Sci-Fi & Fantasy",Movie,118880,"Girl Walks Home Alone at Night, A (2014)",100.0,100.0,0.0,genre conflict
s850,Sam Smith: Love Goes - Live at Abbey Road Studios,2020,"International Movies, Music & Musicals",Movie,,,,,,no candidate
s851,99 Songs,2021,"Dramas, International Movies, Music & Musicals",Movie,,,,,,no candidate
s852,99 Songs (Tamil),2021,"Dramas, International Movies, Music & Musicals",Movie,,,,,,no candidate
s853,99 Songs (Telugu),2021,"Dramas, International Movies, Music & Musicals",Movie,,,,,,no candidate
s854,Army of the Dead,2021,"Action & Adventure, Horror Movies",Movie,,,,,,no candidate
s855,Creating an Army of the Dead,2021,Documentaries,Movie,,,,,,no candidate
s857,Strain,2020,"Dramas, International Movies",Movie,,,,,,no candidate
s859,678,2009,"Dramas, Independent Movies, International Movies",Movie,,,,,,no candidate
s860,Asmaa,2011,"Dramas, International Movies",Movie,,,,,,no candidate
s861,Hating Peter Tatchell,2020,"Documentaries, International Movies, LGBTQ Movies",Movie,,,,,,no candidate
s862,Little Singham Future mein Satakli,2021,"Children & Family Movies, Comedies",Movie,,,,,,no candidate
s864,Spy Kids: All the Time in the World,2011,"Children & Family Movies, Comedies",Movie,90405,In Time (2011),100.0,88.9,0.0,genre conflict
s865,Taxi No. 9211,2006,"Dramas, International Movies, Thrillers",Movie,8912,Taxi (2004),100.0,80.0,0.0,genre conflict
s866,Sabotage,2014,"Action & Adventure, Dramas",Movie,,,,,,year mismatch on exact title
s867,Small Town Crime,2017,Thrillers,Movie,,,,,,no candidate
s868,The Last Days,1998,Documentaries,Movie,1836,"Last Days of Disco, The (1998)",100.0,100.0,0.0,genre conflict
s871,Amy Tan: Unintended Memoir,2021,Documentaries,Movie,,,,,,no candidate
s872,Sardar Ka Grandson,2021,"Comedies, Dramas, International Movies",Movie,,,,,,no candidate
s873,Sleight,2016,"Dramas, Independent Movies, Sci-Fi & Fantasy",Movie,142488,Spotlight (2015),75.0,0.0,0.0,genre conflict
s874,Ahaan,2021,"Dramas, Independent Movies, International Movies",Movie,,,,,,no candidate
s876,Love or Money,2020,"Dramas, International Movies, Romantic Movies",Movie,,,,,,no candidate
s878,Cinema Bandi,2021,"Comedies, Independent Movies, International Movies",Movie,,,,,,no candidate
s879,Ferry,2021,"Dramas, International Movies, Thrillers",Movie,,,,,,no candidate
s882,I Am All Girls,2021,"Dramas, International Movies, Thrillers",Movie,,,,,,no candidate
s883,Jungle Beat: The Movie,2021,"Children & Family Movies, Comedies",Movie,,,,,,no candidate
s886,Table Manners,2018,"Comedies, Dramas, International Movies",Movie,170401,Table 19 (2017),76.9,0.0,0.5,"subset match, insufficient evidence (score 77, margin 77)"
s888,The Strange House,2020,"Horror Movies, International Movies, Thrillers",Movie,174815,The House (2017),100.0,0.0,0.0,genre conflict
s889,The Upshaws - The Afterparty,2021,Comedies,Movie,,,,,,no candidate
s890,The Woman in the Window,2021,"Dramas, Thrillers",Movie,,,,,,no candidate
s893,Tottaa Pataaka Item Maal,2018,"Dramas, Independent Movies, International Movies",Movie,,,,,,no candidate
s894,Wave of Cinema: Filosofi Kopi,2020,"Documentaries, International Movies, Music & Musicals",Movie,,,,,,no candidate
s895,Dance of the Forty One,2021,"Dramas, Independent Movies, International Movies",Movie,,,,,,no candidate
s896,Oxygen,2021,"Dramas, International Movies, Thrillers",Movie,,,,,,year mismatch on exact title
s899,Dear Affy,2020,"Comedies, Dramas, International Movies",Movie,,,,,,no candidate
s900,Illegal Woman,2020,"Dramas, International Movies",Movie,,,,,,no candidate
s902,Deadly Switch,2019,"Independent Movies, Thrillers",Movie,,,,,,no candidate
s904,Nayattu,2021,"Dramas, International Movies, Thrillers",Movie,,,,,,no candidate
s905,Sleepless,2017,Action & Adventure,Movie,,,,,,no candidate
s906,Super Me,2021,"Action & Adventure, Dramas, International Movies",Movie,,,,,,no candidate
s907,Have You Ever Seen Fireflies? - Theatre Play,1999,"Dramas, International Movies",Movie,,,,,,no candidate
s908,In Our Mothers' Gardens,2020,Documentaries,Movie,,,,,,no candidate
s910,Milestone,2021,"Dramas, Independent Movies, International Movies",Movie,,,,,,no candidate
s911,Monster,2021,Dramas,Movie,,,,,,year mismatch on exact title
s913,The Circle - The Afterparty,2021,Comedies,Movie,,,,,,no candidate
s914,Time to Dance,2020,"Dramas, International Movies, Romantic Movies",Movie,,,,,,no candidate
s915,Unrest,2017,Documentaries,Movie,,,,,,no candidate
s916,And Tomorrow the Entire World,2020,"Dramas, International Movies, Thrillers",Movie,,,,,,no candidate
s917,Dead Man Down,2013,Action & Adventure,Movie,,,,,,no candidate
s918,Framing John DeLorean,2019,"Documentaries, Dramas",Movie,,,,,,no candidate
s923,The Clovehitch Killer,2018,"Dramas, Independent Movies, Thrillers",Movie,,,,,,no candidate
s925,Aliens Stole My Body,2020,"Children & Family Movies, Comedies",Movie,,,,,,no candidate
s927,Au coeur des gangs,2006,"Action & Adventure, Dramas",Movie,,,,,,no candidate
s930,Dead Again in Tombstone,2017,"Action & Adventure, Horror Movies",Movie,,,,,,no candidate
s935,JT LeRoy,2018,"Dramas, Independent Movies",Movie,,,,,,no candidate
s938,Motu Patlu in Dragon's World,2017,"Children & Family Movies, Comedies",Movie,160573,Pete's Dragon (2016),76.2,0.0,0.33,"subset match, insufficient evidence (score 76, margin 76)"
s939,Motu Patlu in the Game of Zones,2019,"Children & Family Movies, Comedies, Music & Musicals",Movie,,,,,,no candidate
s940,Motu Patlu in Wonderland,2013,"Children & Family Movies, Music & Musicals",Movie,74789,Alice in Wonderland (2010),81.2,0.0,0.0,genre conflict
s941,Motu Patlu: Deep Sea Adventure,2014,"Children & Family Movies, Comedies",Movie,,,,,,no candidate
s942,Motu Patlu: Mission Moon,2013,"Children & Family Movies, Comedies",Movie,,,,,,no candidate
s945,S.M.A.R.T Chase,2018,Action & Adventure,Movie,,,,,,no candidate
s946,Sitting in Limbo,2020,"Dramas, International Movies",Movie,,,,,,no candidate
s949,Swiped,2018,Comedies,Movie,,,,,,no candidate
s953,The Whole Nine Yards,2000,"Action & Adventure, Comedies",Movie,2769,"Yards, The (2000)",100.0,100.0,0.0,genre conflict
s954,The Whole Truth,2016,"Dramas, Thrillers",Movie,148482,Truth (2015),100.0,0.0,0.5,MovieLens title nested inside Netflix title (likely different film)
s955,The Yeti Adventures,2018,"Children & Family Movies, Comedies",Movie,147250,The Adventures of Sherlock Holmes and Doctor Watson,80.0,0.0,,"subset match, insufficient evidence (score 80, margin 80)"
s956,Under Siege,1992,Action & Adventure,Movie,204,Under Siege 2: Dark Territory (1995),100.0,100.0,0.5,"subset match, insufficient evidence (score 100, margin 0)"
s959,Seven,2019,"Dramas, International Movies",Movie,162350,The Magnificent Seven (2016),100.0,100.0,0.0,genre conflict
s960,The Disciple,2021,"Dramas, Independent Movies, International Movies",Movie,,,,,,no candidate
s962,The Mitchells vs. The Machines,2021,"Children & Family Movies, Comedies",Movie,,,,,,no candidate
s963,The Strangers: Prey at Night,2018,Horror Movies,Movie,,,,,,no candidate
s965,Things Heard & Seen,2021,"Horror Movies, Thrillers",Movie,,,,,,no candidate
s967,Get the Grift,2021,"Comedies, International Movies",Movie,,,,,,no candidate
s970,August: Osage County,2014,Dramas,Movie,,,,,,no candidate
s972,Between Worlds,2018,Thrillers,Movie,,,,,,no candidate
s974,One,2020,"Dramas, International Movies",Movie,140956,Ready Player One,100.0,0.0,0.0,genre conflict
s975,Ram Prasad Ki Tehrvi,2019,"Dramas, Independent Movies, International Movies",Movie,,,,,,no candidate
s976,Shadow and Bone - The Afterparty,2021,"Action & Adventure, Comedies, Dramas",Movie,,,,,,no candidate
s977,Among Family,2017,"Comedies, International Movies",Movie,,,,,,no candidate
s978,Dedemin Fisi,2016,"Comedies, International Movies",Movie,,,,,,no candidate
s979,Deliha,2014,"Comedies, International Movies, Romantic Movies",Movie,,,,,,no candidate
s980,Düğün Dernek,2013,"Comedies, International Movies",Movie,,,,,,no candidate
s981,Dügün Dernek 2: Sünnet,2015,"Comedies, International Movies",Movie,,,,,,no candidate
s982,G.O.R.A,2004,"Action & Adventure, Comedies, International Movies",Movie,4745,O (2001),100.0,0.0,0.0,genre conflict
s983,Hayat Öpücügü,2015,"Comedies, Dramas, International Movies",Movie,,,,,,no candidate
s984,Heroes: Silence and Rock & Roll,2021,"Documentaries, International Movies, Music & Musicals",Movie,,,,,,no candidate
s985,Kara Bela,2015,"Comedies, International Movies",Movie,107945,Bad Karma (2012),77.8,0.0,,score 78 < 90
s986,Kocan Kadar Konus,2015,"Comedies, International Movies, Romantic Movies",Movie,,,,,,no candidate
s987,Kocan Kadar Konus 2: Dirilis,2016,"Comedies, International Movies, Romantic Movies",Movie,,,,,,no candidate
s988,Legal Hash,2019,"Comedies, International Movies",Movie,,,,,,no candidate
s990,My Travel Buddy,2017,"Comedies, International Movies",Movie,,,,,,no candidate
s991,Niyazi Gül Dörtnala,2015,"Comedies, International Movies",Movie,,,,,,no candidate
s992,One Like It,2020,"Dramas, Independent Movies, International Movies",Movie,175303,It (2017),100.0,0.0,0.0,genre conflict
s993,Perfume Imaginary Museum “Time Warp”,2020,"International Movies, Music & Musicals",Movie,,,,,,no candidate
s995,This Lady Called Life,2020,"Dramas, International Movies, Romantic Movies",Movie,,,,,,no candidate
s996,Vizontele,2001,"Comedies, Dramas, International Movies",Movie,,,,,,no candidate
s997,HOMUNCULUS,2021,"Horror Movies, International Movies, Thrillers",Movie,,,,,,no candidate
s999,Searching For Sheela,2021,"Documentaries, International Movies",Movie,,,,,,no candidate
s1000,Stowaway,2021,"Dramas, International Movies, Thrillers",Movie,,,,,,no candidate
s1001,Wild Dog,2020,"Action & Adventure, International Movies",Movie,,,,,,no candidate
s1002,Oloibiri,2015,"Dramas, International Movies, Thrillers",Movie,,,,,,no candidate
s1003,Tell Me When,2021,"Comedies, International Movies",Movie,,,,,,no candidate
s1006,Keymon and Nani in Space Adventure,2013,"Children & Family Movies, Comedies",Movie,,,,,,no candidate
s1007,Motu Patlu Dino Invasion,2018,"Children & Family Movies, Comedies",Movie,,,,,,no candidate
s1008,Motu Patlu in Octupus World,2017,"Children & Family Movies, Comedies",Movie,,,,,,no candidate
s1009,Motu Patlu VS Robo Kids,2019,Children & Family Movies,Movie,,,,,,no candidate
s1010,Rudra: Secret of the Black Moon,2020,Children & Family Movies,Movie,,,,,,no candidate
s1011,Rudra: The Rise of King Pharaoh,2019,Children & Family Movies,Movie,,,,,,no candidate
s1018,Dhobi Ghat (Mumbai Diaries),2010,"Dramas, International Movies",Movie,,,,,,no candidate
s1019,Jaane Tu... Ya Jaane Na,2008,"Comedies, International Movies, Music & Musicals",Movie,,,,,,no candidate
s1021,Madness in the Desert,2004,"Documentaries, International Movies",Movie,6885,In the Cut (2003),75.0,0.0,0.0,genre conflict
s1022,Peepli Live,2010,"Comedies, Dramas, Independent Movies",Movie,,,,,,no candidate
s1024,Ajeeb Daastaans,2021,"Dramas, Independent Movies, International Movies",Movie,,,,,,no candidate
s1025,Arlo the Alligator Boy,2021,"Children & Family Movies, Comedies, Music & Musicals",Movie,,,,,,no candidate
s1027,Barbie & Chelsea: The Lost Birthday,2021,Children & Family Movies,Movie,,,,,,no candidate
s1029,Dad Stop Embarrassing Me - The Afterparty,2021,Comedies,Movie,,,,,,no candidate
s1030,Doctor Bello,2013,"Dramas, International Movies",Movie,,,,,,no candidate
s1031,Four Sisters Before the Wedding,2020,"Children & Family Movies, Comedies, Dramas",Movie,,,,,,no candidate
s1032,Into the Beat,2020,"Dramas, International Movies, Romantic Movies",Movie,,,,,,no candidate
s1035,Synchronic,2020,Thrillers,Movie,,,,,,no candidate
s1036,The Zookeeper's Wife,2017,Dramas,Movie,,,,,,no candidate
s1037,Time Trap,2017,"Action & Adventure, Sci-Fi & Fantasy",Movie,,,,,,no candidate
s1038,Tuesdays & Fridays,2021,"Comedies, Dramas, International Movies",Movie,,,,,,no candidate
s1040,Dark City Beneath the Beat,2020,"Documentaries, Music & Musicals",Movie,,,,,,no candidate
s1042,GANTZ:O,2016,"Action & Adventure, Anime Features, Horror Movies",Movie,,,,,,no candidate
s1047,Only Mine,2019,Thrillers,Movie,,,,,,no candidate
s1051,Ride or Die,2021,"Dramas, International Movies, LGBTQ Movies",Movie,,,,,,no candidate
s1054,Time Is Illmatic,2014,"Documentaries, Music & Musicals",Movie,,,,,,no candidate
s1055,Wave of Cinema: One Day We'll Talk About Today,2020,"Documentaries, International Movies, Music & Musicals",Movie,,,,,,no candidate
s1056,Zoot Suit,1981,"Cult Movies, Dramas, Music & Musicals",Movie,,,,,,no candidate
s1067,The Soul,2021,"Dramas, International Movies, Thrillers",Movie,,,,,,no candidate
s1070,Uppena,2020,"Dramas, International Movies, Romantic Movies",Movie,,,,,,no candidate
s1071,Why Did You Kill Me?,2021,Documentaries,Movie,,,,,,no candidate
s1072,Motu Patlu in Hong Kong: Kung Fu Kings 3,2017,"Children & Family Movies, Music & Musicals",Movie,149406,Kung Fu Panda 3 (2016),75.0,0.0,0.0,genre conflict
s1073,Motu Patlu in the City of Gold,2018,"Children & Family Movies, Comedies, Music & Musicals",Movie,,,,,,no candidate
s1074,Motu Patlu Kung Fu Kings 4 The Challenge of Kung Fu Brothers,2018,"Children & Family Movies, Music & Musicals",Movie,,,,,,no candidate
s1075,Motu Patlu the Superheroes – Super Villains from Mars,2019,Children & Family Movies,Movie,,,,,,no candidate
s1077,Shiva VS Autobots,2018,Children & Family Movies,Movie,,,,,,no candidate
s1078,Shiva: Journey to Plunotaria,2019,Children & Family Movies,Movie,,,,,,no candidate
s1079,Shiva: The Secret World Of Vedas City,2017,Children & Family Movies,Movie,,,,,,no candidate
s1081,New Gods: Nezha Reborn,2021,"Action & Adventure, Anime Features, International Movies",Movie,,,,,,no candidate
s1084,The Stand-In,2020,Comedies,Movie,175577,Rory Scovel Tries Stand-Up for the First Time (2017),76.9,0.0,,"subset match, insufficient evidence (score 77, margin 77)"
s1086,Night in Paradise,2021,"Dramas, International Movies",Movie,,,,,,no candidate
s1087,Ojukokoro: Greed,2016,"Dramas, International Movies, Thrillers",Movie,,,,,,no candidate
s1088,Roohi,2021,"Comedies, Horror Movies, International Movies",Movie,,,,,,no candidate
s1089,Thunder Force,2021,"Action & Adventure, Comedies",Movie,,,,,,no candidate
s1090,Two Distant Strangers,2021,Dramas,Movie,,,,,,no candidate
s1091,Story of Kale: When Someone's in Love,2020,"Dramas, International Movies, Romantic Movies",Movie,,,,,,no candidate
s1093,Dolly Parton: A MusiCares Tribute,2021,"Documentaries, Music & Musicals",Movie,,,,,,no candidate
s1097,The Last Kids on Earth: Happy Apocalypse to You,2021,"Children & Family Movies, Comedies",Movie,,,,,,no candidate
s1098,Coded Bias,2020,Documentaries,Movie,,,,,,no candidate
s1099,Mandela,2021,"Comedies, Dramas, International Movies",Movie,,,,,,no candidate
s1100,The Fisherman's Diary,2020,"Dramas, International Movies",Movie,,,,,,no candidate
s1101,What Lies Below,2020,"Horror Movies, Thrillers",Movie,,,,,,no candidate
s1104,Air Strike,2018,"Action & Adventure, Dramas, International Movies",Movie,,,,,,no candidate
s1105,An American Girl: McKenna Shoots for the Stars,2012,"Children & Family Movies, Comedies, Dramas",Movie,80126,"American, The (2010)",100.0,0.0,0.33,MovieLens title nested inside Netflix title (likely different film)
s1106,Concrete Cowboy,2021,"Dramas, Independent Movies",Movie,,,,,,no candidate
s1107,Cross: Rise of the Villains,2019,Action & Adventure,Movie,,,,,,no candidate
s1108,God Calling,2018,"Dramas, Faith & Spirituality, International Movies",Movie,,,,,,no candidate
s1109,Irul,2021,"International Movies, Thrillers",Movie,,,,,,no candidate
s1110,Just Say Yes,2021,"Comedies, International Movies, Romantic Movies",Movie,,,,,,no candidate
s1111,Madame Claude,2021,"Dramas, International Movies",Movie,,,,,,no candidate
s1112,Wild Child,2008,"Comedies, Romantic Movies",Movie,45074,"Wild, The (2006)",100.0,100.0,0.0,genre conflict
s1113,Woody Woodpecker,2017,"Children & Family Movies, Comedies",Movie,,,,,,no candidate
s1116,Ferrari Ki Sawaari,2012,"Comedies, International Movies, Sports Movies",Movie,,,,,,no candidate
s1118,Ibrahim a Fate to Define,2019,"Documentaries, International Movies",Movie,,,,,,no candidate
s1119,Insidious,2010,"Horror Movies, Thrillers",Movie,104908,Insidious: Chapter 2 (2013),100.0,100.0,1.0,"subset match, insufficient evidence (score 100, margin 0)"
s1123,Madam Chief Minister,2020,"Dramas, International Movies",Movie,,,,,,no candidate
s1129,S.W.A.T.: Under Siege,2017,"Action & Adventure, International Movies",Movie,,,,,,no candidate
s1131,Seven Souls in the Skull Castle: Season Bird,2017,"Action & Adventure, Dramas, International Movies",Movie,,,,,,no candidate
s1132,Seven Souls in the Skull Castle: Season Flower,2017,"Action & Adventure, Dramas, International Movies",Movie,,,,,,no candidate
s1133,Seven Souls in the Skull Castle: Season Wind,2017,"Action & Adventure, Dramas, International Movies",Movie,,,,,,no candidate
s1134,Sniper: Ghost Shooter,2016,Action & Adventure,Movie,,,,,,no candidate
s1135,Starship Troopers: Traitor of Mars,2017,"Action & Adventure, Sci-Fi & Fantasy",Movie,,,,,,no candidate
s1137,Tersanjung the Movie,2021,"Dramas, International Movies, Romantic Movies",Movie,,,,,,no candidate
s1138,The Knight and the Princess,2019,"Action & Adventure, International Movies, Music & Musicals",Movie,,,,,,no candidate
s1140,The Stepfather,2009,"Horror Movies, Thrillers",Movie,,,,,,year mismatch on exact title
s1141,Universal Soldier: The Return,1999,Action & Adventure,Movie,2322,Soldier (1998),100.0,100.0,0.25,MovieLens title nested inside Netflix title (likely different film)
s1142,Wazir,2016,"Dramas, International Movies, Thrillers",Movie,,,,,,no candidate
s1143,White Boy,2017,Documentaries,Movie,,,,,,no candidate
s1145,Yes Man,2008,"Comedies, Romantic Movies",Movie,37477,"Man, The (2005)",100.0,100.0,0.0,genre conflict
s1146,At Eternity's Gate,2018,Dramas,Movie,,,,,,no candidate
s1148,Not a Game,2020,"Documentaries, International Movies, Sports Movies",Movie,,,,,,no candidate
s1151,7 Yards: The Chris Norton Story,2021,Documentaries,Movie,,,,,,no candidate
s1152,Octonauts & the Ring of Fire,2021,Children & Family Movies,Movie,,,,,,no candidate
s1156,Marked,2021,"Documentaries, International Movies",Movie,,,,,,no candidate
s1157,A Week Away,2021,"Children & Family Movies, Faith & Spirituality, Music & Musicals",Movie,,,,,,no candidate
s1158,Bad Trip,2021,Comedies,Movie,,,,,,no candidate
s1160,Black Is Beltza,2018,"Dramas, International Movies",Movie,,,,,,no candidate
s1162,Elizabeth and Margaret: Love and Loyalty,2020,Documentaries,Movie,,,,,,no candidate
s1163,Keeping the Bees,2020,"Dramas, International Movies",Movie,,,,,,no candidate
s1165,Ni de coña,2020,"Comedies, International Movies",Movie,,,,,,no candidate
s1166,Pagglait,2021,"Comedies, Dramas, International Movies",Movie,,,,,,no candidate
s1168,Caught by a Wave,2021,"Dramas, International Movies, Romantic Movies",Movie,,,,,,no candidate
s1171,Secret Magic Control Agency,2021,"Children & Family Movies, Comedies",Movie,,,,,,no candidate
s1172,Seaspiracy,2021,Documentaries,Movie,,,,,,no candidate
s1173,Loyiso Gola: Unlearning,2021,Stand-Up Comedy,Movie,,,,,,no candidate
s1177,Any Crybabies Around?,2020,"Dramas, International Movies",Movie,,,,,,no candidate
s1178,Hospital,2020,"Horror Movies, International Movies",Movie,,,,,,no candidate
s1179,Jiu Jitsu,2020,Action & Adventure,Movie,,,,,,no candidate
s1184,Reframe THEATER EXPERIENCE with you,2020,"International Movies, Music & Musicals",Movie,,,,,,no candidate
s1185,The Yin Yang Master,2021,"Action & Adventure, International Movies",Movie,,,,,,no candidate
s1186,Who's the Boss,2020,"Comedies, International Movies, Romantic Movies",Movie,,,,,,no candidate
s1188,Deadly Illusions,2021,Thrillers,Movie,,,,,,no candidate
s1189,Get the Goat,2021,"Action & Adventure, Comedies, International Movies",Movie,,,,,,no candidate
s1190,Nate Bargatze: The Greatest Average American,2021,Stand-Up Comedy,Movie,,,,,,no candidate
s1191,Skylines,2020,Action & Adventure,Movie,,,,,,no candidate
s1192,The Fluffy Movie,2014,Stand-Up Comedy,Movie,100083,Movie 43 (2013),76.9,0.0,1.0,"subset match, insufficient evidence (score 77, margin 77)"
s1193,The Present,2020,"Dramas, International Movies",Movie,,,,,,no candidate
s1194,Wave of Cinema: 90's Generation,2020,"Documentaries, International Movies, Music & Musicals",Movie,,,,,,no candidate
s1195,Catch.er,2017,"Dramas, International Movies, Thrillers",Movie,,,,,,no candidate
s1196,Operation Varsity Blues: The College Admissions Scandal,2021,Documentaries,Movie,,,,,,no candidate
s1199,RebellComedy: Straight Outta the Zoo,2021,Stand-Up Comedy,Movie,,,,,,no candidate
s1203,C/O Kaadhal,2021,"Dramas, International Movies, Romantic Movies",Movie,,,,,,no candidate
s1205,The Last Blockbuster,2020,Documentaries,Movie,,,,,,no candidate
s1208,Audrey,2020,Documentaries,Movie,,,,,,no candidate
s1209,Çarsi Pazar,2015,"Comedies, International Movies",Movie,,,,,,no candidate
s1210,Just In Time,2020,"Comedies, Dramas, International Movies",Movie,,,,,,no candidate
s1212,Mucize,2015,"Dramas, International Movies",Movie,,,,,,no candidate
s1213,Paper Lives,2021,"Dramas, International Movies",Movie,,,,,,no candidate
s1216,Romantik Komedi,2010,"Comedies, International Movies, Romantic Movies",Movie,,,,,,no candidate
s1217,Romantik Komedi 2: Bekarlığa Veda,2013,"Comedies, International Movies, Romantic Movies",Movie,,,,,,no candidate
s1219,YES DAY,2021,"Children & Family Movies, Comedies",Movie,,,,,,no candidate
s1220,You're Everything To Me,2016,"Comedies, Dramas, Independent Movies",Movie,,,,,,no candidate
s1221,Coven of Sisters,2021,"Dramas, Independent Movies, International Movies",Movie,,,,,,no candidate
s1222,Generasi 90an: Melankolia,2020,"Dramas, International Movies",Movie,,,,,,no candidate
s1223,The Block Island Sound,2020,"Horror Movies, Independent Movies",Movie,,,,,,no candidate
s1229,Bombay Rose,2021,"Dramas, Independent Movies, International Movies",Movie,,,,,,no candidate
s1231,Aelay,2021,"Comedies, Dramas, Independent Movies",Movie,,,,,,no candidate
s1233,Dogwashers,2021,"Comedies, Dramas, International Movies",Movie,,,,,,no candidate
s1234,Fate of Alakada,2020,"Comedies, International Movies",Movie,,,,,,no candidate
s1237,Sentinelle,2021,"Action & Adventure, Dramas, International Movies",Movie,,,,,,no candidate
s1238,Mariposa,2020,"Comedies, International Movies, Romantic Movies",Movie,,,,,,no candidate
s1240,Parker,2013,Action & Adventure,Movie,,,,,,no candidate
s1241,Safe Haven,2013,"Dramas, Romantic Movies",Movie,94405,Safe (2012),100.0,100.0,0.0,genre conflict
s1242,Moxie,2021,"Comedies, Dramas, Music & Musicals",Movie,,,,,,no candidate
s1244,Black or White,2014,Dramas,Movie,174053,Black Mirror: White Christmas (2014),88.0,0.0,0.2,"subset match, insufficient evidence (score 88, margin 88)"
s1245,Indoo Ki Jawani,2020,"Action & Adventure, Comedies, International Movies",Movie,,,,,,no candidate
s1248,Banyuki,2009,"Action & Adventure, Dramas, International Movies",Movie,,,,,,no candidate
s1249,Biggie: I Got a Story to Tell,2021,"Documentaries, Music & Musicals",Movie,,,,,,no candidate
s1250,Blanche Gardin: The All-Nighter,2021,Stand-Up Comedy,Movie,,,,,,no candidate
s1251,Connected,2021,"Documentaries, International Movies, Music & Musicals",Movie,,,,,,no candidate
s1253,How to Be Really Bad,2018,"Comedies, International Movies",Movie,,,,,,no candidate
s1254,LEGO Marvel Spider-Man: Vexed by Venom,2019,"Children & Family Movies, Comedies",Movie,,,,,,no candidate
s1256,Seven Souls in the Skull Castle 2011,2011,"Action & Adventure, Dramas, International Movies",Movie,,,,,,no candidate
s1259,Bigfoot Family,2021,"Children & Family Movies, Comedies",Movie,,,,,,no candidate
s1261,Crazy About Her,2021,"Comedies, International Movies, Romantic Movies",Movie,,,,,,no candidate
s1262,Fuga,2006,"Dramas, Independent Movies, International Movies",Movie,,,,,,no candidate
s1263,Ginny & Georgia - The Afterparty,2021,"Comedies, Dramas",Movie,,,,,,no candidate
s1264,No Escape,2015,Action & Adventure,Movie,105653,Escape Plan (2013),80.0,80.0,0.25,score 80 < 90
s1266,The Girl on the Train,2021,"International Movies, Thrillers",Movie,,,,,,year mismatch on exact title
s1267,Tony Manero,2008,"Dramas, Independent Movies, International Movies",Movie,,,,,,no candidate
s1270,Geez & Ann,2021,"Dramas, International Movies, Romantic Movies",Movie,,,,,,no candidate
s1274,"Blue, Painful, Fragile",2020,"International Movies, Thrillers",Movie,,,,,,no candidate
s1277,M8 - When Death Rescues Life,2019,"Dramas, International Movies",Movie,,,,,,no candidate
s1279,Brian Regan: On the Rocks,2021,Stand-Up Comedy,Movie,,,,,,no candidate
s1280,Made You Look: A True Story About Fake Art,2020,"Documentaries, International Movies",Movie,,,,,,no candidate
s1281,Pelé,2021,"Documentaries, International Movies, Sports Movies",Movie,,,,,,no candidate
s1282,Red,2021,"Dramas, International Movies",Movie,,,,,,year mismatch on exact title
s1285,The Conjuring 2,2016,Horror Movies,Movie,103688,"Conjuring, The (2013)",100.0,100.0,0.5,MovieLens title nested inside Netflix title (likely different film)
s1287,Classmates Minus,2020,"Comedies, Dramas, Independent Movies",Movie,,,,,,no candidate
s1288,Fate: The Winx Saga - The Afterparty,2021,"Comedies, Dramas",Movie,,,,,,no candidate
s1289,Operation Finale,2018,"Dramas, Thrillers",Movie,,,,,,no candidate
s1290,Wave of Cinema: Surat dari Timur,2020,"Documentaries, International Movies, Music & Musicals",Movie,,,,,,no candidate
s1291,I Care a Lot,2021,"Comedies, LGBTQ Movies, Thrillers",Movie,,,,,,no candidate
s1293,Perú: Tesoro escondido,2017,"Documentaries, International Movies",Movie,,,,,,no candidate
s1296,Eeb Allay Ooo!,2019,"Comedies, Dramas, Independent Movies",Movie,,,,,,no candidate
s1298,No Escape Room,2018,Horror Movies,Movie,140174,Room (2015),100.0,0.0,0.0,genre conflict
s1304,The Most Unknown,2018,Documentaries,Movie,,,,,,no candidate
s1305,Animals on the Loose: A You vs. Wild Movie,2021,Children & Family Movies,Movie,,,,,,no candidate
s1306,Awara Paagal Deewana,2002,"Action & Adventure, Comedies, Dramas",Movie,,,,,,no candidate
s1308,The Resurrection of Gavin Stone,2017,"Children & Family Movies, Comedies, Dramas",Movie,,,,,,no candidate
s1310,"My Teacher, My Obsession",2018,Thrillers,Movie,,,,,,no candidate
s1312,Namaste Wahala,2021,"Comedies, Dramas, International Movies",Movie,,,,,,no candidate
s1313,Monsoon,2020,"Dramas, Independent Movies, LGBTQ Movies",Movie,,,,,,no candidate
s1316,Hate by Dani Rovira,2021,Stand-Up Comedy,Movie,,,,,,no candidate
s1317,Mundina Nildana,2019,"Dramas, International Movies, Romantic Movies",Movie,,,,,,no candidate
s1319,To All The Boys: Always And Forever,2021,"Comedies, Romantic Movies",Movie,,,,,,no candidate
s1320,Xico's Journey,2021,Children & Family Movies,Movie,,,,,,no candidate
s1323,Growing up and other problems,2018,"Comedies, Dramas, International Movies",Movie,,,,,,no candidate
s1324,Layla Majnun,2020,"Dramas, International Movies, Romantic Movies",Movie,,,,,,no candidate
s1325,Middle of Nowhere,2012,"Dramas, Independent Movies, Romantic Movies",Movie,80727,Middle Men (2009),75.0,0.0,0.25,"subset match, insufficient evidence (score 75, margin 75)"
s1326,Red Dot,2021,"International Movies, Thrillers",Movie,,,,,,no candidate
s1327,Squared Love,2021,"Comedies, International Movies, Romantic Movies",Movie,,,,,,no candidate
s1328,This Is the Life,2008,"Documentaries, Music & Musicals",Movie,,,,,,no candidate
s1330,The Misadventures of Hedi and Cokeman,2021,"Comedies, International Movies",Movie,,,,,,no candidate
s1331,The World We Make,2019,"Dramas, Romantic Movies",Movie,,,,,,no candidate
s1335,Monster Run,2020,"Action & Adventure, International Movies",Movie,,,,,,no candidate
s1337,Blanche Gardin: I talk to myself,2017,Stand-Up Comedy,Movie,,,,,,no candidate
s1338,Doob: No Bed of Roses,2017,"Dramas, Independent Movies, International Movies",Movie,,,,,,no candidate
s1341,Little Big Women,2020,"Dramas, International Movies",Movie,,,,,,no candidate
s1342,Malcolm & Marie,2021,"Dramas, Independent Movies",Movie,,,,,,no candidate
s1343,Space Sweepers,2021,"Action & Adventure, Dramas, International Movies",Movie,,,,,,no candidate
s1344,"Strip Down, Rise Up",2021,Documentaries,Movie,,,,,,no candidate
s1345,The Last Paradiso,2020,"Dramas, International Movies, Romantic Movies",Movie,,,,,,no candidate
s1346,The Yin-Yang Master: Dream Of Eternity,2021,"Action & Adventure, International Movies",Movie,,,,,,no candidate
s1347,All My Friends Are Dead,2020,"Comedies, Dramas, International Movies",Movie,,,,,,no candidate
s1348,Black Beach,2020,"Action & Adventure, International Movies",Movie,,,,,,no candidate
s1352,"Our Lady of San Juan, Four Centuries of Miracles",2020,"Dramas, Faith & Spirituality, International Movies",Movie,,,,,,no candidate
s1358,Rocks,2019,Dramas,Movie,,,,,,no candidate
s1367,Fatima,2020,"Dramas, Faith & Spirituality",Movie,,,,,,no candidate
s1368,Hell Fest,2018,Horror Movies,Movie,,,,,,no candidate
s1369,Below Zero,2021,"Action & Adventure, International Movies",Movie,,,,,,no candidate
s1370,Finding ‘Ohana,2021,"Children & Family Movies, Comedies",Movie,,,,,,no candidate
s1371,The Dig,2021,"Dramas, International Movies",Movie,,,,,,year mismatch on exact title
s1373,June & Kopi,2021,"Children & Family Movies, Dramas, International Movies",Movie,,,,,,no candidate
s1375,Accomplice,2021,"Documentaries, International Movies, Sports Movies",Movie,,,,,,no candidate
s1377,Kilometers and Kilometers,2020,"Comedies, Dramas, Independent Movies",Movie,,,,,,no candidate
s1379,Penguin Bloom,2021,"Children & Family Movies, Dramas",Movie,,,,,,no candidate
s1380,Black Rose,2018,"Dramas, International Movies",Movie,118706,Black Sea (2015),84.2,0.0,0.0,genre conflict
s1382,Hire a Woman,2019,"Comedies, International Movies, Romantic Movies",Movie,,,,,,no candidate
s1383,She Is,2019,"Dramas, International Movies, Romantic Movies",Movie,,,,,,no candidate
s1387,So My Grandma’s a Lesbian!,2020,"Comedies, International Movies, LGBTQ Movies",Movie,,,,,,no candidate
s1388,The Next Three Days,2010,"Dramas, Thrillers",Movie,51412,Next (2007),100.0,100.0,0.25,MovieLens title nested inside Netflix title (likely different film)
s1389,The White Tiger,2021,Dramas,Movie,,,,,,no candidate
s1390,Friendsgiving,2020,Comedies,Movie,,,,,,no candidate
s1391,The Shadow of Violence,2020,Dramas,Movie,,,,,,no candidate
s1392,Cut Throat City,2020,Dramas,Movie,,,,,,no candidate
s1394,Sightless,2020,Thrillers,Movie,,,,,,no candidate
s1398,A Monster Calls,2016,"Dramas, Sci-Fi & Fantasy",Movie,,,,,,no candidate
s1399,Death of Me,2020,Horror Movies,Movie,179119,The Death of Stalin (2017),84.2,84.2,0.0,genre conflict
s1400,Radium Girls,2018,"Dramas, Independent Movies",Movie,,,,,,no candidate
s1404,Double Dad,2020,"Children & Family Movies, Comedies, Dramas",Movie,176329,Ari Shaffir: Double Negative (2017),75.0,0.0,0.0,genre conflict
s1406,Outside the Wire,2021,Action & Adventure,Movie,,,,,,no candidate
s1407,Penguins of Madagascar: The Movie,2014,"Children & Family Movies, Comedies",Movie,117851,Penguins of Madagascar (2014),100.0,76.9,0.25,MovieLens title nested inside Netflix title (likely different film)
s1408,Pinkfong & Baby Shark's Space Adventure,2019,Children & Family Movies,Movie,,,,,,no candidate
s1410,The Vanished,2020,Thrillers,Movie,,,,,,no candidate
s1411,Tribhanga - Tedhi Medhi Crazy,2021,"Dramas, International Movies",Movie,,,,,,no candidate
s1412,What Would Sophia Loren Do?,2021,Documentaries,Movie,,,,,,no candidate
s1413,Wish You,2021,"Dramas, International Movies, LGBTQ Movies",Movie,,,,,,no candidate
s1414,Tanda Tanya,2011,"Dramas, International Movies",Movie,,,,,,no candidate
s1415,The Heartbreak Club,2020,"Comedies, Dramas, International Movies",Movie,,,,,,no candidate
s1416,An Imperfect Murder,2017,"Dramas, Thrillers",Movie,,,,,,no candidate
s1418,Al acecho,2019,"International Movies, Thrillers",Movie,,,,,,no candidate
s1419,Chris Rock Total Blackout: The Tamborine Extended Cut,2021,Stand-Up Comedy,Movie,,,,,,no candidate
s1421,"Crack: Cocaine, Corruption & Conspiracy",2021,Documentaries,Movie,,,,,,no candidate
s1423,Apaharan,2005,"Dramas, International Movies",Movie,,,,,,no candidate
s1424,BluffMaster!,2005,"Comedies, International Movies, Romantic Movies",Movie,,,,,,no candidate
s1425,Charming,2021,"Children & Family Movies, Comedies",Movie,,,,,,no candidate
s1426,Creating The Queen's Gambit,2021,Documentaries,Movie,,,,,,no candidate
s1427,Gangaajal,2003,"Dramas, International Movies",Movie,,,,,,no candidate
s1429,Is Love Enough? Sir,2018,"Dramas, Independent Movies, International Movies",Movie,140162,Love (2015),100.0,0.0,0.5,MovieLens title nested inside Netflix title (likely different film)
s1432,Stuck Apart,2021,"Comedies, Dramas, International Movies",Movie,,,,,,no candidate
s1434,100% Halal,2020,"Dramas, International Movies",Movie,,,,,,no candidate
s1435,Leap!,2016,"Children & Family Movies, Comedies",Movie,,,,,,no candidate
s1436,Pieces of a Woman,2020,Dramas,Movie,,,,,,no candidate
s1437,Ratones Paranoicos: The Band that Rocked Argentina,2021,"Documentaries, International Movies, Music & Musicals",Movie,,,,,,no candidate
s1439,Tony Parker: The Final Shot,2020,"Documentaries, International Movies, Sports Movies",Movie,,,,,,no candidate
s1442,Hello Brother,1999,"Action & Adventure, Comedies, International Movies",Movie,4640,Brother (2000),100.0,0.0,0.25,MovieLens title nested inside Netflix title (likely different film)
s1446,Asphalt Burning,2020,"Action & Adventure, Comedies, International Movies",Movie,,,,,,no candidate
s1447,Bad Grandpa .5,2014,Comedies,Movie,106062,Jackass Presents: Bad Grandpa (2013),91.7,0.0,,"subset match, insufficient evidence (score 92, margin 92)"
s1452,Full Out 2: You Got This!,2020,"Children & Family Movies, Dramas, Sports Movies",Movie,,,,,,no candidate
s1453,Gimme Shelter,2013,"Dramas, Independent Movies",Movie,,,,,,no candidate
s1455,Good Hair,2009,Documentaries,Movie,49130,"Good Year, A (2006)",77.8,0.0,0.0,genre conflict
s1457,Into the Wild,2007,"Action & Adventure, Dramas, Independent Movies",Movie,45074,"Wild, The (2006)",100.0,100.0,0.14,MovieLens title nested inside Netflix title (likely different film)
s1459,London Heist,2017,Action & Adventure,Movie,,,,,,no candidate
s1460,Mean Girls 2,2011,Comedies,Movie,,,,,,no candidate
s1465,The Creative Brain,2019,Documentaries,Movie,,,,,,no candidate
s1467,The Minimalists: Less Is Now,2021,Documentaries,Movie,,,,,,no candidate
s1468,Unknown,2011,"Action & Adventure, Thrillers",Movie,110387,"Unknown Known, The (2013)",100.0,100.0,0.0,genre conflict
s1469,What Happened to Mr. Cha?,2021,"Comedies, International Movies",Movie,,,,,,no candidate
s1471,Alaska Is a Drag,2017,"Dramas, LGBTQ Movies",Movie,,,,,,no candidate
s1472,Best of Stand-Up 2020,2020,Stand-Up Comedy,Movie,,,,,,no candidate
s1473,Bobby Jasoos,2014,"Comedies, Dramas, International Movies",Movie,,,,,,no candidate
s1475,Tarung Sarung,2020,"Action & Adventure, Dramas, Faith & Spirituality",Movie,,,,,,no candidate
s1476,Too Handsome to Handle,2019,"Comedies, Dramas, International Movies",Movie,,,,,,no candidate
s1482,The Rope Curse 2,2020,"Horror Movies, International Movies",Movie,,,,,,no candidate
s1485,Cops and Robbers,2020,Dramas,Movie,,,,,,no candidate
s1487,Death to 2020,2020,Comedies,Movie,181413,Too Funny to Fail: The Life and Death of The Dana Carvey Show (2017),76.2,0.0,,"subset match, insufficient evidence (score 76, margin 76)"
s1489,DNA,2020,"Dramas, International Movies",Movie,,,,,,no candidate
s1491,The Magic School Bus Rides Again In the Zone,2020,Children & Family Movies,Movie,,,,,,no candidate
s1492,AK vs AK,2020,"Comedies, Dramas, International Movies",Movie,,,,,,no candidate
s1494,Isa Pa with Feelings,2019,"International Movies, Romantic Movies",Movie,,,,,,no candidate
s1495,We Can Be Heroes,2020,"Children & Family Movies, Comedies",Movie,,,,,,no candidate
s1496,Bridezilla,2019,"Comedies, Dramas, International Movies",Movie,,,,,,no candidate
s1497,Cemara's Family,2018,"Children & Family Movies, Dramas, International Movies",Movie,,,,,,no candidate
s1498,"Hello, Love, Goodbye",2019,"Dramas, International Movies, Romantic Movies",Movie,,,,,,no candidate
s1500,The Midnight Sky,2020,Dramas,Movie,,,,,,no candidate
s1501,Your Name Engraved Herein,2020,"Dramas, International Movies, LGBTQ Movies",Movie,,,,,,no candidate
s1502,After We Collided,2020,"Dramas, Romantic Movies",Movie,,,,,,no candidate
s1503,London Hughes: To Catch a D*ck,2020,Stand-Up Comedy,Movie,,,,,,no candidate
s1505,QLIMAX THE SOURCE,2020,Music & Musicals,Movie,,,,,,no candidate
s1508,Shaun the Sheep: The Farmer’s Llamas,2020,"Children & Family Movies, Comedies",Movie,,,,,,no candidate
s1510,"Ariana grande: excuse me, i love you",2020,"Documentaries, Music & Musicals",Movie,,,,,,no candidate
s1511,The Con Is On,2018,Comedies,Movie,,,,,,no candidate
s1512,Mohamed Hussein,2019,"Comedies, International Movies",Movie,,,,,,no candidate
s1513,Rhys Nicholson Live at the Athenaeum,2020,Stand-Up Comedy,Movie,,,,,,no candidate
s1516,Guest House,2020,Comedies,Movie,174815,The House (2017),100.0,0.0,,MovieLens title nested inside Netflix title (likely different film)
s1518,Ma Rainey's Black Bottom,2020,"Dramas, Music & Musicals",Movie,,,,,,no candidate
s1519,Ma Rainey's Black Bottom: A Legacy Brought to Screen,2020,"Documentaries, Music & Musicals",Movie,,,,,,no candidate
s1520,Mukhsin,2006,"Children & Family Movies, Comedies, Dramas",Movie,,,,,,no candidate
s1522,Rabun,2004,"Dramas, Independent Movies, International Movies",Movie,,,,,,no candidate
s1523,Talentime,2009,"Dramas, International Movies, Romantic Movies",Movie,,,,,,no candidate
s1524,An Unremarkable Christmas,2020,"Comedies, Dramas, International Movies",Movie,,,,,,no candidate
s1525,Braven,2018,Action & Adventure,Movie,,,,,,no candidate
s1526,Eggnoid: Love & Time Portal,2019,"Dramas, International Movies, Romantic Movies",Movie,,,,,,no candidate
s1527,Love You to the Stars and Back,2017,"Comedies, International Movies, Romantic Movies",Movie,140162,Love (2015),100.0,82.8,0.5,MovieLens title nested inside Netflix title (likely different film)
s1530,Sakaling Maging Tayo,2019,"International Movies, Romantic Movies",Movie,,,,,,no candidate
s1532,The Wedding Shaman,2019,"Dramas, International Movies, Romantic Movies",Movie,,,,,,no candidate
s1535,Bwakaw,2012,"Dramas, International Movies, LGBTQ Movies",Movie,,,,,,no candidate
s1537,Incarnate,2016,"Horror Movies, Thrillers",Movie,,,,,,no candidate
s1543,Vir Das: Outside In - The Lockdown Special,2020,Stand-Up Comedy,Movie,,,,,,no candidate
s1545,Grizzlies,2018,"Dramas, Independent Movies, Sports Movies",Movie,,,,,,no candidate
s1550,The Professor and the Madman,2019,"Dramas, Independent Movies",Movie,,,,,,no candidate
s1551,A California Christmas,2020,"Comedies, Romantic Movies",Movie,,,,,,no candidate
s1554,The Netflix Afterparty: The Best Shows of The Worst Year,2020,Comedies,Movie,,,,,,no candidate
s1557,A Trash Truck Christmas,2020,Children & Family Movies,Movie,,,,,,no candidate
s1558,Canvas,2020,"Children & Family Movies, Dramas",Movie,,,,,,no candidate
s1559,Giving Voice,2020,Documentaries,Movie,,,,,,no candidate
s1561,The Prom,2020,"Comedies, LGBTQ Movies, Music & Musicals",Movie,,,,,,no candidate
s1562,Torbaaz,2020,"Dramas, International Movies, Sports Movies",Movie,,,,,,no candidate
s1564,Funny Boy,2020,"Dramas, LGBTQ Movies",Movie,,,,,,no candidate
s1566,Just The Way You Are,2016,"International Movies, Romantic Movies",Movie,,,,,,no candidate
s1567,She's the One,2013,"Dramas, International Movies, Romantic Movies",Movie,,,,,,year mismatch on exact title
s1568,The Panti Sisters,2019,"Comedies, International Movies, LGBTQ Movies",Movie,,,,,,no candidate
s1569,"Kalel, 15",2019,"Dramas, Independent Movies, International Movies",Movie,,,,,,no candidate
s1572,Rose Island,2020,"Comedies, Dramas, International Movies",Movie,,,,,,no candidate
s1576,André & his olive tree,2020,"Documentaries, International Movies",Movie,,,,,,no candidate
s1577,Bobbleheads The Movie,2020,"Children & Family Movies, Comedies",Movie,,,,,,no candidate
s1578,Emicida: AmarElo - It’s All For Yesterday,2020,"Documentaries, International Movies, Music & Musicals",Movie,175303,It (2017),100.0,75.0,0.0,genre conflict
s1581,Spirit Riding Free: Ride Along Adventure,2020,Children & Family Movies,Movie,,,,,,no candidate
s1582,Super Monsters: Santa’s Super Monster Helpers,2020,Children & Family Movies,Movie,,,,,,no candidate
s1583,Triple 9,2016,"Dramas, Thrillers",Movie,,,,,,no candidate
s1585,Ava,2020,"Action & Adventure, Dramas",Movie,,,,,,no candidate
s1589,Mighty Express: A Mighty Christmas,2020,Children & Family Movies,Movie,,,,,,no candidate
s1592,Captain Underpants Mega Blissmas,2020,"Children & Family Movies, Comedies",Movie,,,,,,no candidate
s1593,Christmas Crossfire,2020,"Comedies, International Movies, Thrillers",Movie,,,,,,no candidate
s1595,Leyla Everlasting,2020,"Comedies, International Movies",Movie,,,,,,no candidate
s1596,MANK,2020,"Dramas, Independent Movies",Movie,,,,,,no candidate
s1598,You Are My Home,2020,"Children & Family Movies, Dramas",Movie,,,,,,no candidate
s1599,Between Maybes,2019,"Dramas, International Movies, Romantic Movies",Movie,,,,,,no candidate
s1600,Break,2018,"Comedies, Dramas, International Movies",Movie,,,,,,no candidate
s1601,Chico Bon Bon and the Very Berry Holiday,2020,Children & Family Movies,Movie,,,,,,no candidate
s1602,Just Another Christmas,2020,"Comedies, International Movies",Movie,,,,,,no candidate
s1603,Must Be... Love,2013,"Comedies, Dramas, International Movies",Movie,140162,Love (2015),100.0,0.0,0.5,MovieLens title nested inside Netflix title (likely different film)
s1605,Ari Eldjárn: Pardon My Icelandic,2020,Stand-Up Comedy,Movie,,,,,,no candidate
s1607,Fierce,2020,"Comedies, Dramas, International Movies",Movie,,,,,,no candidate
s1608,Hazel Brugger: Tropical,2020,Stand-Up Comedy,Movie,,,,,,no candidate
s1610,Angela's Christmas Wish,2020,Children & Family Movies,Movie,,,,,,no candidate
s1614,Effie Gray,2014,"Dramas, International Movies, Romantic Movies",Movie,,,,,,no candidate
s1617,Monster House,2006,"Children & Family Movies, Comedies",Movie,7160,Monster (2003),100.0,100.0,0.0,genre conflict
s1618,Natalie Palamides: Nate - A One Man Show,2020,Comedies,Movie,,,,,,no candidate
s1621,Peppermint,2018,Action & Adventure,Movie,,,,,,no candidate
s1627,The Happytime Murders,2018,"Action & Adventure, Comedies",Movie,,,,,,no candidate
s1630,U-Turn,2020,"Horror Movies, International Movies",Movie,,,,,,year mismatch on exact title
s1631,Finding Agnes,2020,"Dramas, International Movies",Movie,,,,,,no candidate
s1632,Rust Creek,2018,Thrillers,Movie,,,,,,no candidate
s1633,Spookley and the Christmas Kittens,2019,Children & Family Movies,Movie,,,,,,no candidate
s1634,The 2nd,2020,Action & Adventure,Movie,,,,,,no candidate
s1636,A Go! Go! Cory Carson Christmas,2020,Children & Family Movies,Movie,,,,,,no candidate
s1637,Dance Dreams: Hot Chocolate Nutcracker,2020,"Children & Family Movies, Documentaries",Movie,,,,,,no candidate
s1638,Don’t Listen,2020,"Horror Movies, International Movies",Movie,,,,,,no candidate
s1643,The Beast,2020,"Action & Adventure, International Movies",Movie,168366,Beauty and the Beast (2017),100.0,100.0,0.0,genre conflict
s1644,The Call,2020,"International Movies, Thrillers",Movie,168492,Call Me by Your Name (2017),100.0,0.0,0.0,genre conflict
s1645,Fantastica,2018,"Comedies, International Movies, LGBTQ Movies",Movie,122902,Fantastic Four (2015),75.0,0.0,,score 75 < 90
s1646,Larry the Cable Guy: Remain Seated,2020,Stand-Up Comedy,Movie,,,,,,no candidate
s1647,Mosul,2020,"Action & Adventure, Dramas, International Movies",Movie,,,,,,no candidate
s1648,Unexpectedly Yours,2017,"Comedies, International Movies, Romantic Movies",Movie,,,,,,no candidate
s1649,Ghosts of War,2020,Horror Movies,Movie,,,,,,no candidate
s1651,Shawn Mendes: Live in Concert,2020,Music & Musicals,Movie,,,,,,no candidate
s1652,The Christmas Chronicles: Part Two,2020,"Children & Family Movies, Comedies",Movie,,,,,,no candidate
s1653,Andhaghaaram,2020,"Horror Movies, International Movies, Thrillers",Movie,,,,,,no candidate
s1654,Andhakaaram,2020,"Horror Movies, International Movies, Thrillers",Movie,,,,,,no candidate
s1656,Dragons: Rescue Riders: Huttsgalor Holiday,2020,"Children & Family Movies, Comedies",Movie,,,,,,no candidate
s1657,Hillbilly Elegy,2020,Dramas,Movie,,,,,,no candidate
s1658,Notes for My Son,2020,"Dramas, International Movies",Movie,,,,,,no candidate
s1660,Hard Kill,2020,Action & Adventure,Movie,,,,,,no candidate
s1661,Shawn Mendes: In Wonder,2020,"Documentaries, Music & Musicals",Movie,180095,Wonder (2017),100.0,0.0,0.0,genre conflict
s1663,The Suit,2018,"Action & Adventure, Comedies, International Movies",Movie,,,,,,no candidate
s1664,Dolly Parton’s Christmas on the Square,2020,"Children & Family Movies, Music & Musicals",Movie,173197,The Square (2017),100.0,0.0,0.0,genre conflict
s1665,Machete Kills,2013,Action & Adventure,Movie,105585,Machete Kills (Machete 2) (2013),100.0,100.0,0.25,"subset match, insufficient evidence (score 100, margin 0)"
s1666,40 Sticks,2019,"International Movies, Thrillers",Movie,,,,,,no candidate
s1667,Alien Xmas,2020,Children & Family Movies,Movie,,,,,,no candidate
s1670,If Anything Happens I Love You,2020,Dramas,Movie,,,,,,no candidate
s1672,The App That Stole Christmas,2020,"Children & Family Movies, Comedies",Movie,,,,,,no candidate
s1674,Black Friday,2004,"Dramas, International Movies",Movie,,,,,,no candidate
s1675,Bodyguard,2011,"Action & Adventure, Comedies, International Movies",Movie,,,,,,year mismatch on exact title
s1676,Break Ke Baad,2010,"Comedies, International Movies, Music & Musicals",Movie,,,,,,no candidate
s1677,Hawaizaada,2015,"Dramas, International Movies, Romantic Movies",Movie,,,,,,no candidate
s1678,My Amnesia Girl,2010,"International Movies, Romantic Movies",Movie,,,,,,no candidate
s1679,Raman Raghav 2.0,2016,"International Movies, Thrillers",Movie,,,,,,no candidate
s1680,Singham,2011,"Action & Adventure, Dramas, International Movies",Movie,,,,,,no candidate
s1681,TE3N,2016,"Dramas, International Movies, Thrillers",Movie,,,,,,no candidate
s1682,The Princess Switch: Switched Again,2020,"Children & Family Movies, Comedies, Dramas",Movie,,,,,,no candidate
s1683,Three Words to Forever,2018,"Comedies, Dramas, International Movies",Movie,,,,,,no candidate
s1684,Well Done Abba,2009,"Comedies, International Movies",Movie,,,,,,no candidate
s1686,Ainu Mosir,2020,"Dramas, International Movies",Movie,,,,,,no candidate
s1687,Kevin Hart: Zero F**ks Given,2020,Stand-Up Comedy,Movie,,,,,,no candidate
s1691,Whose Streets?,2017,Documentaries,Movie,168350,100 Streets (2016),77.8,0.0,0.0,genre conflict
s1692,A Very Country Christmas,2017,"Music & Musicals, Romantic Movies",Movie,148238,A Very Murray Christmas (2015),83.7,0.0,0.0,genre conflict
s1696,Hometown Holiday,2018,Romantic Movies,Movie,,,,,,no candidate
s1701,Killer Cove,2019,Thrillers,Movie,,,,,,no candidate
s1703,Fukrey Boyzzz: Space Mein Fukrapanti,2020,"Children & Family Movies, Comedies",Movie,,,,,,no candidate
s1704,Jingle Jangle: A Christmas Journey,2020,"Children & Family Movies, Music & Musicals",Movie,,,,,,no candidate
s1705,The Beginning of Life 2: Outside,2020,"Documentaries, International Movies",Movie,,,,,,no candidate
s1706,The Life Ahead,2020,"Dramas, International Movies",Movie,,,,,,no candidate
s1708,A Very Special Love,2008,"International Movies, Romantic Movies",Movie,69251,Special (2006),100.0,0.0,0.0,genre conflict
s1710,First Love,2018,"Dramas, International Movies, Romantic Movies",Movie,140162,Love (2015),100.0,0.0,1.0,MovieLens title nested inside Netflix title (likely different film)
s1713,Ludo,2020,"Comedies, Dramas, International Movies",Movie,,,,,,no candidate
s1714,Memories of a Teenager,2019,"Dramas, International Movies, LGBTQ Movies",Movie,,,,,,no candidate
s1720,We Are All For The Fatherland,1979,"Documentaries, International Movies",Movie,,,,,,no candidate
s1721,What We Wanted,2020,"Dramas, International Movies",Movie,,,,,,no candidate
s1726,Citation,2020,"Dramas, International Movies",Movie,,,,,,no candidate
s1728,Girl's Revenge,2020,"Dramas, International Movies",Movie,,,,,,no candidate
s1729,The Endless Trench,2019,"Dramas, Independent Movies, International Movies",Movie,,,,,,no candidate
s1730,The Late Bloomer,2016,Comedies,Movie,,,,,,no candidate
s1732,A New York Christmas Wedding,2020,"Dramas, LGBTQ Movies, Romantic Movies",Movie,,,,,,no candidate
s1733,Alone/Together,2019,"Dramas, International Movies, Romantic Movies",Movie,,,,,,no candidate
s1735,Midnight at the Magnolia,2020,"Comedies, Romantic Movies",Movie,,,,,,no candidate
s1736,One More Try,2012,"Dramas, International Movies, Romantic Movies",Movie,,,,,,no candidate
s1737,Operation Christmas Drop,2020,"Children & Family Movies, Comedies, Romantic Movies",Movie,,,,,,no candidate
s1739,A Christmas Catch,2018,"Dramas, Romantic Movies",Movie,148238,A Very Murray Christmas (2015),75.0,75.0,0.0,genre conflict
s1740,Christmas with a Prince,2018,"Comedies, Dramas, Romantic Movies",Movie,,,,,,no candidate
s1742,Miss India,2020,"Dramas, International Movies",Movie,,,,,,no candidate
s1743,Felix Lobrecht: Hype,2020,Stand-Up Comedy,Movie,,,,,,no candidate
s1745,The Beginning of Life,2016,"Documentaries, International Movies",Movie,,,,,,no candidate
s1746,Ya no estoy aquí: Una conversación entre Guillermo del Toro y Alfonso Cuarón,2020,Documentaries,Movie,,,,,,no candidate
s1748,Prospect,2018,"Sci-Fi & Fantasy, Thrillers",Movie,,,,,,no candidate
s1750,Christmas Break-In,2019,"Children & Family Movies, Comedies",Movie,,,,,,no candidate
s1752,Elf Pets: A Fox Cub’s Christmas Tale,2020,Children & Family Movies,Movie,,,,,,no candidate
s1753,Elf Pets: Santa’s Reindeer Rescue,2020,Children & Family Movies,Movie,,,,,,no candidate
s1754,Elliot the Littlest Reindeer,2018,Children & Family Movies,Movie,,,,,,no candidate
s1763,Mile 22,2018,Action & Adventure,Movie,,,,,,no candidate
s1764,Piercing,2018,"Dramas, Independent Movies, Thrillers",Movie,,,,,,no candidate
s1768,The Impossible,2012,Dramas,Movie,111781,Mission: Impossible - Rogue Nation (2015),100.0,100.0,0.0,genre conflict
s1771,Wheels of Fortune,2020,"Comedies, Sports Movies",Movie,,,,,,no candidate
s1773,The 12th Man,2018,"Action & Adventure, Dramas, International Movies",Movie,,,,,,no candidate
s1775,Hidden in Plain Sight,2019,"Dramas, Independent Movies, Thrillers",Movie,,,,,,no candidate
s1776,His House,2020,"Horror Movies, Independent Movies",Movie,174815,The House (2017),100.0,0.0,0.0,genre conflict
s1777,In Line,2017,"Dramas, International Movies",Movie,,,,,,no candidate
s1778,Kaali Khuhi,2020,"Horror Movies, International Movies",Movie,,,,,,no candidate
s1781,Rogue City,2020,"Dramas, International Movies, Thrillers",Movie,,,,,,no candidate
s1784,The Day of the Lord,2020,"Horror Movies, International Movies",Movie,,,,,,no candidate
s1785,Pagpag: Nine Lives,2013,"Horror Movies, International Movies",Movie,,,,,,no candidate
s1786,Holidate,2020,"Comedies, Romantic Movies",Movie,,,,,,no candidate
s1787,La Gran Ilusión,2016,International Movies,Movie,,,,,,no candidate
s1788,Metallica Through The Never,2013,Music & Musicals,Movie,,,,,,no candidate
s1789,Nobody Sleeps in the Woods Tonight,2020,"Horror Movies, International Movies",Movie,,,,,,no candidate
s1790,Secrets of the Saqqara Tomb,2020,Documentaries,Movie,,,,,,no candidate
s1793,Guillermo Vilas: Settling the Score,2020,"Documentaries, International Movies, Sports Movies",Movie,,,,,,no candidate
s1794,Sarah Cooper: Everything's Fine,2020,Comedies,Movie,,,,,,no candidate
s1796,Ajab Prem Ki Ghazab Kahani,2009,"Comedies, International Movies, Music & Musicals",Movie,,,,,,no candidate
s1797,Black '47,2018,"Action & Adventure, Dramas, Independent Movies",Movie,118706,Black Sea (2015),76.9,76.9,0.2,"subset match, insufficient evidence (score 77, margin 0)"
s1798,I Am Woman,2019,"Dramas, Music & Musicals",Movie,,,,,,no candidate
s1799,Alice Junior,2019,"Comedies, International Movies, LGBTQ Movies",Movie,,,,,,no candidate
s1802,Over the Moon,2020,"Children & Family Movies, Music & Musicals",Movie,,,,,,no candidate
s1803,Shattered Memories,2018,"Dramas, Thrillers",Movie,,,,,,no candidate
s1806,Bending the Arc,2017,Documentaries,Movie,,,,,,no candidate
s1807,Cadaver,2020,"Horror Movies, International Movies",Movie,,,,,,no candidate
s1808,Exes Baggage,2018,"Dramas, International Movies, Romantic Movies",Movie,,,,,,no candidate
s1809,Fisherman's Friends,2019,"Comedies, Dramas, Music & Musicals",Movie,,,,,,no candidate
s1810,The Hows of Us,2018,"Dramas, International Movies, Romantic Movies",Movie,,,,,,no candidate
s1811,The Hummingbird Project,2018,"Dramas, Independent Movies",Movie,,,,,,no candidate
s1812,"Yes, God, Yes",2020,"Comedies, Dramas, Independent Movies",Movie,,,,,,no candidate
s1813,Brave Blue World: Racing to Solve Our Water Crisis,2020,"Documentaries, International Movies",Movie,,,,,,no candidate
s1815,Rebecca,2020,"Dramas, Romantic Movies, Thrillers",Movie,,,,,,year mismatch on exact title
s1816,The Magic School Bus Rides Again The Frizz Connection,2020,Children & Family Movies,Movie,,,,,,no candidate
s1817,Tremors: Shrieker Island,2020,"Action & Adventure, Horror Movies",Movie,,,,,,no candidate
s1818,Beirut Oh Beirut,1975,"Classic Movies, Dramas, International Movies",Movie,,,,,,no candidate
s1819,Bosta,2005,"Dramas, International Movies, Music & Musicals",Movie,,,,,,no candidate
s1820,Ghadi,2013,"Comedies, Dramas, International Movies",Movie,,,,,,no candidate
s1821,Heritages,2014,"Documentaries, International Movies",Movie,,,,,,no candidate
s1822,Listen,2017,"Dramas, Independent Movies, International Movies",Movie,,,,,,no candidate
s1823,Out of Life,1991,"Classic Movies, Dramas, Independent Movies",Movie,363,"Wonderful, Horrible Life of Leni Riefenstahl, The (Macht der Bilder: Leni Riefenstahl, Die) (1993)",77.8,77.8,0.0,genre conflict
s1824,Panoptic,2017,"Documentaries, International Movies",Movie,,,,,,no candidate
s1825,Taxi Ballad,2012,"Dramas, International Movies",Movie,,,,,,no candidate
s1826,The Kite,2003,"Dramas, International Movies, Romantic Movies",Movie,,,,,,year mismatch on exact title
s1827,The Little Wars,1982,"Dramas, Independent Movies, International Movies",Movie,5197,Little Darlings (1980),76.9,76.2,1.0,"subset match, insufficient evidence (score 77, margin 1)"
s1828,Under the Bombs,2007,"Dramas, Independent Movies, International Movies",Movie,79274,Batman: Under the Red Hood (2010),75.0,0.0,0.0,genre conflict
s1831,What Did I Mess,2018,"Comedies, International Movies, Romantic Movies",Movie,,,,,,no candidate
s1832,Whispers,1980,"Documentaries, International Movies",Movie,,,,,,no candidate
s1833,Zozo,2005,"Dramas, International Movies",Movie,47384,Zoom (2006),75.0,0.0,0.25,score 75 < 90
s1836,I Am Vengeance: Retaliation,2020,Action & Adventure,Movie,,,,,,no candidate
s1837,Disconnect,2018,"Comedies, International Movies, Romantic Movies",Movie,,,,,,year mismatch on exact title
s1839,In a Valley of Violence,2016,Action & Adventure,Movie,,,,,,no candidate
s1843,The Trial of the Chicago 7,2020,Dramas,Movie,,,,,,no candidate
s1844,Unfriended,2014,"Horror Movies, Thrillers",Movie,,,,,,no candidate
s1845,A Babysitter's Guide to Monster Hunting,2020,Children & Family Movies,Movie,,,,,,no candidate
s1847,El-Khawaga's Dilemma,2018,"Action & Adventure, Comedies, International Movies",Movie,,,,,,no candidate
s1850,Kartini: Princess of Java,2017,"Dramas, International Movies",Movie,,,,,,no candidate
s1851,Love Like the Falling Rain,2020,"Dramas, International Movies, Romantic Movies",Movie,,,,,,no candidate
s1854,Rooting for Roona,2020,"Documentaries, International Movies",Movie,,,,,,no candidate
s1856,A Choo,2020,"Action & Adventure, International Movies, Romantic Movies",Movie,177765,Coco (2017),75.0,0.0,0.2,score 75 < 90
s1857,BLACKPINK: Light Up the Sky,2020,"Documentaries, Music & Musicals",Movie,,,,,,no candidate
s1858,The Three Deaths of Marisela Escobedo,2020,"Documentaries, International Movies",Movie,,,,,,no candidate
s1859,Fida,2004,"International Movies, Romantic Movies, Thrillers",Movie,5791,Frida (2002),88.9,75.0,0.33,score 89 < 90
s1860,Octonauts & the Great Barrier Reef,2020,Children & Family Movies,Movie,,,,,,no candidate
s1862,Dil,1990,"Comedies, Dramas, International Movies",Movie,,,,,,no candidate
s1863,Disco Dancer,1982,"Cult Movies, Dramas, International Movies",Movie,,,,,,no candidate
s1864,Hunterrr,2015,"Comedies, International Movies, Romantic Movies",Movie,107436,Haunter (2013),80.0,0.0,0.0,genre conflict
s1867,The Legend of Bhagat Singh,2002,"Dramas, International Movies",Movie,39435,"Legend of Zorro, The (2005)",75.0,0.0,0.25,"subset match, insufficient evidence (score 75, margin 75)"
s1868,House of the Witch,2017,Horror Movies,Movie,140267,The Witch (2015),100.0,100.0,1.0,MovieLens title nested inside Netflix title (likely different film)
s1870,Ginny Weds Sunny,2020,"Comedies, International Movies, Romantic Movies",Movie,,,,,,no candidate
s1871,My Step Dad: The Hippie,2018,"Comedies, International Movies",Movie,,,,,,no candidate
s1872,Super Monsters: Dia de los Monsters,2020,Children & Family Movies,Movie,,,,,,no candidate
s1873,The Forty-Year-Old Version,2020,"Comedies, Dramas, Independent Movies",Movie,,,,,,no candidate
s1875,Bigflo & Oli: Hip Hop Frenzy,2020,"Documentaries, International Movies, Music & Musicals",Movie,,,,,,no candidate
s1877,Palermo Hollywood,2004,"Dramas, International Movies",Movie,,,,,,no candidate
s1880,Hubie Halloween,2020,"Comedies, Horror Movies",Movie,,,,,,no candidate
s1882,American Pie 9: Girls' Rules,2020,Comedies,Movie,176751,American Made (2017),76.2,0.0,,"subset match, insufficient evidence (score 76, margin 76)"
s1883,Dolly Parton: Here I Am,2019,"Documentaries, Music & Musicals",Movie,,,,,,no candidate
s1884,StarBeam: Halloween Hero,2020,Children & Family Movies,Movie,171023,The Hero (2017),100.0,0.0,0.0,genre conflict
s1885,Walk Away from Love,2017,"Dramas, Romantic Movies",Movie,138208,The Walk (2015),100.0,100.0,0.25,MovieLens title nested inside Netflix title (likely different film)
s1887,David Attenborough: A Life on Our Planet,2020,Documentaries,Movie,,,,,,no candidate
s1888,"Best Wishes, Warmest Regards: A Schitt's Creek Farewell",2020,"Documentaries, LGBTQ Movies",Movie,,,,,,no candidate
s1889,Good Game: The Beginning,2018,"Dramas, International Movies, Sports Movies",Movie,,,,,,no candidate
s1892,A Chaster Marriage,2016,"Comedies, International Movies, Romantic Movies",Movie,,,,,,no candidate
s1893,A Go! Go! Cory Carson Halloween,2020,Children & Family Movies,Movie,,,,,,no candidate
s1897,Òlòtūré,2020,"Dramas, International Movies",Movie,,,,,,no candidate
s1898,Serious Men,2020,"Comedies, Dramas, International Movies",Movie,,,,,,no candidate
s1899,The Binding,2020,"Horror Movies, International Movies, Thrillers",Movie,,,,,,no candidate
s1900,Turkish Dance School,2017,"Comedies, International Movies, Romantic Movies",Movie,,,,,,no candidate
s1901,Vampires vs. the Bronx,2020,"Comedies, Horror Movies",Movie,,,,,,no candidate
s1902,You've Got This,2020,"Comedies, International Movies, Romantic Movies",Movie,,,,,,no candidate
s1903,All Because of You,2020,"Action & Adventure, Comedies, International Movies",Movie,,,,,,no candidate
s1904,An Ordinary Man,2017,"Dramas, Thrillers",Movie,,,,,,no candidate
s1905,Carlos Almaraz: Playing with Fire,2019,"Documentaries, LGBTQ Movies",Movie,,,,,,no candidate
s1906,Cold Harbour,2013,"Action & Adventure, Dramas, International Movies",Movie,,,,,,no candidate
s1910,Free State of Jones,2016,"Action & Adventure, Dramas",Movie,,,,,,no candidate
s1912,Human Nature,2019,Documentaries,Movie,,,,,,year mismatch on exact title
s1914,I'm Leaving Now,2019,"Documentaries, International Movies",Movie,,,,,,no candidate
s1920,The American Game,2019,"Comedies, International Movies, Romantic Movies",Movie,176751,American Made (2017),84.6,81.5,0.0,genre conflict
s1921,The Book of Sun,2020,"Comedies, Independent Movies, International Movies",Movie,193581,Black Butler: Book of the Atlantic (2017),77.8,0.0,,"subset match, insufficient evidence (score 78, margin 78)"
s1922,The Outpost,2020,"Action & Adventure, Dramas",Movie,,,,,,year mismatch on exact title
s1925,We Have Always Lived in the Castle,2018,"Dramas, Thrillers",Movie,,,,,,no candidate
s1927,American Murder: The Family Next Door,2020,Documentaries,Movie,176751,American Made (2017),76.2,0.0,0.0,genre conflict
s1928,Baxu and the Giants,2019,"Dramas, International Movies",Movie,,,,,,no candidate
s1931,Poacher,2018,"Dramas, International Movies, Thrillers",Movie,,,,,,no candidate
s1932,The Boys in the Band,2020,"Dramas, LGBTQ Movies",Movie,,,,,,no candidate
s1933,The Boys in the Band: Something Personal,2020,"Documentaries, LGBTQ Movies",Movie,,,,,,no candidate
s1936,Michelle Buteau: Welcome to Buteaupia,2020,Stand-Up Comedy,Movie,,,,,,no candidate
s1937,Welcome to Sudden Death,2020,Action & Adventure,Movie,,,,,,no candidate
s1938,Amandla! A Revolution in Four Part Harmony,2002,"Documentaries, International Movies, Music & Musicals",Movie,6679,Revolution OS (2001),87.0,0.0,0.5,"subset match, insufficient evidence (score 87, margin 87)"
s1939,Ankhon Dekhi,2013,"Dramas, Independent Movies, International Movies",Movie,,,,,,no candidate
s1940,Dedh Ishqiya,2014,"Comedies, Dramas, International Movies",Movie,,,,,,no candidate
s1941,Golmaal Returns,2008,"Comedies, International Movies, Music & Musicals",Movie,135777,Golmaal (2006),100.0,0.0,0.0,genre conflict
s1942,Ishq Vishk,2003,"Comedies, International Movies, Music & Musicals",Movie,,,,,,no candidate
s1943,Ishqiya,2009,"Comedies, International Movies, Romantic Movies",Movie,,,,,,no candidate
s1944,Jab We Met,2007,"Comedies, International Movies, Music & Musicals",Movie,,,,,,no candidate
s1945,Mann,1999,"Dramas, International Movies, Romantic Movies",Movie,5443,Juwanna Mann (2002),100.0,0.0,0.0,genre conflict
s1946,Manorama Six Feet Under,2007,"Dramas, International Movies, Thrillers",Movie,,,,,,no candidate
s1947,Welcome,2007,"Comedies, International Movies, Music & Musicals",Movie,7294,Welcome to Mooseport (2004),100.0,100.0,0.0,genre conflict
s1951,Time Out,2015,"Dramas, Independent Movies, International Movies",Movie,104374,About Time (2013),88.9,0.0,0.33,score 89 < 90
s1954,My Mother's Wound,2016,"Dramas, International Movies",Movie,176419,Mother! (2017),100.0,0.0,0.25,MovieLens title nested inside Netflix title (likely different film)
s1957,Zulu Man in Japan,2019,"Documentaries, International Movies, Music & Musicals",Movie,,,,,,no candidate
s1960,Enola Holmes,2020,"Action & Adventure, Children & Family Movies, Dramas",Movie,,,,,,no candidate
s1961,Kiss the Ground,2020,Documentaries,Movie,,,,,,no candidate
s1963,A Love Song for Latasha,2020,Documentaries,Movie,,,,,,no candidate
s1964,DTC Yukemuri Junjo Hen From High & Low,2018,"Dramas, International Movies",Movie,,,,,,no candidate
s1965,High & Low The Movie,2016,"Action & Adventure, International Movies",Movie,100083,Movie 43 (2013),76.9,0.0,0.0,genre conflict
s1966,High & Low The Movie 2 / End of Sky,2017,"Action & Adventure, International Movies",Movie,127114,The End of the Tour (2015),80.0,0.0,0.0,genre conflict
s1967,High & Low The Movie 3 / Final Mission,2017,"Action & Adventure, International Movies",Movie,,,,,,no candidate
s1968,High & Low The Red Rain,2016,"Action & Adventure, International Movies",Movie,103810,Red 2 (2013),75.0,0.0,0.2,"subset match, insufficient evidence (score 75, margin 75)"
s1969,High & Low The Worst,2019,"Action & Adventure, International Movies",Movie,,,,,,no candidate
s1970,Road To High & Low,2016,"Action & Adventure, International Movies",Movie,,,,,,no candidate
s1971,The Blue Elephant 2,2019,"Horror Movies, International Movies, Thrillers",Movie,,,,,,no candidate
s1972,Bhaji In Problem,2013,"Comedies, International Movies",Movie,,,,,,no candidate
s1973,Black,2015,"Action & Adventure, International Movies",Movie,118706,Black Sea (2015),100.0,100.0,0.25,"subset match, insufficient evidence (score 100, margin 0)"
s1975,Saheb Biwi Aur Gangster Returns,2013,"Dramas, International Movies, Romantic Movies",Movie,,,,,,no candidate
s1976,Santa Banta Pvt Ltd,2016,"Comedies, International Movies",Movie,,,,,,no candidate
s1977,The Royal Bengal Tiger,2014,"Dramas, International Movies, Thrillers",Movie,,,,,,no candidate
s1978,Dolly Kitty Aur Woh Chamakte Sitare,2020,"Dramas, Independent Movies, International Movies",Movie,,,,,,no candidate
s1982,Whipped,2020,"Comedies, International Movies, Romantic Movies",Movie,,,,,,year mismatch on exact title
s1983,Anaamika,2014,"International Movies, Thrillers",Movie,,,,,,no candidate
s1985,GIMS: On the Record,2020,"Documentaries, International Movies, Music & Musicals",Movie,,,,,,no candidate
s1986,Horrid Henry's Gross Day Out,2020,"Children & Family Movies, Comedies",Movie,,,,,,no candidate
s1987,Nee Enge En Anbe,2014,"International Movies, Thrillers",Movie,,,,,,no candidate
s1988,Residue,2020,"Dramas, Independent Movies",Movie,,,,,,no candidate
s1993,Dr Jason Leong Hashtag Blessed,2018,Stand-Up Comedy,Movie,,,,,,no candidate
s1996,The Devil All The Time,2020,"Dramas, Thrillers",Movie,,,,,,no candidate
s1997,The Paramedic,2020,"Dramas, International Movies, Thrillers",Movie,,,,,,no candidate
s1998,The Take,2016,"Action & Adventure, International Movies",Movie,123947,Cake (2014),75.0,0.0,0.0,genre conflict
s2000,Hope Frozen: A Quest to Live Twice,2020,"Documentaries, International Movies",Movie,183199,Quest (2017),100.0,0.0,1.0,MovieLens title nested inside Netflix title (likely different film)
s2001,Michael McIntyre: Showman,2020,Stand-Up Comedy,Movie,,,,,,no candidate
s2005,Wish Upon a Unicorn,2020,Children & Family Movies,Movie,,,,,,no candidate
s2006,Lara and the Beat,2018,"Dramas, International Movies, Music & Musicals",Movie,146309,The Boy and the Beast (2015),76.5,75.7,0.0,genre conflict
s2008,Dad Wanted,2020,"Children & Family Movies, Comedies, Dramas",Movie,,,,,,no candidate
s2012,Pets United,2020,"Children & Family Movies, Comedies",Movie,,,,,,no candidate
s2015,Wonho Chung: Live in New York,2014,Stand-Up Comedy,Movie,95744,2 Days in New York (2012),75.9,0.0,1.0,"subset match, insufficient evidence (score 76, margin 76)"
s2016,Aapla Manus,2018,"Dramas, International Movies, Thrillers",Movie,,,,,,no candidate
s2017,Ani... Dr. Kashinath Ghanekar,2018,"Dramas, International Movies",Movie,,,,,,no candidate
s2018,Bhai: Vyakti Ki Valli - Poorvardha,2019,"Dramas, International Movies",Movie,,,,,,no candidate
s2019,Bhai: Vyakti Ki Valli - Uttarardh,2019,"Dramas, International Movies",Movie,,,,,,no candidate
s2020,Cycle,2018,"Comedies, Dramas, International Movies",Movie,,,,,,no candidate
s2021,Dhh,2017,"Children & Family Movies, Dramas, International Movies",Movie,,,,,,no candidate
s2024,Kaagar,2019,"Dramas, International Movies, Romantic Movies",Movie,,,,,,no candidate
s2025,Night of Knots,2018,"Comedies, International Movies, Romantic Movies",Movie,,,,,,no candidate
s2026,PhotoCopy,2016,"Comedies, Dramas, International Movies",Movie,,,,,,no candidate
s2027,Poshter Girl,2016,"Comedies, Dramas, International Movies",Movie,,,,,,no candidate
s2028,Satria Heroes: Revenge of the Darkness,2017,Children & Family Movies,Movie,,,,,,no candidate
s2029,Son Of Adam,2018,"Dramas, International Movies, Thrillers",Movie,,,,,,no candidate
s2030,The Babysitter: Killer Queen,2020,"Comedies, Horror Movies",Movie,,,,,,no candidate
s2031,Cargo,2020,"Comedies, Dramas, Independent Movies",Movie,,,,,,year mismatch on exact title
s2032,Cuties,2020,"Dramas, International Movies",Movie,,,,,,no candidate
s2035,So Much Love to Give,2020,"Comedies, International Movies, Music & Musicals",Movie,,,,,,no candidate
s2036,The Social Dilemma,2020,Documentaries,Movie,,,,,,no candidate
s2037,#Alive,2020,"Horror Movies, International Movies, Thrillers",Movie,,,,,,year mismatch on exact title
s2039,My Octopus Teacher,2020,"Children & Family Movies, Documentaries, International Movies",Movie,,,,,,no candidate
s2040,Toll Booth,2010,"Dramas, Independent Movies, International Movies",Movie,,,,,,no candidate
s2044,Villain,2020,Dramas,Movie,,,,,,year mismatch on exact title
s2046,I'm Thinking of Ending Things,2020,"Dramas, Independent Movies",Movie,,,,,,no candidate
s2047,Kandasamys: The Wedding,2019,"Comedies, Dramas, International Movies",Movie,,,,,,no candidate
s2049,The Lost Okoroshi,2019,"Comedies, Dramas, Independent Movies",Movie,,,,,,no candidate
s2050,You're My Boss,2015,"Comedies, International Movies, Romantic Movies",Movie,157312,The Boss (2016),100.0,0.0,0.0,genre conflict
s2051,Afonso Padilha: Classless,2020,Stand-Up Comedy,Movie,,,,,,no candidate
s2052,Ave Maryam,2018,"Dramas, Independent Movies, International Movies",Movie,,,,,,no candidate
s2053,"Love, Guaranteed",2020,"Comedies, Independent Movies, Romantic Movies",Movie,,,,,,no candidate
s2056,Freaks – You're One of Us,2020,"Dramas, Independent Movies, International Movies",Movie,,,,,,no candidate
s2057,Hotel for Dogs,2009,"Children & Family Movies, Comedies",Movie,,,,,,no candidate
s2058,Sky Tour: The Movie,2020,"Documentaries, International Movies, Music & Musicals",Movie,,,,,,no candidate
s2060,Adrift,2018,"Action & Adventure, Dramas, Romantic Movies",Movie,,,,,,no candidate
s2061,Always Be My Maybe,2016,"International Movies, Romantic Movies",Movie,,,,,,no candidate
s2062,Barbie Princess Adventure,2020,"Children & Family Movies, Music & Musicals",Movie,,,,,,no candidate
s2066,Children of the Sea,2019,"Anime Features, International Movies",Movie,,,,,,no candidate
s2068,Fate/Grand Order -First Order-,2016,"Action & Adventure, Anime Features, International Movies",Movie,,,,,,no candidate
s2072,Puss in Boots,2011,"Children & Family Movies, Comedies",Movie,109941,Puss in Boots: The Three Diablos (2012),100.0,100.0,0.0,genre conflict
s2076,"Take the Ball, Pass the Ball",2018,"Documentaries, International Movies, Sports Movies",Movie,,,,,,no candidate
s2077,The Boss Baby: Get That Baby!,2020,"Children & Family Movies, Comedies",Movie,168418,The Boss Baby (2017),100.0,0.0,0.33,MovieLens title nested inside Netflix title (likely different film)
s2078,The Match,2020,"Dramas, International Movies, Sports Movies",Movie,,,,,,no candidate
s2080,The Smurfs,2011,"Children & Family Movies, Comedies",Movie,104076,"Smurfs 2, The (2013)",100.0,100.0,0.33,"subset match, insufficient evidence (score 100, margin 0)"
s2082,True: Friendship Day,2020,Children & Family Movies,Movie,,,,,,no candidate
s2083,Maniyarayile Ashokan,2020,"Comedies, International Movies, Romantic Movies",Movie,,,,,,no candidate
s2084,The Debt Collector 2,2020,Action & Adventure,Movie,,,,,,no candidate
s2085,All Together Now,2020,Dramas,Movie,,,,,,no candidate
s2088,Santana,2020,"Action & Adventure, International Movies",Movie,,,,,,no candidate
s2089,Unknown Origins,2020,"International Movies, Thrillers",Movie,,,,,,no candidate
s2091,Edge of Seventeen,1998,"Comedies, Dramas, Independent Movies",Movie,1615,"Edge, The (1997)",100.0,0.0,0.5,MovieLens title nested inside Netflix title (likely different film)
s2092,The Bridge Curse,2020,"Horror Movies, International Movies, Thrillers",Movie,,,,,,no candidate
s2093,The Young Messiah,2016,"Dramas, Faith & Spirituality",Movie,,,,,,no candidate
s2095,Lingua Franca,2019,"Dramas, International Movies, LGBTQ Movies",Movie,,,,,,no candidate
s2096,Making The Witcher,2020,Documentaries,Movie,,,,,,no candidate
s2098,Rising Phoenix,2020,"Documentaries, International Movies, Sports Movies",Movie,,,,,,no candidate
s2101,Septembers of Shiraz,2016,"Dramas, Thrillers",Movie,,,,,,no candidate
s2104,Class of '83,2020,"Dramas, International Movies, Thrillers",Movie,,,,,,no candidate
s2105,Dark Forces,2020,"Horror Movies, Independent Movies, International Movies",Movie,,,,,,no candidate
s2108,The Sleepover,2020,"Action & Adventure, Children & Family Movies, Comedies",Movie,,,,,,no candidate
s2110,John Was Trying to Contact Aliens,2020,"Documentaries, LGBTQ Movies",Movie,,,,,,no candidate
s2111,Scarecrow,2019,"Comedies, International Movies",Movie,,,,,,no candidate
s2112,The Crimes That Bind,2020,"Dramas, International Movies",Movie,,,,,,no candidate
s2115,Little Singham: Kaal Ka Badla,2020,"Children & Family Movies, Comedies",Movie,,,,,,no candidate
s2116,Drunk Parents,2019,Comedies,Movie,,,,,,no candidate
s2117,Meet the In-Laws,2017,"Comedies, Dramas, International Movies",Movie,,,,,,no candidate
s2118,Crazy Awesome Teachers,2020,"Comedies, Dramas, International Movies",Movie,,,,,,no candidate
s2120,Islands of Faith,2018,"Documentaries, Faith & Spirituality, International Movies",Movie,,,,,,no candidate
s2127,What's Your Raashee?,2009,"Comedies, International Movies, Music & Musicals",Movie,90576,What's Your Number? (2011),75.9,0.0,0.0,genre conflict
s2129,Beyond the Boundary: ICC Women's T20 World Cup Australia 2020,2020,"Documentaries, International Movies, Sports Movies",Movie,,,,,,no candidate
s2130,Fearless,2020,"Children & Family Movies, Comedies",Movie,,,,,,year mismatch on exact title
s2131,Nigerian Prince,2018,"Dramas, Independent Movies",Movie,,,,,,no candidate
s2132,Octonauts & the Caves of Sac Actun,2020,Children & Family Movies,Movie,,,,,,no candidate
s2133,Project Power,2020,Action & Adventure,Movie,,,,,,no candidate
s2138,An Easy Girl,2019,"Comedies, Dramas, International Movies",Movie,,,,,,no candidate
s2139,Christine,2016,"Dramas, Independent Movies",Movie,,,,,,year mismatch on exact title
s2140,Simon Killer,2012,"Dramas, Independent Movies, Thrillers",Movie,95761,Killer Joe (2011),75.0,0.0,0.33,"subset match, insufficient evidence (score 75, margin 75)"
s2142,Gunjan Saxena: The Kargil Girl,2020,"Action & Adventure, Dramas, International Movies",Movie,,,,,,no candidate
s2144,"Rob Schneider: Asian Momma, Mexican Kids",2020,Stand-Up Comedy,Movie,,,,,,no candidate
s2147,The Lost Husband,2020,"Dramas, Romantic Movies",Movie,,,,,,no candidate
s2148,Diamonds in the Sky,2018,"Dramas, International Movies",Movie,155288,Eye in the Sky (2016),83.3,0.0,0.33,"subset match, insufficient evidence (score 83, margin 83)"
s2150,We Summon the Darkness,2020,"Horror Movies, Thrillers",Movie,,,,,,no candidate
s2151,"Berlin, Berlin: Lolle on the Run",2020,"Comedies, International Movies",Movie,,,,,,no candidate
s2155,Stars in the Sky: A Hunting Story,2018,Documentaries,Movie,155288,Eye in the Sky (2016),83.3,0.0,0.0,genre conflict
s2156,The Magic School Bus Rides Again Kids In Space,2020,Children & Family Movies,Movie,,,,,,no candidate
s2160,Work It,2020,Comedies,Movie,175303,It (2017),100.0,0.0,,MovieLens title nested inside Netflix title (likely different film)
s2162,Nasha Natasha,2020,"Documentaries, International Movies, Music & Musicals",Movie,,,,,,no candidate
s2164,Anelka: Misunderstood,2020,"Documentaries, International Movies, Sports Movies",Movie,,,,,,no candidate
s2165,Sin City,2019,"International Movies, Thrillers",Movie,,,,,,year mismatch on exact title
s2167,A Go! Go! Cory Carson Summer Camp,2020,Children & Family Movies,Movie,,,,,,no candidate
s2168,Malibu Rescue: The Next Wave,2020,"Children & Family Movies, Comedies",Movie,,,,,,no candidate
s2170,Sam Jay: 3 In The Morning,2020,Stand-Up Comedy,Movie,,,,,,no candidate
s2172,Almost Love,2020,"Comedies, Dramas, Independent Movies",Movie,,,,,,no candidate
s2173,Killing Hasselhoff,2017,Comedies,Movie,,,,,,no candidate
s2177,Rogue Warfare: The Hunt,2020,Action & Adventure,Movie,,,,,,no candidate
s2178,Super Monsters: The New Class,2020,Children & Family Movies,Movie,,,,,,no candidate
s2180,The Ottoman Lieutenant,2017,"Dramas, Romantic Movies",Movie,,,,,,no candidate
s2183,Tumi or not Tumi,2020,Stand-Up Comedy,Movie,,,,,,no candidate
s2184,What Keeps You Alive,2018,"LGBTQ Movies, Thrillers",Movie,,,,,,no candidate
s2186,Latte and the Magic Waterstone,2020,"Children & Family Movies, Comedies",Movie,,,,,,no candidate
s2187,Raat Akeli Hai,2020,"Dramas, International Movies, Thrillers",Movie,,,,,,no candidate
s2188,Seriously Single,2020,"Comedies, International Movies, Romantic Movies",Movie,,,,,,no candidate
s2189,Sugar High,2020,Children & Family Movies,Movie,,,,,,no candidate
s2192,Retablo,2017,"Dramas, International Movies",Movie,,,,,,no candidate
s2194,Uma Maheswara Ugra Roopasya,2020,"Comedies, Dramas, Independent Movies",Movie,,,,,,no candidate
s2196,It's Her Day,2016,"Comedies, International Movies, Romantic Movies",Movie,106920,Her (2013),100.0,100.0,0.33,MovieLens title nested inside Netflix title (likely different film)
s2197,Redemption,2019,"Dramas, International Movies, Thrillers",Movie,,,,,,no candidate
s2198,Shine Your Eyes,2020,"Dramas, Independent Movies, International Movies",Movie,,,,,,no candidate
s2199,The Hater,2020,"Dramas, International Movies, Thrillers",Movie,,,,,,no candidate
s2200,The Speed Cubers,2020,Documentaries,Movie,,,,,,no candidate
s2201,Tread,2019,Documentaries,Movie,,,,,,no candidate
s2203,Banana Split,2020,"Comedies, Dramas, Independent Movies",Movie,166534,Split (2017),100.0,0.0,0.33,MovieLens title nested inside Netflix title (likely different film)
s2205,Door Ke Darshan,2020,"Comedies, International Movies",Movie,,,,,,no candidate
s2206,Double World,2020,"Action & Adventure, International Movies",Movie,,,,,,no candidate
s2207,Project Marathwada,2016,"Dramas, Independent Movies, International Movies",Movie,,,,,,no candidate
s2208,Animal Crackers,2020,"Children & Family Movies, Comedies",Movie,,,,,,year mismatch on exact title
s2209,Dragons: Rescue Riders: Secrets of the Songwing,2020,"Children & Family Movies, Comedies",Movie,,,,,,no candidate
s2210,Nimbe,2019,"Dramas, International Movies",Movie,,,,,,no candidate
s2211,Offering to the Storm,2020,"International Movies, Thrillers",Movie,,,,,,no candidate
s2212,Romance Doll,2020,"Dramas, International Movies, Romantic Movies",Movie,,,,,,no candidate
s2214,The Kissing Booth 2,2020,"Comedies, Romantic Movies",Movie,,,,,,no candidate
s2216,The Larva Island Movie,2020,"Children & Family Movies, Comedies",Movie,,,,,,no candidate
s2217,The Letter Reader,2019,"Dramas, International Movies",Movie,,,,,,no candidate
s2220,The Remix: Hip Hop X Fashion,2019,"Documentaries, Music & Musicals",Movie,,,,,,no candidate
s2221,Ip Man 4: The Finale,2019,"Action & Adventure, Dramas, International Movies",Movie,,,,,,no candidate
s2222,Jack Whitehall: I'm Only Joking,2020,Stand-Up Comedy,Movie,181065,Jack Whitehall: At Large (2017),75.7,0.0,1.0,"subset match, insufficient evidence (score 76, margin 76)"
s2225,Funan,2018,"Dramas, International Movies",Movie,,,,,,no candidate
s2229,Father Soldier Son,2020,Documentaries,Movie,,,,,,no candidate
s2232,The Millions,2019,"Comedies, International Movies",Movie,,,,,,year mismatch on exact title
s2233,Fatal Affair,2020,Thrillers,Movie,,,,,,no candidate
s2234,MILF,2018,"Comedies, International Movies, Romantic Movies",Movie,,,,,,no candidate
s2235,Cold Feet,2019,"Dramas, International Movies, Romantic Movies",Movie,,,,,,no candidate
s2237,Little Singham: Legend of Dugabakka,2020,"Children & Family Movies, Comedies",Movie,,,,,,no candidate
s2240,Sylvia,2018,"Dramas, International Movies, Thrillers",Movie,,,,,,year mismatch on exact title
s2241,The Players,2020,"Comedies, International Movies",Movie,,,,,,no candidate
s2243,Urzila Carlson: Overqualified Loser,2020,Stand-Up Comedy,Movie,,,,,,no candidate
s2244,We Are One,2020,"Documentaries, International Movies, Music & Musicals",Movie,,,,,,no candidate
s2245,Hole in the Wall,2016,"Dramas, International Movies",Movie,,,,,,no candidate
s2248,Mama's Boy,2018,"Comedies, International Movies",Movie,,,,,,no candidate
s2249,The Claudia Kishi Club,2020,Documentaries,Movie,,,,,,no candidate
s2251,The Old Guard,2020,Action & Adventure,Movie,,,,,,no candidate
s2253,Your Excellency,2019,"Comedies, International Movies",Movie,,,,,,no candidate
s2257,Born Racer,2018,"Documentaries, Sports Movies",Movie,,,,,,no candidate
s2258,Mucho Mucho Amor: The Legend of Walter Mercado,2020,"Documentaries, LGBTQ Movies",Movie,,,,,,no candidate
s2260,The Long Dumb Road,2018,"Comedies, Independent Movies",Movie,,,,,,no candidate
s2262,Jim Jefferies: Intolerant,2020,Stand-Up Comedy,Movie,,,,,,no candidate
s2263,A Kid from Coney Island,2019,"Documentaries, Sports Movies",Movie,,,,,,no candidate
s2264,PNL - Dans la légende tour,2020,"International Movies, Music & Musicals",Movie,,,,,,no candidate
s2265,Aiyyaa,2012,"Comedies, International Movies, Music & Musicals",Movie,,,,,,no candidate
s2266,Bbuddah Hoga Terra Baap,2011,"Action & Adventure, Comedies, Dramas",Movie,,,,,,no candidate
s2267,Blood Money,2012,"Dramas, International Movies, Romantic Movies",Movie,,,,,,no candidate
s2268,Bombay Talkies,2013,"Dramas, International Movies",Movie,,,,,,no candidate
s2270,Budhia Singh: Born to Run,2016,"Dramas, Independent Movies, International Movies",Movie,,,,,,no candidate
s2271,Chashme Baddoor,2013,"Comedies, International Movies, Music & Musicals",Movie,,,,,,no candidate
s2272,Dharam Sankat Mein,2015,"Comedies, Dramas, International Movies",Movie,,,,,,no candidate
s2273,Drishyam,2015,"Dramas, International Movies, Thrillers",Movie,,,,,,no candidate
s2274,Gabbar Is Back,2015,"Action & Adventure, Dramas, International Movies",Movie,,,,,,no candidate
s2275,Gollu Aur Pappu,2014,"Action & Adventure, Comedies, International Movies",Movie,,,,,,no candidate
s2277,Inkaar,2013,"Dramas, International Movies, Romantic Movies",Movie,,,,,,no candidate
s2278,Madras Café,2013,"Dramas, International Movies, Thrillers",Movie,,,,,,no candidate
s2279,Mary Kom,2014,"Dramas, International Movies, Sports Movies",Movie,,,,,,no candidate
s2280,Michael,2011,"Dramas, Independent Movies, International Movies",Movie,,,,,,year mismatch on exact title
s2281,Mumbai Delhi Mumbai,2014,"Comedies, International Movies, Romantic Movies",Movie,,,,,,no candidate
s2282,Oh My God,2012,"Comedies, Dramas, International Movies",Movie,104069,Louis C.K.: Oh My God (2013),100.0,0.0,0.0,genre conflict
s2283,One by Two,2014,"Comedies, Dramas, International Movies",Movie,113705,"Two Days, One Night (Deux jours, une nuit) (2014)",82.4,0.0,1.0,"subset match, insufficient evidence (score 82, margin 82)"
s2284,Only,2019,"Dramas, Independent Movies, Romantic Movies",Movie,,,,,,no candidate
s2285,Penalty,2019,"Dramas, Independent Movies, International Movies",Movie,,,,,,no candidate
s2286,Players,2012,"Action & Adventure, International Movies",Movie,104245,Planes (2013),76.9,0.0,0.25,score 77 < 90
s2287,Pyaar Ka Punchnama 2,2015,"Comedies, Dramas, International Movies",Movie,,,,,,no candidate
s2288,Queen,2014,"Comedies, Dramas, International Movies",Movie,96150,"Queen of Versailles, The (2012)",100.0,0.0,0.0,genre conflict
s2289,Shaitan,2011,"Action & Adventure, Dramas, Independent Movies",Movie,,,,,,no candidate
s2290,Special 26,2013,"Dramas, International Movies, Thrillers",Movie,104644,Maria Bamford: The Special Special Special! (2012),82.4,82.4,0.0,genre conflict
s2291,Tanu Weds Manu,2011,"Comedies, Dramas, International Movies",Movie,,,,,,no candidate
s2292,What the Fish,2013,"Comedies, International Movies",Movie,115122,What We Do in the Shadows (2014),76.2,0.0,,"subset match, insufficient evidence (score 76, margin 76)"
s2295,Desperados,2020,"Comedies, Romantic Movies",Movie,,,,,,no candidate
s2296,Hunter in the Blue Side of Manchester,2020,"Dramas, International Movies",Movie,,,,,,no candidate
s2301,The Perfect Picture: Ten Years Later,2019,"Comedies, Dramas, International Movies",Movie,,,,,,no candidate
s2303,Thiago Ventura: POKAS,2020,Stand-Up Comedy,Movie,,,,,,no candidate
s2305,#AnneFrank - Parallel Stories,2019,"Documentaries, International Movies",Movie,,,,,,no candidate
s2309,Adú,2020,"Dramas, International Movies",Movie,,,,,,no candidate
s2310,Ali Baba ve 7 Cüceler,2015,"Action & Adventure, Comedies, International Movies",Movie,,,,,,no candidate
s2311,David Foster: Off the Record,2019,"Documentaries, Music & Musicals",Movie,,,,,,no candidate
s2313,Pek Yakında,2014,"Comedies, International Movies",Movie,,,,,,no candidate
s2316,The F**k-It List,2019,Comedies,Movie,175303,It (2017),100.0,0.0,,MovieLens title nested inside Netflix title (likely different film)
s2317,The Silence of Others,2019,"Documentaries, International Movies",Movie,143367,Silence (2016),100.0,0.0,0.0,genre conflict
s2320,Under the Riccione Sun,2020,"Comedies, International Movies, Romantic Movies",Movie,,,,,,no candidate
s2322,George Lopez: We'll Do It For Half,2020,Stand-Up Comedy,Movie,175303,It (2017),100.0,0.0,0.0,genre conflict
s2324,The Mirror Boy,2011,"Action & Adventure, Dramas, International Movies",Movie,86000,Boy (2010),100.0,100.0,0.25,MovieLens title nested inside Netflix title (likely different film)
s2325,#FriendButMarried 2,2020,"Dramas, International Movies, Romantic Movies",Movie,,,,,,no candidate
s2326,Skin,2019,"Documentaries, International Movies",Movie,167036,Sing (2016),75.0,0.0,0.0,genre conflict
s2327,Thackeray (Marathi),2019,"Dramas, International Movies",Movie,,,,,,no candidate
s2329,Ride Like a Girl,2020,"Children & Family Movies, Dramas, Independent Movies",Movie,,,,,,no candidate
s2331,Eurovision Song Contest: The Story of Fire Saga,2020,"Comedies, Music & Musicals, Romantic Movies",Movie,,,,,,no candidate
s2333,Kasanova,2019,"Comedies, International Movies, Romantic Movies",Movie,,,,,,no candidate
s2334,Ordinary People,2016,"Dramas, Independent Movies, International Movies",Movie,,,,,,year mismatch on exact title
s2335,Seven (Tamil),2019,"Dramas, International Movies, Romantic Movies",Movie,,,,,,no candidate
s2336,Seven (Telugu),2019,"Dramas, International Movies, Romantic Movies",Movie,,,,,,no candidate
s2337,Thackeray (Hindi),2019,"Dramas, International Movies",Movie,,,,,,no candidate
s2339,Krishna and His Leela,2020,"International Movies, Romantic Movies",Movie,,,,,,no candidate
s2340,Prem Ratan Dhan Payo,2015,"Action & Adventure, Dramas, International Movies",Movie,,,,,,no candidate
s2341,Vivah,2006,"Dramas, International Movies, Romantic Movies",Movie,,,,,,no candidate
s2342,Athlete A,2020,"Documentaries, Sports Movies",Movie,,,,,,no candidate
s2343,Bulbbul,2020,"Horror Movies, International Movies",Movie,,,,,,no candidate
s2345,Nobody Knows I'm Here,2020,"Dramas, Independent Movies, International Movies",Movie,,,,,,no candidate
s2346,Eric Andre: Legalize Everything,2020,Stand-Up Comedy,Movie,,,,,,no candidate
s2348,Kappela,2020,"Dramas, Independent Movies, International Movies",Movie,,,,,,no candidate
s2349,The Royal Hibiscus Hotel,2017,"Comedies, International Movies, Romantic Movies",Movie,,,,,,no candidate
s2351,Woodshock,2017,"Dramas, Independent Movies, Thrillers",Movie,,,,,,no candidate
s2352,Elevator Baby,2019,"Dramas, International Movies",Movie,,,,,,no candidate
s2354,Chaman Bahaar,2020,"Comedies, Dramas, International Movies",Movie,,,,,,no candidate
s2355,Destiny,1997,"Dramas, International Movies",Movie,228,Destiny Turns on the Radio (1995),100.0,0.0,0.0,genre conflict
s2356,Disclosure,2020,"Documentaries, LGBTQ Movies",Movie,,,,,,year mismatch on exact title
s2357,Feel the Beat,2020,"Children & Family Movies, Comedies, Dramas",Movie,,,,,,no candidate
s2359,Lost Bullet,2020,"Action & Adventure, Dramas, International Movies",Movie,,,,,,no candidate
s2361,One-Way to Tomorrow,2020,"Dramas, International Movies, Romantic Movies",Movie,,,,,,no candidate
s2362,The Emigrant,1994,"Dramas, International Movies",Movie,,,,,,no candidate
s2364,Wasp Network,2020,"Dramas, International Movies, Thrillers",Movie,,,,,,no candidate
s2365,A Whisker Away,2020,"Anime Features, Children & Family Movies, International Movies",Movie,,,,,,no candidate
s2366,Alexandria ... Why?,1979,"Classic Movies, Dramas, International Movies",Movie,,,,,,no candidate
s2367,Alexandria: Again and Forever,1989,"Classic Movies, Dramas, International Movies",Movie,4462,18 Again! (1988),76.9,0.0,0.0,genre conflict
s2368,An Egyptian Story,1982,"Classic Movies, Dramas, Independent Movies",Movie,,,,,,no candidate
s2369,Cairo Station,1958,"Classic Movies, Dramas, International Movies",Movie,,,,,,no candidate
s2370,Dark Waters,1956,"Classic Movies, Dramas, International Movies",Movie,,,,,,no candidate
s2371,El límite infinito,2020,"Documentaries, International Movies, Sports Movies",Movie,,,,,,no candidate
s2372,Lola Igna,2019,"Comedies, International Movies",Movie,,,,,,no candidate
s2373,One Take,2020,"Documentaries, International Movies, Music & Musicals",Movie,,,,,,no candidate
s2374,Saladin,1963,"Action & Adventure, Classic Movies, Dramas",Movie,,,,,,no candidate
s2375,Stray Bullet,2010,"Dramas, International Movies, Romantic Movies",Movie,,,,,,no candidate
s2376,The Blazing Sun,1954,"Classic Movies, Dramas, International Movies",Movie,,,,,,no candidate
s2377,The Land,1970,"Classic Movies, Dramas, International Movies",Movie,,,,,,no candidate
s2380,An Evening with Beverly Luff Linn,2018,"Comedies, Independent Movies",Movie,,,,,,no candidate
s2381,Riding Faith,2020,"Children & Family Movies, Dramas, Faith & Spirituality",Movie,,,,,,no candidate
s2382,Last Flight to Abuja,2012,"Dramas, International Movies",Movie,97923,Flight (2012),100.0,0.0,1.0,MovieLens title nested inside Netflix title (likely different film)
s2383,The Darkness,2016,"Horror Movies, Thrillers",Movie,102445,Star Trek Into Darkness (2013),100.0,0.0,0.0,genre conflict
s2385,The Show Must Go On: The Queen + Adam Lambert Story,2019,"Documentaries, Music & Musicals",Movie,,,,,,no candidate
s2386,Underdogs,2013,"Children & Family Movies, Sports Movies",Movie,,,,,,no candidate
s2387,Wira,2019,"Action & Adventure, Dramas, International Movies",Movie,,,,,,no candidate
s2388,4th Republic,2019,"Dramas, International Movies, Thrillers",Movie,,,,,,no candidate
s2390,Asura Guru,2020,"Dramas, International Movies",Movie,,,,,,no candidate
s2392,Milea,2020,"Dramas, International Movies, Romantic Movies",Movie,,,,,,no candidate
s2393,Axone,2020,"Comedies, Dramas, Independent Movies",Movie,,,,,,no candidate
s2394,Da 5 Bloods,2020,"Action & Adventure, Dramas",Movie,,,,,,no candidate
s2398,Jo Koy: In His Elements,2020,Stand-Up Comedy,Movie,,,,,,no candidate
s2399,Okko's Inn,2018,"Anime Features, Children & Family Movies",Movie,,,,,,no candidate
s2403,From A to B,2014,"Comedies, Dramas, International Movies",Movie,,,,,,no candidate
s2404,Menahi,2008,"Comedies, International Movies",Movie,,,,,,no candidate
s2411,The Witch: Part 1 - The Subversion,2018,"Action & Adventure, International Movies, Sci-Fi & Fantasy",Movie,140267,The Witch (2015),100.0,0.0,0.0,genre conflict
s2412,Before I Fall,2017,"Dramas, Romantic Movies",Movie,133545,Just Before I Go (2014),76.2,0.0,0.33,"subset match, insufficient evidence (score 76, margin 76)"
s2413,365 Days,2020,"Dramas, International Movies, Romantic Movies",Movie,,,,,,no candidate
s2414,Forensic,2020,"International Movies, Thrillers",Movie,,,,,,no candidate
s2415,Project Papa,2018,"Dramas, Independent Movies, International Movies",Movie,,,,,,no candidate
s2417,The Night Clerk,2020,"Dramas, Independent Movies",Movie,,,,,,no candidate
s2419,Before the Summer Crowds,2016,"Dramas, International Movies",Movie,,,,,,no candidate
s2420,Big Stone Gap,2014,"Comedies, Romantic Movies",Movie,,,,,,no candidate
s2421,Choked: Paisa Bolta Hai,2020,"Dramas, International Movies",Movie,,,,,,no candidate
s2422,Merry Men 2: Another Mission,2019,"Comedies, International Movies",Movie,,,,,,no candidate
s2425,The Last Days of American Crime,2020,"Action & Adventure, Dramas, Independent Movies",Movie,176751,American Made (2017),76.2,0.0,0.0,genre conflict
s2426,The Light of My Eyes,2010,"Dramas, International Movies, Romantic Movies",Movie,,,,,,no candidate
s2428,Hot Sweet Sour,2017,"Dramas, International Movies, Romantic Movies",Movie,,,,,,no candidate
s2429,Overnight Republic,2017,"Comedies, International Movies",Movie,127204,The Overnight (2015),100.0,0.0,,MovieLens title nested inside Netflix title (likely different film)
s2430,Can’t Complain,2007,"Comedies, International Movies, Romantic Movies",Movie,,,,,,no candidate
s2432,Spelling the Dream,2020,"Children & Family Movies, Documentaries",Movie,,,,,,no candidate
s2434,Andaleeb El Dokki,2008,"Comedies, International Movies",Movie,,,,,,no candidate
s2435,Let's Dance,2006,"Comedies, Dramas, International Movies",Movie,,,,,,no candidate
s2436,Life's Speed Bump,2006,"Comedies, International Movies",Movie,,,,,,no candidate
s2437,Mr. Romantic,2009,"Comedies, International Movies, Romantic Movies",Movie,81949,"Romantics, The (2010)",80.0,0.0,0.33,score 80 < 90
s2438,My Horrible Grandma,2012,"Comedies, Dramas, International Movies",Movie,,,,,,no candidate
s2439,Sorry To Disturb,2008,"Dramas, International Movies",Movie,,,,,,no candidate
s2440,The Student Cop,2004,"Action & Adventure, Comedies, International Movies",Movie,,,,,,no candidate
s2441,True: Rainbow Rescue,2020,Children & Family Movies,Movie,,,,,,no candidate
s2442,What's Up?,2006,"Comedies, Dramas, International Movies",Movie,68954,Up (2009),100.0,80.0,0.25,MovieLens title nested inside Netflix title (likely different film)
s2443,X Large,2011,"Comedies, International Movies, Romantic Movies",Movie,,,,,,no candidate
s2444,122,2019,"Horror Movies, International Movies",Movie,,,,,,no candidate
s2446,Chippa,2020,"Comedies, Dramas, Independent Movies",Movie,,,,,,no candidate
s2447,Cook Off,2017,"Comedies, International Movies, Romantic Movies",Movie,,,,,,no candidate
s2449,Kalek Shanab,2019,"Comedies, International Movies",Movie,,,,,,no candidate
s2452,Mirai,2018,"Action & Adventure, Anime Features, Children & Family Movies",Movie,,,,,,no candidate
s2456,The Stolen,2016,Dramas,Movie,,,,,,no candidate
s2457,High Strung Free Dance,2019,"Dramas, Music & Musicals, Romantic Movies",Movie,,,,,,no candidate
s2458,Freej Al Taibeen,2018,"Comedies, Dramas, International Movies",Movie,,,,,,no candidate
s2459,Kenny Sebastian: The Most Interesting Person in the Room,2020,Stand-Up Comedy,Movie,,,,,,no candidate
s2461,The Other,1999,"Dramas, International Movies, Romantic Movies",Movie,1493,Love and Other Catastrophes (1996),100.0,100.0,0.5,"subset match, insufficient evidence (score 100, margin 0)"
s2464,Grandmother's Farm,2014,"Comedies, Horror Movies, International Movies",Movie,,,,,,no candidate
s2465,Grandmother's Farm Part 2,2015,"Comedies, Horror Movies, International Movies",Movie,,,,,,no candidate
s2466,Intuition,2020,"Dramas, International Movies, Thrillers",Movie,,,,,,no candidate
s2468,I'm No Longer Here,2019,"Dramas, Independent Movies, International Movies",Movie,,,,,,no candidate
s2469,Hannah Gadsby: Douglas,2020,Stand-Up Comedy,Movie,,,,,,no candidate
s2470,Ne Zha,2019,"Action & Adventure, Comedies, International Movies",Movie,,,,,,no candidate
s2472,Uncut Gems,2019,"Dramas, Thrillers",Movie,,,,,,no candidate
s2475,One Day We'll Talk About Today,2020,"Dramas, International Movies",Movie,,,,,,no candidate
s2476,Si Doel the Movie 3,2020,"Dramas, International Movies, Music & Musicals",Movie,,,,,,no candidate
s2478,Living in Bondage: Breaking Free,2019,"Horror Movies, International Movies, Thrillers",Movie,,,,,,no candidate
s2479,Modest Heroes: Ponoc Short Films Theatre,2018,"Anime Features, Children & Family Movies",Movie,,,,,,no candidate
s2480,The Lovebirds,2020,"Action & Adventure, Comedies, Romantic Movies",Movie,,,,,,no candidate
s2482,#FriendButMarried,2018,"Dramas, International Movies, Romantic Movies",Movie,,,,,,no candidate
s2483,Bye Bye London,1981,"Comedies, Dramas, International Movies",Movie,1321,"American Werewolf in London, An (1981)",75.0,0.0,0.0,genre conflict
s2484,Fifty Year Old Teenager,1996,"Comedies, International Movies",Movie,,,,,,no candidate
s2485,Lock Your Girls In,1982,"Comedies, International Movies, Romantic Movies",Movie,,,,,,no candidate
s2486,Mujeres arriba,2019,"Comedies, International Movies, Romantic Movies",Movie,,,,,,no candidate
s2488,No Longer kids,1979,"Comedies, Dramas, International Movies",Movie,,,,,,no candidate
s2489,Raya and Sakina,1984,"Comedies, Dramas, International Movies",Movie,,,,,,no candidate
s2490,Sayed the Servant,1985,"Comedies, International Movies",Movie,,,,,,no candidate
s2491,The Married Couples,1981,"Comedies, International Movies, Romantic Movies",Movie,,,,,,no candidate
s2492,The School of Mischief,1973,"Comedies, Dramas, International Movies",Movie,,,,,,no candidate
s2493,The Witness Who Didn't See Anything,1976,"Comedies, International Movies",Movie,,,,,,no candidate
s2494,Anchor Baby,2010,"Dramas, International Movies",Movie,,,,,,no candidate
s2495,Ben Platt Live from Radio City Music Hall,2020,Music & Musicals,Movie,,,,,,no candidate
s2497,Honeytrap,2014,"Dramas, Independent Movies",Movie,,,,,,no candidate
s2498,I Will Follow,2010,"Dramas, Independent Movies, Romantic Movies",Movie,113350,I'll Follow You Down (2013),76.2,0.0,0.25,"subset match, insufficient evidence (score 76, margin 76)"
s2499,Mutiny of the Worker Bees,2020,"Comedies, International Movies",Movie,,,,,,no candidate
s2501,What Are the Odds?,2020,"Comedies, Dramas, Independent Movies",Movie,,,,,,no candidate
s2502,Either Me Or My Auntie,2006,"Comedies, International Movies",Movie,,,,,,no candidate
s2503,Escaping Tel Aviv,2009,"Action & Adventure, International Movies",Movie,,,,,,no candidate
s2504,Game Over,2012,"Comedies, International Movies, Romantic Movies",Movie,121129,The Hungover Games (2014),78.3,0.0,0.0,genre conflict
s2505,Karkar,2007,"Comedies, International Movies",Movie,,,,,,no candidate
s2506,My Sleeping Lover,2008,"Comedies, International Movies",Movie,,,,,,no candidate
s2507,Omar & Salma 2,2009,"Comedies, International Movies",Movie,,,,,,no candidate
s2510,Tarek's Situation,2006,"Comedies, International Movies, Romantic Movies",Movie,,,,,,no candidate
s2511,The Beach Loafer,2004,"Comedies, International Movies",Movie,,,,,,no candidate
s2513,Zaki Chan,2005,"Comedies, International Movies, Romantic Movies",Movie,,,,,,no candidate
s2514,Light in the Dark,2019,"Dramas, International Movies",Movie,,,,,,no candidate
s2517,The End,2019,"Action & Adventure, Comedies, International Movies",Movie,,,,,,no candidate
s2521,Heaven Without People,2017,"Dramas, International Movies",Movie,,,,,,no candidate
s2522,"I love you, stupid",2019,"Comedies, International Movies, Romantic Movies",Movie,,,,,,no candidate
s2532,Dilan 1990,2018,"Dramas, International Movies, Romantic Movies",Movie,,,,,,no candidate
s2533,Dilan 1991,2019,"Dramas, International Movies, Romantic Movies",Movie,,,,,,no candidate
s2534,Fan of Amoory,2018,"Children & Family Movies, Dramas, International Movies",Movie,,,,,,no candidate
s2535,Malang,2020,"Action & Adventure, International Movies, Romantic Movies",Movie,,,,,,no candidate
s2536,Match,2017,"Dramas, International Movies",Movie,,,,,,no candidate
s2537,Rencor tatuado,2018,"Dramas, Independent Movies, International Movies",Movie,,,,,,no candidate
s2538,The Delivery Boy,2018,"International Movies, Thrillers",Movie,,,,,,no candidate
s2539,Wedy Atkalam,2018,"Comedies, Dramas, International Movies",Movie,,,,,,no candidate
s2540,Fire in the Blood,2012,"Documentaries, International Movies",Movie,,,,,,no candidate
s2541,The Wrong Missy,2020,"Comedies, Romantic Movies",Movie,,,,,,no candidate
s2542,Ali & Alia,2019,"Dramas, International Movies, Romantic Movies",Movie,,,,,,no candidate
s2544,Unbreakable Kimmy Schmidt: Kimmy vs. the Reverend,2020,Comedies,Movie,,,,,,no candidate
s2545,Action Replayy,2010,"Children & Family Movies, Comedies, International Movies",Movie,,,,,,no candidate
s2546,Andaz Apna Apna,1994,"Action & Adventure, Comedies, Cult Movies",Movie,,,,,,no candidate
s2548,Have a Good Trip: Adventures in Psychedelics,2020,Documentaries,Movie,,,,,,no candidate
s2550,John Henry,2020,"Dramas, Thrillers",Movie,,,,,,no candidate
s2551,18 Presents,2020,"Dramas, Independent Movies, International Movies",Movie,,,,,,no candidate
s2556,Aerials,2016,"International Movies, Sci-Fi & Fantasy",Movie,,,,,,no candidate
s2557,In Paradox,2019,"International Movies, Sci-Fi & Fantasy, Thrillers",Movie,184253,The Cloverfield Paradox (2018),82.4,0.0,0.4,"subset match, insufficient evidence (score 82, margin 82)"
s2559,Si Doel the Movie,2018,"Dramas, International Movies",Movie,,,,,,no candidate
s2560,Becoming,2020,Documentaries,Movie,,,,,,no candidate
s2561,"Sí, Mi Amor",2020,"Comedies, International Movies, Romantic Movies",Movie,,,,,,no candidate
s2562,Jerry Seinfeld: 23 Hours To Kill,2020,Stand-Up Comedy,Movie,,,,,,no candidate
s2563,Arctic Dogs,2019,"Children & Family Movies, Comedies",Movie,,,,,,no candidate
s2564,Luccas Neto em: Acampamento de Férias 2,2020,"Children & Family Movies, Comedies, Music & Musicals",Movie,,,,,,no candidate
s2565,One Day: Justice Delivered,2019,"Dramas, International Movies",Movie,,,,,,no candidate
s2567,Bennett's War,2019,"Dramas, Sports Movies",Movie,,,,,,no candidate
s2568,Death Can Wait,2020,"Comedies, International Movies",Movie,,,,,,no candidate
s2571,Lady Driver,2019,"Dramas, Sports Movies",Movie,171763,Baby Driver (2017),81.8,0.0,0.0,genre conflict
s2572,Mike Birbiglia: My Girlfriend's Boyfriend,2013,Stand-Up Comedy,Movie,,,,,,no candidate
s2573,Roped,2020,"Children & Family Movies, Dramas, Romantic Movies",Movie,,,,,,no candidate
s2574,The Stand at Paxton County,2020,"Dramas, Independent Movies, Thrillers",Movie,,,,,,no candidate
s2577,All Day and a Night,2020,"Dramas, Independent Movies",Movie,,,,,,no candidate
s2578,Cracked Up: The Darrell Hammond Story,2018,Documentaries,Movie,,,,,,no candidate
s2579,Get In,2019,"International Movies, Thrillers",Movie,,,,,,no candidate
s2580,Go! Go! Cory Carson: The Chrissy,2020,Children & Family Movies,Movie,,,,,,no candidate
s2582,I Am Divine,2013,"Documentaries, LGBTQ Movies",Movie,,,,,,no candidate
s2583,Madagascar: Escape 2 Africa,2008,"Children & Family Movies, Comedies",Movie,33615,Madagascar (2005),100.0,100.0,0.25,MovieLens title nested inside Netflix title (likely different film)
s2585,Material,2012,"Comedies, Dramas, International Movies",Movie,90863,George Harrison: Living in the Material World (2011),100.0,0.0,0.0,genre conflict
s2588,Mrs. Serial Killer,2020,"International Movies, Thrillers",Movie,,,,,,no candidate
s2590,Psycho,2020,"Horror Movies, International Movies, Thrillers",Movie,,,,,,year mismatch on exact title
s2592,The Half Of It,2020,"Comedies, Dramas, LGBTQ Movies",Movie,175303,It (2017),100.0,0.0,0.0,genre conflict
s2594,Thomas & Friends: Marvelous Machinery: A New Arrival,2020,Children & Family Movies,Movie,,,,,,no candidate
s2595,Thomas & Friends: Marvelous Machinery: World of Tomorrow,2020,Children & Family Movies,Movie,,,,,,no candidate
s2596,Thomas & Friends: Thomas and the Royal Engine,2020,Children & Family Movies,Movie,,,,,,no candidate
s2598,Dangerous Lies,2020,Thrillers,Movie,,,,,,no candidate
s2602,Rich in Love,2020,"Comedies, International Movies, Romantic Movies",Movie,,,,,,no candidate
s2605,A Secret Love,2020,"Documentaries, LGBTQ Movies",Movie,,,,,,no candidate
s2606,Ekşi Elmalar,2016,"Dramas, International Movies",Movie,,,,,,no candidate
s2608,Love Is War,2019,"Comedies, Dramas, International Movies",Movie,,,,,,no candidate
s2609,Murder to Mercy: The Cyntoia Brown Story,2020,Documentaries,Movie,,,,,,no candidate
s2611,R.K.Nagar,2019,"Action & Adventure, Comedies, Dramas",Movie,,,,,,no candidate
s2613,Beynelmilel,2006,"Comedies, Dramas, International Movies",Movie,,,,,,no candidate
s2614,Bir Baba Hindu,2016,"Action & Adventure, Comedies, International Movies",Movie,,,,,,no candidate
s2615,Boushkash,2008,"Comedies, International Movies",Movie,,,,,,no candidate
s2616,Cinar Agaci,2011,"Comedies, Dramas, International Movies",Movie,,,,,,no candidate
s2617,Görümce,2016,"Comedies, International Movies, Music & Musicals",Movie,,,,,,no candidate
s2618,İstanbul Kırmızısı,2017,"Dramas, Independent Movies, International Movies",Movie,,,,,,no candidate
s2619,Küçük Esnaf,2016,"Comedies, International Movies",Movie,,,,,,no candidate
s2620,Lembi 8 Giga,2010,"Comedies, International Movies",Movie,,,,,,no candidate
s2621,Neseli Hayat,2009,"Comedies, International Movies",Movie,,,,,,no candidate
s2622,Organize Isler,2005,"Action & Adventure, Comedies, International Movies",Movie,,,,,,no candidate
s2623,The Reliant,2019,"Dramas, Faith & Spirituality",Movie,,,,,,no candidate
s2624,We'll Be Right Back After The Break,2012,"Action & Adventure, Comedies, International Movies",Movie,,,,,,no candidate
s2625,5Gang,2019,"Comedies, International Movies",Movie,,,,,,no candidate
s2626,Love Aaj Kal,2020,"Dramas, International Movies, Romantic Movies",Movie,,,,,,no candidate
s2627,The Lift Boy,2020,"Dramas, Independent Movies, International Movies",Movie,,,,,,no candidate
s2630,Bheeshma,2020,"Action & Adventure, Comedies, International Movies",Movie,,,,,,no candidate
s2631,Bittersweet,2010,"Comedies, Dramas, International Movies",Movie,,,,,,no candidate
s2634,She Made Me a Criminal,2006,"Comedies, International Movies",Movie,,,,,,no candidate
s2636,The Dealer,2010,"Action & Adventure, International Movies",Movie,70545,"Deal, The (2008)",80.0,0.0,0.0,genre conflict
s2637,The International Player,2009,"Dramas, International Movies, Sports Movies",Movie,66198,"International, The (2009)",100.0,0.0,0.5,MovieLens title nested inside Netflix title (likely different film)
s2638,The Promise,2008,"Dramas, International Movies",Movie,,,,,,no candidate
s2643,Kolaiyuthir Kaalam,2019,"International Movies, Thrillers",Movie,,,,,,no candidate
s2645,"Yours Sincerely, Kanan Gill",2020,Stand-Up Comedy,Movie,,,,,,no candidate
s2647,My Stupid Boss,2016,"Comedies, International Movies",Movie,157312,The Boss (2016),100.0,0.0,,MovieLens title nested inside Netflix title (likely different film)
s2648,My Stupid Boss 2,2019,"Comedies, International Movies",Movie,157312,The Boss (2016),100.0,0.0,,MovieLens title nested inside Netflix title (likely different film)
s2650,This Earth of Mankind,2019,"Dramas, International Movies",Movie,,,,,,no candidate
s2651,Time to Hunt,2020,"International Movies, Thrillers",Movie,,,,,,no candidate
s2653,Circus of Books,2020,"Documentaries, LGBTQ Movies",Movie,,,,,,no candidate
s2654,The Plagues of Breslau,2018,"International Movies, Thrillers",Movie,,,,,,no candidate
s2655,The Set Up,2019,"Dramas, International Movies",Movie,,,,,,no candidate
s2656,The Silence of the Marsh,2019,"International Movies, Thrillers",Movie,143367,Silence (2016),100.0,0.0,0.5,MovieLens title nested inside Netflix title (likely different film)
s2657,The Willoughbys,2020,"Children & Family Movies, Comedies",Movie,,,,,,no candidate
s2664,Varane Avashyamund,2020,"Comedies, Dramas, International Movies",Movie,,,,,,no candidate
s2668,Babamın Ceketi,2018,"Comedies, International Movies",Movie,,,,,,no candidate
s2669,Earth and Blood,2020,"Dramas, International Movies, Thrillers",Movie,,,,,,no candidate
s2672,Rising High,2020,"Dramas, International Movies",Movie,,,,,,no candidate
s2673,Sergio,2020,"Dramas, Independent Movies",Movie,,,,,,no candidate
s2674,The Legacy of the Bones,2019,"International Movies, Thrillers",Movie,,,,,,no candidate
s2675,Alelí,2019,"Comedies, Dramas, International Movies",Movie,,,,,,no candidate
s2679,Jem and the Holograms,2015,"Children & Family Movies, Dramas, Music & Musicals",Movie,,,,,,no candidate
s2680,Maurício Meirelles: Generating Chaos,2020,Stand-Up Comedy,Movie,,,,,,no candidate
s2681,Puerto Ricans in Paris,2015,Comedies,Movie,,,,,,no candidate
s2682,Stunt School,2019,"Children & Family Movies, Comedies, International Movies",Movie,,,,,,no candidate
s2683,For the Broken Hearted,2018,"Dramas, International Movies, Romantic Movies",Movie,,,,,,no candidate
s2684,Mischief,2019,"Comedies, Dramas, Independent Movies",Movie,,,,,,year mismatch on exact title
s2686,World Famous Lover,2020,"Dramas, International Movies, Romantic Movies",Movie,,,,,,no candidate
s2687,Chris D'Elia: No Pain,2020,Stand-Up Comedy,Movie,,,,,,no candidate
s2688,New Money,2018,"Dramas, International Movies",Movie,,,,,,no candidate
s2689,Moms at War,2018,"Comedies, Dramas, International Movies",Movie,,,,,,no candidate
s2690,Surviving R. Kelly: The Impact,2019,Documentaries,Movie,,,,,,no candidate
s2691,Code 8,2019,"Action & Adventure, Independent Movies, International Movies",Movie,,,,,,no candidate
s2693,LA Originals,2020,"Documentaries, International Movies, Music & Musicals",Movie,,,,,,no candidate
s2694,Love Wedding Repeat,2020,"Comedies, International Movies, Romantic Movies",Movie,,,,,,no candidate
s2695,School Life,2019,"Comedies, Dramas, International Movies",Movie,,,,,,no candidate
s2696,The Main Event,2020,"Children & Family Movies, Comedies, Sports Movies",Movie,,,,,,no candidate
s2698,Tigertail,2020,Dramas,Movie,,,,,,no candidate
s2701,Born Beautiful,2019,"Comedies, Dramas, International Movies",Movie,,,,,,no candidate
s2703,Tiffany Haddish: She Ready! From the Hood To Hollywood!,2017,Stand-Up Comedy,Movie,,,,,,no candidate
s2704,Mine 9,2019,"Dramas, Independent Movies",Movie,,,,,,no candidate
s2705,The Florida Project,2017,"Dramas, Independent Movies",Movie,,,,,,no candidate
s2706,Dark Light,2019,"Horror Movies, Independent Movies, Sci-Fi & Fantasy",Movie,,,,,,no candidate
s2707,The Killing of a Sacred Deer,2017,"Dramas, Independent Movies, Thrillers",Movie,,,,,,no candidate
s2708,Angel Has Fallen,2019,Action & Adventure,Movie,152079,London Has Fallen (2016),76.9,0.0,0.25,"subset match, insufficient evidence (score 77, margin 77)"
s2710,Coffee & Kareem,2020,"Action & Adventure, Comedies",Movie,,,,,,no candidate
s2712,Money Heist: The Phenomenon,2020,"Documentaries, International Movies",Movie,,,,,,no candidate
s2714,Sol Levante,2020,"Action & Adventure, Anime Features, International Movies",Movie,,,,,,no candidate
s2715,Violet Evergarden: Eternity and the Auto Memory Doll,2019,"Anime Features, International Movies, Sci-Fi & Fantasy",Movie,,,,,,no candidate
s2716,Agneepath,1990,"Dramas, International Movies",Movie,,,,,,no candidate
s2717,Brothers,2015,"Action & Adventure, Dramas, International Movies",Movie,152091,The Brothers Grimsby (2016),100.0,0.0,0.0,genre conflict
s2718,Chhota Bheem and the Curse of Damyaan,2012,Children & Family Movies,Movie,,,,,,no candidate
s2720,David Batra: Elefanten i rummet,2020,Stand-Up Comedy,Movie,,,,,,no candidate
s2721,Dostana,2008,"Comedies, Dramas, International Movies",Movie,,,,,,no candidate
s2722,Duniya,1984,"Action & Adventure, Dramas, International Movies",Movie,,,,,,no candidate
s2723,Duplicate,1998,"Comedies, Dramas, International Movies",Movie,,,,,,no candidate
s2724,Friendship,1980,"Action & Adventure, Dramas, International Movies",Movie,,,,,,no candidate
s2725,Gori Tere Pyaar Mein,2013,"Comedies, Dramas, International Movies",Movie,,,,,,no candidate
s2726,Gumrah,1993,"Action & Adventure, Dramas, International Movies",Movie,,,,,,no candidate
s2727,Hasee Toh Phasee,2014,"Comedies, Dramas, International Movies",Movie,,,,,,no candidate
s2729,Humpty Sharma Ki Dulhania,2014,"Comedies, International Movies, Romantic Movies",Movie,,,,,,no candidate
s2730,Kaal,2005,"Horror Movies, International Movies, Thrillers",Movie,,,,,,no candidate
s2731,Kabhi Alvida Naa Kehna,2006,"Dramas, International Movies, Romantic Movies",Movie,,,,,,no candidate
s2732,Kabhi Khushi Kabhie Gham,2001,"Dramas, International Movies",Movie,,,,,,no candidate
s2733,Kal Ho Naa Ho,2003,"Comedies, Dramas, International Movies",Movie,,,,,,no candidate
s2734,Kapoor & Sons,2016,"Comedies, Dramas, International Movies",Movie,,,,,,no candidate
s2735,Kuch Kuch Hota Hai,1998,"Comedies, Dramas, International Movies",Movie,,,,,,no candidate
s2736,Magnificent,2015,"Comedies, International Movies, Romantic Movies",Movie,162350,The Magnificent Seven (2016),100.0,76.2,0.0,genre conflict
s2738,Mighty Raju Rio Calling,2014,"Children & Family Movies, Sports Movies",Movie,86298,Rio (2011),100.0,75.0,0.25,MovieLens title nested inside Netflix title (likely different film)
s2739,Muqaddar ka Faisla,1987,"Action & Adventure, Comedies, Dramas",Movie,,,,,,no candidate
s2742,SETHUM AAYIRAM PON,2020,"Dramas, Independent Movies, International Movies",Movie,,,,,,no candidate
s2745,The Little Vampire,2017,Children & Family Movies,Movie,,,,,,year mismatch on exact title
s2748,Ungli,2014,"Comedies, Dramas, International Movies",Movie,,,,,,no candidate
s2750,Wildling,2018,"Horror Movies, Independent Movies, Sci-Fi & Fantasy",Movie,159061,The Wailing (2016),80.0,0.0,0.0,genre conflict
s2751,A truthful Mother,2020,Children & Family Movies,Movie,176419,Mother! (2017),100.0,0.0,0.0,genre conflict
s2754,Dave Chappelle: The Kennedy Center Mark Twain Prize for American Humor,2020,Stand-Up Comedy,Movie,176751,American Made (2017),76.2,75.0,0.0,genre conflict
s2755,Greater,2016,"Children & Family Movies, Dramas, Sports Movies",Movie,,,,,,no candidate
s2756,Indian Horse,2017,"Dramas, Independent Movies, Sports Movies",Movie,,,,,,no candidate
s2757,Paharganj,2019,"Dramas, Independent Movies, International Movies",Movie,,,,,,no candidate
s2758,Pretty Little Stalker,2018,Thrillers,Movie,,,,,,no candidate
s2759,Through My Father's Eyes: The Ronda Rousey Story,2019,"Documentaries, Sports Movies",Movie,,,,,,no candidate
s2761,Kannum Kannum Kollaiyadithaal,2020,"Comedies, Dramas, International Movies",Movie,,,,,,no candidate
s2763,Rogue Warfare,2019,Action & Adventure,Movie,,,,,,no candidate
s2764,Dragons: Rescue Riders: Hunt for the Golden Dragon,2020,"Children & Family Movies, Comedies",Movie,,,,,,no candidate
s2767,Maska,2020,"Comedies, Dramas, International Movies",Movie,,,,,,no candidate
s2769,The Decline,2020,"Action & Adventure, International Movies",Movie,,,,,,no candidate
s2770,There's Something in the Water,2019,"Documentaries, International Movies",Movie,,,,,,no candidate
s2771,True: Wuzzle Wegg Day,2020,Children & Family Movies,Movie,,,,,,no candidate
s2772,Uncorked,2020,"Dramas, Independent Movies",Movie,,,,,,no candidate
s2774,Willy and the Guardians of the Lake: Tales from the Lakeside Winter Adventure,2019,Children & Family Movies,Movie,141131,Guardians (2016),100.0,81.8,,MovieLens title nested inside Netflix title (likely different film)
s2776,Happy Old Year,2019,"Dramas, International Movies, Romantic Movies",Movie,,,,,,no candidate
s2777,Making Unorthodox,2020,"Documentaries, International Movies",Movie,,,,,,no candidate
s2779,Bethany Hamilton: Unstoppable,2019,"Children & Family Movies, Documentaries, Sports Movies",Movie,,,,,,no candidate
s2780,Crip Camp: A Disability Revolution,2020,Documentaries,Movie,,,,,,no candidate
s2781,Curtiz,2018,"Dramas, International Movies",Movie,,,,,,no candidate
s2782,The Occupant,2020,"Independent Movies, International Movies, Thrillers",Movie,,,,,,no candidate
s2783,Tom Segura: Ball Hog,2020,Stand-Up Comedy,Movie,,,,,,no candidate
s2787,A Life of Speed: The Juan Manuel Fangio Story,2020,"Documentaries, International Movies, Sports Movies",Movie,,,,,,no candidate
s2790,El silencio es bienvenido,2017,"Dramas, Independent Movies, International Movies",Movie,,,,,,no candidate
s2797,Ultras,2020,"Dramas, International Movies, Sports Movies",Movie,,,,,,no candidate
s2799,3022,2019,"Independent Movies, Sci-Fi & Fantasy, Thrillers",Movie,,,,,,no candidate
s2800,Altered Carbon: Resleeved,2020,"Action & Adventure, Anime Features, International Movies",Movie,,,,,,no candidate
s2801,Masameer - The Movie,2020,"Comedies, International Movies",Movie,,,,,,no candidate
s2802,AllI Wish,2017,"Dramas, Romantic Movies",Movie,,,,,,no candidate
s2804,Lu Over the Wall,2017,"Anime Features, Music & Musicals, Sci-Fi & Fantasy",Movie,,,,,,no candidate
s2806,XV: Beyond the Tryline,2016,"Documentaries, Sports Movies",Movie,,,,,,no candidate
s2807,Bert Kreischer: Hey Big Boy,2020,Stand-Up Comedy,Movie,,,,,,no candidate
s2811,Bypass Road,2019,"International Movies, Thrillers",Movie,,,,,,no candidate
s2812,Digs & Discoveries: All Track's Lead to Rome,2019,Children & Family Movies,Movie,164375,All Roads Lead to Rome (2016),84.2,0.0,0.0,genre conflict
s2813,Digs & Discoveries: Mines of Mystery,2019,Children & Family Movies,Movie,,,,,,no candidate
s2815,Steam Team to the Rescue,2019,Children & Family Movies,Movie,,,,,,no candidate
s2816,Jai Mummy Di,2020,"Comedies, International Movies, Romantic Movies",Movie,170827,The Mummy (2017),100.0,0.0,0.0,genre conflict
s2818,Baby Mamas,2018,"Comedies, Dramas, International Movies",Movie,,,,,,no candidate
s2820,Go Karts,2020,"Children & Family Movies, Dramas",Movie,,,,,,no candidate
s2821,Justine,2019,"Dramas, Independent Movies",Movie,,,,,,no candidate
s2823,Lost Girls,2020,Dramas,Movie,,,,,,no candidate
s2824,Miracle in Cell No. 7,2019,"Dramas, International Movies",Movie,,,,,,no candidate
s2829,Carmen Sandiego: To Steal or Not to Steal,2020,Children & Family Movies,Movie,,,,,,no candidate
s2830,Marc Maron: End Times Fun,2020,Stand-Up Comedy,Movie,,,,,,no candidate
s2831,Sitara: Let Girls Dream,2020,"Children & Family Movies, Dramas",Movie,,,,,,no candidate
s2832,Alakada Reloaded,2017,"Comedies, International Movies",Movie,,,,,,no candidate
s2833,All About Love,2017,"Dramas, International Movies, Romantic Movies",Movie,140162,Love (2015),100.0,0.0,1.0,MovieLens title nested inside Netflix title (likely different film)
s2834,Guilty,2020,"Dramas, International Movies",Movie,,,,,,no candidate
s2835,I am Jonas,2019,"Dramas, Independent Movies, International Movies",Movie,,,,,,no candidate
s2836,Miles Davis: Birth of the Cool,2019,"Documentaries, Music & Musicals",Movie,,,,,,no candidate
s2837,Spenser Confidential,2020,"Action & Adventure, Comedies",Movie,,,,,,no candidate
s2838,Twin Murders: the Silence of the White City,2020,"International Movies, Thrillers",Movie,,,,,,no candidate
s2840,93 Days,2016,"Dramas, International Movies, Thrillers",Movie,,,,,,no candidate
s2841,Angu Vaikuntapurathu (Malayalam),2020,"Action & Adventure, Comedies, Dramas",Movie,,,,,,no candidate
s2843,Tootsies & The Fake,2019,"Comedies, International Movies, LGBTQ Movies",Movie,,,,,,no candidate
s2844,Aurora,2010,"Dramas, International Movies",Movie,,,,,,no candidate
s2845,Lil Peep: Everybody’s Everything,2019,"Documentaries, Music & Musicals",Movie,,,,,,no candidate
s2846,The Death of Mr. Lazarescu,2005,"Dramas, International Movies",Movie,,,,,,no candidate
s2849,Luccas Neto in: The End of Christmas,2019,"Children & Family Movies, Comedies, Music & Musicals",Movie,,,,,,no candidate
s2850,Taylor Tomlinson: Quarter-Life Crisis,2020,Stand-Up Comedy,Movie,,,,,,no candidate
s2851,The Last Bomb of the Second World War,2019,"Dramas, Independent Movies, International Movies",Movie,,,,,,no candidate
s2852,Uncovered,2019,"Dramas, International Movies",Movie,,,,,,no candidate
s2853,W.E.,2011,"Dramas, Romantic Movies",Movie,62437,W. (2008),100.0,0.0,0.5,MovieLens title nested inside Netflix title (likely different film)
s2854,Fat Ballerina - David A. Arnold,2020,Stand-Up Comedy,Movie,,,,,,no candidate
s2857,Bhangra Paa Le,2019,"Comedies, Dramas, International Movies",Movie,,,,,,no candidate
s2859,Calico Critters: Everyone's Big Dream Flying in the Sky,2019,Children & Family Movies,Movie,155288,Eye in the Sky (2016),83.3,0.0,0.0,genre conflict
s2860,Frank & Lola,2016,"Dramas, Thrillers",Movie,112421,Frank (2014),100.0,0.0,0.25,MovieLens title nested inside Netflix title (likely different film)
s2862,Ordinary World,2016,"Comedies, Dramas, Music & Musicals",Movie,,,,,,no candidate
s2863,"Pop, Lock 'n Roll",2017,"Dramas, International Movies, Romantic Movies",Movie,,,,,,no candidate
s2865,Velvet Colección: Grand Finale,2020,"Dramas, International Movies, Romantic Movies",Movie,,,,,,no candidate
s2866,Voulez-vous rire avec moi ce soir?,2018,"Documentaries, International Movies",Movie,,,,,,no candidate
s2867,ZZ TOP: THAT LITTLE OL' BAND FROM TEXAS,2019,"Documentaries, Music & Musicals",Movie,,,,,,no candidate
s2868,All The Bright Places,2020,"Dramas, Romantic Movies",Movie,182823,Bright (2017),100.0,0.0,0.0,genre conflict
s2870,Amit Tandon: Family Tandoncies,2019,Stand-Up Comedy,Movie,,,,,,no candidate
s2874,Ala Vaikunthapurramuloo,2020,"Action & Adventure, Comedies, Dramas",Movie,,,,,,no candidate
s2877,Pokémon: Mewtwo Strikes Back - Evolution,2019,"Anime Features, Children & Family Movies",Movie,,,,,,no candidate
s2879,Couple of Days,2016,"Dramas, International Movies, Romantic Movies",Movie,,,,,,no candidate
s2880,Gbomo Gbomo Express,2015,"Dramas, International Movies",Movie,,,,,,no candidate
s2882,Taxi Driver,2015,"Comedies, Dramas, Independent Movies",Movie,,,,,,year mismatch on exact title
s2883,The Arbitration,2016,"Dramas, International Movies",Movie,,,,,,no candidate
s2886,When Love Happens,2014,"International Movies, Romantic Movies",Movie,140162,Love (2015),100.0,0.0,0.5,MovieLens title nested inside Netflix title (likely different film)
s2887,Pete Davidson: Alive From New York,2020,Stand-Up Comedy,Movie,,,,,,no candidate
s2888,Full Count,2019,"Children & Family Movies, Dramas, Faith & Spirituality",Movie,,,,,,no candidate
s2890,Girl on the Third Floor,2019,Horror Movies,Movie,162602,The Girl on the Train (2016),78.6,0.0,0.0,genre conflict
s2896,System Crasher,2020,"Dramas, Independent Movies, International Movies",Movie,,,,,,no candidate
s2897,The Body,2019,"International Movies, Thrillers",Movie,,,,,,year mismatch on exact title
s2898,The Last Thing He Wanted,2020,"Dramas, Thrillers",Movie,,,,,,no candidate
s2899,Yeh Ballet,2020,"Dramas, International Movies",Movie,,,,,,no candidate
s2900,Pretville,2012,"Comedies, International Movies, Music & Musicals",Movie,,,,,,no candidate
s2902,Untamed Romania,2018,"Children & Family Movies, Documentaries, International Movies",Movie,,,,,,no candidate
s2905,Miss Virginia,2019,"Dramas, Independent Movies",Movie,,,,,,no candidate
s2908,Term Life,2016,"Dramas, Thrillers",Movie,175707,A German Life (2016),80.0,76.2,0.0,genre conflict
s2909,The Forest,2016,"Horror Movies, Independent Movies",Movie,142424,Into the Forest (2015),100.0,0.0,0.0,genre conflict
s2910,Monster High: Electrified,2017,Movies,Movie,,,,,,no candidate
s2912,A Shaun the Sheep Movie: Farmageddon,2019,"Children & Family Movies, Comedies",Movie,,,,,,no candidate
s2913,Cuddle Weather,2019,"Dramas, International Movies, Romantic Movies",Movie,,,,,,no candidate
s2914,Fanatyk,2017,"Comedies, Dramas, Independent Movies",Movie,,,,,,no candidate
s2915,Isi & Ossi,2020,"Comedies, International Movies, Romantic Movies",Movie,,,,,,no candidate
s2916,Liefling,2010,"Comedies, International Movies, Music & Musicals",Movie,,,,,,no candidate
s2917,Panipat - The Great Betrayal,2019,"Dramas, International Movies, Romantic Movies",Movie,,,,,,no candidate
s2919,The Ghost and the Tout,2018,"Comedies, International Movies",Movie,,,,,,no candidate
s2920,Dragon Quest Your Story,2019,"Action & Adventure, Anime Features, Children & Family Movies",Movie,183199,Quest (2017),100.0,0.0,0.0,genre conflict
s2925,French Toast,2015,"Comedies, International Movies, Romantic Movies",Movie,,,,,,no candidate
s2926,To All the Boys: P.S. I Still Love You,2020,"Comedies, Romantic Movies",Movie,,,,,,no candidate
s2928,Captain Underpants Epic Choice-o-Rama,2020,"Children & Family Movies, Comedies",Movie,170939,Captain Underpants: The First Epic Movie (2017),76.7,0.0,0.25,"subset match, insufficient evidence (score 77, margin 77)"
s2930,ROAD TO ROMA,2020,"Documentaries, International Movies",Movie,,,,,,no candidate
s2931,Love for Sale 2,2019,"Dramas, International Movies, Romantic Movies",Movie,,,,,,no candidate
s2933,Fronteras,2018,"Dramas, Independent Movies, Thrillers",Movie,,,,,,no candidate
s2934,Polaroid,2019,Horror Movies,Movie,,,,,,no candidate
s2935,The Coldest Game,2019,"Dramas, International Movies, Thrillers",Movie,,,,,,no candidate
s2936,Thottappan,2019,"Comedies, Dramas, International Movies",Movie,,,,,,no candidate
s2937,Azali,2018,"Dramas, International Movies",Movie,,,,,,no candidate
s2940,Horse Girl,2020,"Dramas, Independent Movies",Movie,,,,,,no candidate
s2941,Jada,2019,"Dramas, International Movies, Sports Movies",Movie,,,,,,no candidate
s2944,The Ballad of Lefty Brown,2017,Dramas,Movie,,,,,,no candidate
s2947,Gardeners of Eden,2014,Documentaries,Movie,127184,Eden (2014),100.0,0.0,0.0,genre conflict
s2950,Uppity: The Willy T. Ribbs Story,2020,"Documentaries, Sports Movies",Movie,,,,,,no candidate
s2951,Dragonheart: Vengeance,2020,"Action & Adventure, Sci-Fi & Fantasy",Movie,,,,,,no candidate
s2952,"Faith, Hope & Love",2019,"Comedies, Faith & Spirituality, Romantic Movies",Movie,,,,,,no candidate
s2953,Tom Papa: You're Doing Great!,2020,Stand-Up Comedy,Movie,,,,,,no candidate
s2955,Thambi,2019,"International Movies, Thrillers",Movie,,,,,,no candidate
s2956,The Silent War,2020,"Dramas, International Movies, Thrillers",Movie,,,,,,no candidate
s2957,Chronically Metropolitan,2016,"Comedies, Dramas, Independent Movies",Movie,,,,,,no candidate
s2958,Hum Aapke Hain Koun,1994,"Classic Movies, Dramas, International Movies",Movie,,,,,,no candidate
s2961,Justice,2017,Movies,Movie,122898,Justice League (2017),100.0,100.0,,"subset match, insufficient evidence (score 100, margin 0)"
s2962,Love Jacked,2018,"Comedies, International Movies, Romantic Movies",Movie,140162,Love (2015),100.0,0.0,0.5,MovieLens title nested inside Netflix title (likely different film)
s2964,Misfit 2,2019,"Children & Family Movies, Comedies, International Movies",Movie,,,,,,no candidate
s2965,Night on Earth: Shot in the Dark,2020,Movies,Movie,,,,,,no candidate
s2969,The Car: Road to Revenge,2019,"Action & Adventure, Horror Movies, Sci-Fi & Fantasy",Movie,,,,,,no candidate
s2970,Together For Eternity,1999,"Dramas, International Movies, Music & Musicals",Movie,,,,,,no candidate
s2971,37 Seconds,2020,"Dramas, International Movies",Movie,,,,,,no candidate
s2973,Gang of the Caribbean,2016,"Dramas, International Movies",Movie,122896,Pirates of the Caribbean: Dead Men Tell No Tales (2017),86.5,0.0,,"subset match, insufficient evidence (score 86, margin 86)"
s2974,Hakkunde,2017,"Comedies, Dramas, Independent Movies",Movie,,,,,,no candidate
s2976,Miss Americana,2020,"Documentaries, Music & Musicals",Movie,,,,,,no candidate
s2982,Close Enemies,2018,"Dramas, International Movies",Movie,,,,,,no candidate
s2986,Shimla Mirchi,2020,"Comedies, International Movies, Romantic Movies",Movie,,,,,,no candidate
s2987,Sillu Karuppatti,2019,"Comedies, Dramas, Independent Movies",Movie,,,,,,no candidate
s2988,Vir Das: For India,2020,Stand-Up Comedy,Movie,,,,,,no candidate
s2989,Menashe,2017,"Dramas, Independent Movies",Movie,,,,,,no candidate
s2990,A Sun,2019,"Dramas, Independent Movies, International Movies",Movie,,,,,,no candidate
s2991,Die Ontwaking,2015,"International Movies, Thrillers",Movie,,,,,,no candidate
s2996,Airplane Mode,2020,"Comedies, International Movies, Romantic Movies",Movie,,,,,,no candidate
s2997,Alex Fernández: The Best Comedian in the World,2020,Stand-Up Comedy,Movie,,,,,,no candidate
s3003,Whisky,2004,"Comedies, Dramas, International Movies",Movie,,,,,,no candidate
s3004,Fortune Feimster: Sweet & Salty,2020,Stand-Up Comedy,Movie,,,,,,no candidate
s3005,KD (A) Karuppudurai,2019,"Comedies, Dramas, Independent Movies",Movie,,,,,,no candidate
s3007,Motichoor Chaknachoor,2019,"Comedies, Dramas, International Movies",Movie,,,,,,no candidate
s3008,WHAT DID JACK DO?,2020,"Dramas, Independent Movies",Movie,,,,,,no candidate
s3010,A Fall from Grace,2020,"Dramas, Thrillers",Movie,,,,,,no candidate
s3015,Deadcon,2019,Horror Movies,Movie,,,,,,no candidate
s3018,Jezebel,2019,"Dramas, Independent Movies",Movie,,,,,,year mismatch on exact title
s3019,Legend,2015,"Dramas, International Movies, Thrillers",Movie,107348,Anchorman 2: The Legend Continues (2013),100.0,100.0,0.0,genre conflict
s3020,NiNoKuni,2019,"Action & Adventure, Anime Features, Children & Family Movies",Movie,,,,,,no candidate
s3022,Steve Jobs,2015,Dramas,Movie,104303,Jobs (2013),100.0,100.0,1.0,MovieLens title nested inside Netflix title (likely different film)
s3023,Bulbul Can Sing,2018,"Dramas, Independent Movies, International Movies",Movie,167036,Sing (2016),100.0,0.0,0.0,genre conflict
s3024,Eye For An Eye,2019,"Dramas, International Movies, Thrillers",Movie,,,,,,year mismatch on exact title
s3026,MindGamers,2017,"International Movies, Sci-Fi & Fantasy, Thrillers",Movie,,,,,,no candidate
s3027,The Brave,2019,"Action & Adventure, Independent Movies",Movie,,,,,,year mismatch on exact title
s3028,Leslie Jones: Time Machine,2020,Stand-Up Comedy,Movie,173209,War Machine (2017),77.8,0.0,0.33,"subset match, insufficient evidence (score 78, margin 78)"
s3030,Women of Mafia 2,2019,"Action & Adventure, Dramas, International Movies",Movie,,,,,,no candidate
s3032,Betty White: First Lady of Television,2018,Documentaries,Movie,,,,,,no candidate
s3033,Made in China,2019,"Comedies, Dramas, International Movies",Movie,,,,,,no candidate
s3039,Monsters: Dark Continent,2014,"Action & Adventure, Dramas, Independent Movies",Movie,,,,,,no candidate
s3042,Bulletproof 2,2020,"Action & Adventure, Comedies",Movie,,,,,,no candidate
s3044,A Ghost Story,2017,"Dramas, Independent Movies",Movie,,,,,,year mismatch on exact title
s3045,"Live Twice, Love Once",2020,"Comedies, Dramas, International Movies",Movie,,,,,,no candidate
s3047,All the Freckles in the World,2020,"Comedies, International Movies, Romantic Movies",Movie,,,,,,no candidate
s3049,Half Girlfriend,2017,"Dramas, International Movies, Romantic Movies",Movie,,,,,,no candidate
s3052,Aruna & Her Palate,2018,"Dramas, International Movies",Movie,,,,,,no candidate
s3055,Breaking the Bank,2014,"Comedies, International Movies",Movie,,,,,,no candidate
s3058,Garfield Gets Real,2007,"Children & Family Movies, Comedies",Movie,,,,,,no candidate
s3059,Garfield's Fun Fest,2008,"Children & Family Movies, Comedies",Movie,,,,,,no candidate
s3061,Ghost Stories,2020,"Horror Movies, International Movies, Thrillers",Movie,,,,,,no candidate
s3062,Jeff Dunham: Unhinged in Hollywood,2015,Stand-Up Comedy,Movie,,,,,,no candidate
s3065,Luccas Neto in: Children's Day,2019,"Children & Family Movies, Comedies, Music & Musicals",Movie,,,,,,no candidate
s3070,Pokémon the Movie: Power of Us,2018,"Anime Features, Children & Family Movies",Movie,,,,,,no candidate
s3071,Posesif,2017,"Dramas, International Movies, Romantic Movies",Movie,,,,,,no candidate
s3073,Riot,2015,Action & Adventure,Movie,,,,,,no candidate
s3074,Road Trip: Beer Pong,2009,Comedies,Movie,63072,"Road, The (2009)",100.0,100.0,,MovieLens title nested inside Netflix title (likely different film)
s3078,Aaviri,2019,"Horror Movies, International Movies, Thrillers",Movie,,,,,,no candidate
s3079,Albert Pinto Ko Gussa Kyun Aata Hai?,2019,"Dramas, Independent Movies, International Movies",Movie,,,,,,no candidate
s3081,Benchwarmers 2: Breaking Balls,2019,"Comedies, Sports Movies",Movie,,,,,,no candidate
s3082,How High 2,2019,Comedies,Movie,,,,,,no candidate
s3090,Hot Gimmick: Girl Meets Boy,2019,"Dramas, International Movies",Movie,,,,,,no candidate
s3091,Blitz Patrollie,2013,"Action & Adventure, Comedies, International Movies",Movie,88515,Blitz (2011),100.0,0.0,0.25,MovieLens title nested inside Netflix title (likely different film)
s3092,"El Pepe, a Supreme Life",2018,"Documentaries, International Movies",Movie,,,,,,no candidate
s3094,The Vendor,2018,"Comedies, International Movies",Movie,,,,,,no candidate
s3095,The App,2019,"Dramas, Independent Movies, International Movies",Movie,,,,,,no candidate
s3098,Doom: Annihilation,2019,"Action & Adventure, Horror Movies, Sci-Fi & Fantasy",Movie,182715,Annihilation (2018),100.0,0.0,0.29,MovieLens title nested inside Netflix title (likely different film)
s3100,Grand-Daddy Day Care,2019,"Children & Family Movies, Comedies",Movie,,,,,,no candidate
s3101,Jarhead: Law of Return,2019,"Action & Adventure, Dramas",Movie,,,,,,no candidate
s3102,MFKZ,2017,"Action & Adventure, Comedies, International Movies",Movie,,,,,,no candidate
s3103,Sweetheart,2019,"Horror Movies, Sci-Fi & Fantasy, Thrillers",Movie,,,,,,no candidate
s3105,Como caído del cielo,2019,"Comedies, International Movies, Music & Musicals",Movie,,,,,,no candidate
s3106,John Mulaney & The Sack Lunch Bunch,2019,"Children & Family Movies, Comedies",Movie,,,,,,no candidate
s3108,Jacob's Ladder,2019,Thrillers,Movie,,,,,,year mismatch on exact title
s3110,Back of the Net,2019,"Children & Family Movies, Sports Movies",Movie,,,,,,no candidate
s3111,Lost in London,2017,"Comedies, International Movies",Movie,,,,,,no candidate
s3113,Being Mrs Elliot,2014,"Dramas, International Movies, Romantic Movies",Movie,,,,,,no candidate
s3114,Falz Experience,2018,"International Movies, Music & Musicals",Movie,,,,,,no candidate
s3115,Iyore,2015,"Dramas, International Movies, Romantic Movies",Movie,,,,,,no candidate
s3116,The First Lady,2015,"Dramas, International Movies",Movie,,,,,,no candidate
s3117,The Two Popes,2019,Dramas,Movie,,,,,,no candidate
s3119,After the Raid,2019,"Documentaries, International Movies",Movie,,,,,,no candidate
s3124,Ronny Chieng: Asian Comedian Destroys America!,2019,Stand-Up Comedy,Movie,,,,,,no candidate
s3125,"Sincerely Yours, Dhaka",2018,"Comedies, Dramas, Independent Movies",Movie,,,,,,no candidate
s3127,Bangistan,2015,"Comedies, Dramas, International Movies",Movie,,,,,,no candidate
s3132,Dil Chahta Hai,2001,"Comedies, Dramas, International Movies",Movie,,,,,,no candidate
s3133,Dil Dhadakne Do,2015,"Comedies, Dramas, International Movies",Movie,,,,,,no candidate
s3134,Don,2006,"Action & Adventure, International Movies",Movie,8813,We Don't Live Here Anymore (2004),100.0,100.0,0.0,genre conflict
s3135,Don 2,2011,"Action & Adventure, International Movies, Music & Musicals",Movie,105213,Don Jon (2013),75.0,75.0,0.0,genre conflict
s3136,Fukrey,2013,"Action & Adventure, Comedies, Dramas",Movie,115210,Fury (2014),80.0,0.0,0.5,score 80 < 90
s3137,Game,2011,"International Movies, Thrillers",Movie,106002,Ender's Game (2013),100.0,100.0,0.0,genre conflict
s3139,Holy Expectations,2019,"Children & Family Movies, Comedies, International Movies",Movie,,,,,,no candidate
s3140,Honeymoon Travels Pvt. Ltd.,2007,"Comedies, Dramas, International Movies",Movie,,,,,,no candidate
s3141,Isoken,2017,"Comedies, International Movies, Romantic Movies",Movie,,,,,,no candidate
s3142,Karthik Calling Karthik,2010,"Dramas, International Movies, Thrillers",Movie,,,,,,no candidate
s3143,Lakshya,2004,"Action & Adventure, Dramas, International Movies",Movie,,,,,,no candidate
s3145,Potato Potahto,2017,"Comedies, Dramas, International Movies",Movie,,,,,,no candidate
s3146,Rock On!!,2008,"Dramas, International Movies, Music & Musicals",Movie,,,,,,no candidate
s3148,Talaash,2012,"Dramas, International Movies, Thrillers",Movie,,,,,,no candidate
s3150,Zindagi Na Milegi Dobara,2011,"Comedies, Dramas, International Movies",Movie,,,,,,no candidate
s3151,6 Underground,2019,"Action & Adventure, Dramas",Movie,,,,,,no candidate
s3152,A Trip to Jamaica,2016,"Comedies, International Movies",Movie,,,,,,no candidate
s3153,My Wife and I,2017,"Comedies, International Movies, Romantic Movies",Movie,,,,,,no candidate
s3154,Okafor's Law,2016,"Comedies, International Movies, Romantic Movies",Movie,,,,,,no candidate
s3155,Seven and a half dates,2018,"Dramas, International Movies, Romantic Movies",Movie,,,,,,no candidate
s3156,The 9th Precinct,2019,"International Movies, Thrillers",Movie,,,,,,no candidate
s3157,Zero Hour,2018,"International Movies, Thrillers",Movie,,,,,,no candidate
s3158,Jack Whitehall: Christmas with My Father,2019,Stand-Up Comedy,Movie,181065,Jack Whitehall: At Large (2017),75.7,0.0,1.0,"subset match, insufficient evidence (score 76, margin 76)"
s3159,The Sky Is Pink,2019,"Dramas, International Movies",Movie,,,,,,no candidate
s3160,Good and Prosperous,2017,"Comedies, International Movies",Movie,,,,,,no candidate
s3161,Michelle Wolf: Joke Show,2019,Stand-Up Comedy,Movie,,,,,,no candidate
s3162,A Family Reunion Christmas,2019,"Children & Family Movies, Comedies",Movie,,,,,,no candidate
s3164,Saaho,2019,"Action & Adventure, International Movies",Movie,,,,,,no candidate
s3165,Nothing to Lose 2,2019,"Dramas, Faith & Spirituality, International Movies",Movie,,,,,,no candidate
s3167,Banana Island Ghost,2017,"Comedies, International Movies",Movie,,,,,,no candidate
s3168,Celebrity Marriage,2017,"Dramas, International Movies",Movie,,,,,,no candidate
s3170,Marriage Story,2019,Dramas,Movie,,,,,,no candidate
s3172,Slow Country,2017,"Dramas, International Movies",Movie,,,,,,no candidate
s3173,Spirit Riding Free: Spirit of Christmas,2019,Children & Family Movies,Movie,,,,,,no candidate
s3179,Wives on Strike,2016,"Comedies, Dramas, International Movies",Movie,,,,,,no candidate
s3180,Wives on Strike: The Revolution,2017,"Comedies, Dramas, International Movies",Movie,,,,,,no candidate
s3181,A Christmas Prince: The Royal Baby,2019,"Children & Family Movies, Dramas, Romantic Movies",Movie,,,,,,no candidate
s3182,The Irishman: In Conversation,2019,Documentaries,Movie,,,,,,no candidate
s3187,Tiffany Haddish: Black Mitzvah,2019,Stand-Up Comedy,Movie,,,,,,no candidate
s3189,A Cinderella Story: Christmas Wish,2019,"Children & Family Movies, Comedies, Music & Musicals",Movie,182727,A Christmas Story Live! (2017),85.7,0.0,,"subset match, insufficient evidence (score 86, margin 86)"
s3190,Baby Dolls,2019,"Comedies, International Movies, Romantic Movies",Movie,,,,,,no candidate
s3191,Cut Bank,2014,"Dramas, Thrillers",Movie,,,,,,no candidate
s3192,Dead Kids,2019,"Dramas, International Movies, Thrillers",Movie,,,,,,no candidate
s3194,High End Yaariyan,2019,"Comedies, International Movies, Romantic Movies",Movie,,,,,,no candidate
s3195,Iron Fists and Kung-Fu Kicks,2019,"Documentaries, International Movies",Movie,,,,,,no candidate
s3196,Jindua,2017,"Dramas, International Movies, Romantic Movies",Movie,,,,,,no candidate
s3197,Lakeeran,2016,"Dramas, International Movies, Romantic Movies",Movie,,,,,,no candidate
s3198,Mahi NRI,2017,"Comedies, Dramas, International Movies",Movie,,,,,,no candidate
s3199,Qismat,2018,"Dramas, International Movies, Romantic Movies",Movie,,,,,,no candidate
s3201,Tee Shot: Ariya Jutanugarn,2019,"Children & Family Movies, Dramas, International Movies",Movie,,,,,,no candidate
s3202,Thug Life,2017,"Comedies, Dramas, International Movies",Movie,,,,,,no candidate
s3203,Wandering Stars,2019,"Documentaries, International Movies, Music & Musicals",Movie,,,,,,no candidate
s3204,Why Me?,2015,"Dramas, International Movies, Thrillers",Movie,167018,Why Him? (2016),76.9,0.0,0.0,genre conflict
s3206,Guatemala: Heart of the Mayan World,2019,"Documentaries, International Movies",Movie,,,,,,no candidate
s3207,The Zoya Factor,2019,"Comedies, Dramas, International Movies",Movie,,,,,,no candidate
s3208,Atlantics,2019,"Dramas, Independent Movies, International Movies",Movie,160872,Satanic (2016),75.0,0.0,0.0,genre conflict
s3210,Crazy people,2018,"Comedies, International Movies, Thrillers",Movie,,,,,,no candidate
s3211,I Lost My Body,2019,"Dramas, Independent Movies, International Movies",Movie,,,,,,no candidate
s3212,Kalushi: The Story of Solomon Mahlangu,2016,"Dramas, International Movies",Movie,,,,,,no candidate
s3214,Lagos Real Fake Life,2018,"Comedies, International Movies",Movie,,,,,,no candidate
s3215,Payday,2018,"Comedies, Independent Movies, International Movies",Movie,,,,,,no candidate
s3216,The Accidental Spy,2017,"Action & Adventure, Comedies, International Movies",Movie,134368,Spy (2015),100.0,0.0,0.25,MovieLens title nested inside Netflix title (likely different film)
s3218,The Island,2018,"Dramas, International Movies, Thrillers",Movie,168254,Kong: Skull Island (2017),100.0,0.0,0.0,genre conflict
s3219,Holiday Rush,2019,"Children & Family Movies, Dramas",Movie,,,,,,no candidate
s3225,Evvarikee Cheppoddu,2019,"Comedies, International Movies, Romantic Movies",Movie,,,,,,no candidate
s3226,Little Singham: Mahabali,2019,"Children & Family Movies, Comedies",Movie,,,,,,no candidate
s3227,The Body Remembers When the World Broke Open,2019,"Dramas, Independent Movies",Movie,,,,,,no candidate
s3228,The Irishman,2019,Dramas,Movie,,,,,,no candidate
s3229,Mike Birbiglia: The New One,2019,Stand-Up Comedy,Movie,,,,,,no candidate
s3230,Super Monsters Save Christmas,2019,Children & Family Movies,Movie,,,,,,no candidate
s3232,True: Winter Wishes,2019,Children & Family Movies,Movie,,,,,,no candidate
s3234,Pranaam,2019,"Action & Adventure, Dramas, International Movies",Movie,,,,,,no candidate
s3235,What the F* Is Going On?,2019,"Documentaries, International Movies",Movie,,,,,,no candidate
s3238,Brother,2019,"Dramas, Independent Movies, International Movies",Movie,176419,Mother! (2017),76.9,0.0,0.25,score 77 < 90
s3240,Girls und Panzer der Film,2015,"Action & Adventure, Anime Features, International Movies",Movie,,,,,,no candidate
s3241,Mike Birbiglia: What I Should Have Said Was Nothing: Tales from My Secret Public Journal,2008,Stand-Up Comedy,Movie,,,,,,no candidate
s3245,Shelby American,2019,"Documentaries, Sports Movies",Movie,176751,American Made (2017),76.2,0.0,0.0,genre conflict
s3249,The Knight Before Christmas,2019,"Children & Family Movies, Comedies, Romantic Movies",Movie,,,,,,no candidate
s3251,"Bikram: Yogi, Guru, Predator",2019,Documentaries,Movie,,,,,,no candidate
s3252,Dorasaani,2019,"Dramas, International Movies, Romantic Movies",Movie,,,,,,no candidate
s3254,"Lorena, Light-Footed Woman",2019,"Documentaries, International Movies, Sports Movies",Movie,,,,,,no candidate
s3255,Mallesham,2019,"Dramas, Independent Movies, International Movies",Movie,,,,,,no candidate
s3257,Iliza Shlesinger: Unveiled,2019,Stand-Up Comedy,Movie,,,,,,no candidate
s3260,Iron Sky: The Coming Race,2019,"Action & Adventure, Comedies, International Movies",Movie,152071,Race (2016),100.0,0.0,0.0,genre conflict
s3265,Earthquake Bird,2019,"Dramas, Romantic Movies",Movie,,,,,,no candidate
s3266,El sendero de la anaconda,2019,"Documentaries, International Movies",Movie,,,,,,no candidate
s3267,GO! The Unforgettable Party,2019,"Children & Family Movies, Music & Musicals",Movie,,,,,,no candidate
s3268,Guna 369,2019,"Action & Adventure, Dramas, International Movies",Movie,,,,,,no candidate
s3269,House Arrest,2019,"Comedies, Independent Movies, International Movies",Movie,174815,The House (2017),100.0,75.0,,MovieLens title nested inside Netflix title (likely different film)
s3273,K-on! the movie,2011,"Anime Features, Music & Musicals",Movie,103233,LEGO Batman: The Movie - DC Heroes Unite (2013),78.3,78.3,0.25,"subset match, insufficient evidence (score 78, margin 0)"
s3274,Klaus,2019,"Children & Family Movies, Comedies",Movie,,,,,,no candidate
s3279,SunGanges,2018,"Documentaries, International Movies",Movie,,,,,,no candidate
s3281,The Garden of Words,2013,"Anime Features, International Movies, Romantic Movies",Movie,109633,"Garden of Words, The (Koto no ha no niwa) (2013)",100.0,100.0,1.0,"subset match, insufficient evidence (score 100, margin 0)"
s3286,Fadily Camara : La plus drôle de tes copines,2019,Stand-Up Comedy,Movie,,,,,,no candidate
s3290,Jeff Garlin: Our Man In Chicago,2019,Stand-Up Comedy,Movie,,,,,,no candidate
s3293,To Be of Service,2019,Documentaries,Movie,,,,,,no candidate
s3297,Let It Snow,2019,"Comedies, Dramas, LGBTQ Movies",Movie,175303,It (2017),100.0,0.0,0.0,genre conflict
s3298,Paradise Beach,2019,"Action & Adventure, Dramas, International Movies",Movie,,,,,,no candidate
s3300,U Turn,2016,"International Movies, Thrillers",Movie,,,,,,year mismatch on exact title
s3301,Burning Cane,2019,Dramas,Movie,,,,,,no candidate
s3303,Shadow,2018,"Action & Adventure, Dramas, International Movies",Movie,173317,Shadow World (2016),100.0,0.0,0.0,genre conflict
s3304,Luccas Neto in: Summer Camp,2019,"Children & Family Movies, Comedies, Music & Musicals",Movie,,,,,,no candidate
s3306,Seth Meyers: Lobby Baby,2019,Stand-Up Comedy,Movie,,,,,,no candidate
s3309,Tune in for Love,2019,"Dramas, International Movies, Romantic Movies",Movie,,,,,,no candidate
s3310,Undercover Brother 2,2019,Comedies,Movie,,,,,,no candidate
s3312,Minimalism: A Documentary About the Important Things,2016,Documentaries,Movie,,,,,,no candidate
s3313,Oththa Seruppu Size 7,2019,"Dramas, International Movies, Thrillers",Movie,,,,,,no candidate
s3315,100 Things to do Before High School,2014,Movies,Movie,,,,,,no candidate
s3316,A Fairly Odd Summer,2014,"Children & Family Movies, Comedies",Movie,,,,,,no candidate
s3318,Big Time Movie,2012,"Children & Family Movies, Comedies, Music & Musicals",Movie,100083,Movie 43 (2013),76.9,0.0,0.0,genre conflict
s3319,Escape from Mr. Lemoncello’s Library,2017,Children & Family Movies,Movie,,,,,,no candidate
s3320,Hey Arnold! The Jungle Movie,2017,"Children & Family Movies, Comedies",Movie,,,,,,no candidate
s3321,Jinxed,2013,"Children & Family Movies, Comedies",Movie,,,,,,no candidate
s3322,LEGENDS OF THE HIDDEN TEMPLE,2016,Children & Family Movies,Movie,,,,,,no candidate
s3323,"Liar, Liar, Vampire",2015,"Children & Family Movies, Comedies",Movie,,,,,,no candidate
s3324,The Boy Who Cried Werewolf,2010,"Children & Family Movies, Comedies",Movie,59995,Boy A (2007),100.0,100.0,0.0,genre conflict
s3325,The Massively Mixed-Up Middle School Mystery,2015,"Children & Family Movies, Comedies",Movie,,,,,,no candidate
s3327,A Remarkable Tale,2019,"Comedies, International Movies",Movie,,,,,,no candidate
s3330,American Son,2019,Dramas,Movie,169180,American Fable (2017),80.0,80.0,0.0,genre conflict
s3332,Christmas in the Heartland,2017,Dramas,Movie,,,,,,no candidate
s3333,Christmas Survival,2018,Comedies,Movie,,,,,,no candidate
s3335,Drive,2019,"Action & Adventure, International Movies",Movie,,,,,,year mismatch on exact title
s3336,Fire in Paradise,2019,Documentaries,Movie,,,,,,no candidate
s3338,Holiday in the Wild,2019,"Children & Family Movies, Dramas, Romantic Movies",Movie,,,,,,no candidate
s3339,Holly Star,2018,"Children & Family Movies, Comedies, Romantic Movies",Movie,,,,,,no candidate
s3344,Santa Girl,2019,"Children & Family Movies, Comedies, Romantic Movies",Movie,,,,,,no candidate
s3347,The House of Flowers Presents: The Funeral,2019,Movies,Movie,174815,The House (2017),100.0,0.0,,MovieLens title nested inside Netflix title (likely different film)
s3348,The King,2019,Dramas,Movie,167036,Sing (2016),75.0,0.0,0.0,genre conflict
s3349,The Man Without Gravity,2019,"Dramas, International Movies",Movie,,,,,,no candidate
s3350,The Old Thieves: The Legend of Artegios,2007,"Documentaries, International Movies",Movie,39435,"Legend of Zorro, The (2005)",75.0,0.0,0.0,genre conflict
s3351,True: Grabbleapple Harvest,2019,Children & Family Movies,Movie,,,,,,no candidate
s3354,Zoé: Panoramas,2016,"Documentaries, International Movies, Music & Musicals",Movie,,,,,,no candidate
s3355,Grego Rossello: Disculpe las molestias,2019,Stand-Up Comedy,Movie,,,,,,no candidate
s3360,Mehandi Circus,2019,"Dramas, International Movies, Romantic Movies",Movie,,,,,,no candidate
s3363,Arsenio Hall: Smart & Classy,2019,Stand-Up Comedy,Movie,,,,,,no candidate
s3365,The Road to El Camino: Behind the Scenes of El Camino: A Breaking Bad Movie,2019,"Documentaries, International Movies",Movie,155358,Camino (2016),100.0,0.0,0.0,genre conflict
s3366,A 3 Minute Hug,2019,"Documentaries, International Movies",Movie,,,,,,no candidate
s3367,Little Miss Sumo,2018,"Documentaries, International Movies, Sports Movies",Movie,,,,,,no candidate
s3372,Consequences,2014,"Dramas, International Movies, Thrillers",Movie,,,,,,no candidate
s3373,Dolemite Is My Name,2019,"Comedies, Dramas",Movie,,,,,,no candidate
s3375,It Takes a Lunatic,2019,Documentaries,Movie,175303,It (2017),100.0,0.0,0.0,genre conflict
s3377,My Next Guest with David Letterman and Shah Rukh Khan,2019,International Movies,Movie,,,,,,no candidate
s3380,Rattlesnake,2019,"Horror Movies, Independent Movies, Thrillers",Movie,,,,,,no candidate
s3381,The Awakening of Motti Wolkenbruch,2018,"Comedies, Dramas, International Movies",Movie,,,,,,no candidate
s3384,Echo in the Canyon,2019,"Documentaries, Music & Musicals",Movie,,,,,,no candidate
s3385,Revenge of the Pontianak,2019,"Horror Movies, International Movies",Movie,,,,,,no candidate
s3387,Dancing with the Birds,2019,Documentaries,Movie,,,,,,no candidate
s3388,Master Z: The Ip Man Legacy,2018,"Action & Adventure, International Movies",Movie,152591,Ip Man 3 (2015),85.7,0.0,0.5,"subset match, insufficient evidence (score 86, margin 86)"
s3389,Jenny Slate: Stage Fright,2019,"Documentaries, Stand-Up Comedy",Movie,,,,,,no candidate
s3391,Little Singham: Kaal Ki Tabaahi,2019,"Children & Family Movies, Comedies",Movie,,,,,,no candidate
s3392,The Command,2018,"Dramas, International Movies, Thrillers",Movie,158956,Kill Command (2016),100.0,0.0,0.0,genre conflict
s3393,10 Days in Sun City,2017,"Comedies, International Movies, Romantic Movies",Movie,,,,,,no candidate
s3395,ChuChuTV Bedtime Stories & Moral Stories for Kids (English),2019,Children & Family Movies,Movie,,,,,,no candidate
s3396,ChuChuTV Bedtime Stories & Moral Stories for Kids (Hindi),2019,Children & Family Movies,Movie,,,,,,no candidate
s3397,ChuChuTV Surprise Eggs Learning Videos (English),2019,Children & Family Movies,Movie,,,,,,no candidate
s3398,ChuChuTV Surprise Eggs Learning Videos (Hindi),2019,Children & Family Movies,Movie,,,,,,no candidate
s3399,Eli,2019,Horror Movies,Movie,,,,,,no candidate
s3400,In My Country,2018,"Dramas, International Movies",Movie,,,,,,no candidate
s3403,"Love, Surreal and Odd",2017,"Comedies, International Movies, Romantic Movies",Movie,140162,Love (2015),100.0,0.0,0.5,MovieLens title nested inside Netflix title (likely different film)
s3406,Seventeen,2019,"Comedies, Dramas, International Movies",Movie,161922,The Edge of Seventeen (2016),100.0,0.0,0.0,genre conflict
s3408,Tatu,2017,"Action & Adventure, Dramas, International Movies",Movie,,,,,,no candidate
s3409,Tell Me Who I Am,2019,Documentaries,Movie,,,,,,no candidate
s3410,The Laundromat,2019,"Comedies, Dramas",Movie,,,,,,no candidate
s3412,Up North,2018,"Dramas, International Movies",Movie,148675,North Pole: Open For Christmas (2015),76.9,0.0,0.0,genre conflict
s3413,Upstarts,2019,"Comedies, Dramas, International Movies",Movie,,,,,,no candidate
s3414,Verses of Love 2,2017,"Dramas, Faith & Spirituality, International Movies",Movie,140162,Love (2015),100.0,0.0,0.5,MovieLens title nested inside Netflix title (likely different film)
s3418,Ghosts of Sugar Land,2019,Documentaries,Movie,,,,,,no candidate
s3419,League of Legends Origins,2019,Documentaries,Movie,,,,,,no candidate
s3420,Park Na-rae: Glamour Warning,2019,Stand-Up Comedy,Movie,,,,,,no candidate
s3422,Sinister 2,2015,Horror Movies,Movie,97188,Sinister (2012),100.0,0.0,0.5,MovieLens title nested inside Netflix title (likely different film)
s3423,The Game Changers,2018,"Documentaries, Sports Movies",Movie,,,,,,no candidate
s3425,"Martin Matte: La vie, la mort...eh la la..!",2019,Stand-Up Comedy,Movie,,,,,,no candidate
s3426,Street Flow,2019,"Dramas, International Movies",Movie,,,,,,no candidate
s3428,Bygones Be Bygones,2017,"Comedies, International Movies, Romantic Movies",Movie,,,,,,no candidate
s3429,El Camino: A Breaking Bad Movie,2019,"Dramas, Thrillers",Movie,155358,Camino (2016),100.0,0.0,0.25,MovieLens title nested inside Netflix title (likely different film)
s3430,Fractured,2019,Thrillers,Movie,,,,,,no candidate
s3432,The Bling Lagosians,2019,"Dramas, International Movies",Movie,,,,,,no candidate
s3433,The Forest of Love,2019,"Dramas, International Movies, Thrillers",Movie,,,,,,no candidate
s3435,The Influence,2019,"Horror Movies, International Movies",Movie,143367,Silence (2016),75.0,0.0,0.0,genre conflict
s3437,GEN HOSHINO STADIUM TOUR “POP VIRUS”,2019,"International Movies, Music & Musicals",Movie,,,,,,no candidate
s3439,After,2019,"Dramas, Romantic Movies",Movie,,,,,,no candidate
s3440,Home Is Where the Killer Is,2019,"Dramas, Thrillers",Movie,,,,,,no candidate
s3442,Deon Cole: Cole Hearted,2019,Stand-Up Comedy,Movie,,,,,,no candidate
s3443,The Spooky Tale of Captain Underpants Hack-a-ween,2019,"Children & Family Movies, Comedies",Movie,,,,,,no candidate
s3444,Love for Sale,2018,"Dramas, International Movies, Romantic Movies",Movie,140162,Love (2015),100.0,76.2,1.0,MovieLens title nested inside Netflix title (likely different film)
s3447,Noblemen,2019,"Dramas, Independent Movies, International Movies",Movie,,,,,,no candidate
s3448,A Plastic Ocean,2016,Documentaries,Movie,115151,Plastic (2014),100.0,0.0,0.0,genre conflict
s3449,Brother in Love,2019,"Comedies, International Movies, Romantic Movies",Movie,,,,,,no candidate
s3451,In the Tall Grass,2019,"Horror Movies, Thrillers",Movie,,,,,,no candidate
s3452,Kids on the Block,2019,"Children & Family Movies, Comedies",Movie,,,,,,no candidate
s3457,Super Monsters: Vida's First Halloween,2019,Children & Family Movies,Movie,,,,,,no candidate
s3460,Ready to Mingle,2019,"Comedies, International Movies, Romantic Movies",Movie,,,,,,no candidate
s3461,Salam - The First ****** Nobel Laureate,2018,Documentaries,Movie,,,,,,no candidate
s3466,First Kiss,2018,"Dramas, International Movies, Romantic Movies",Movie,,,,,,no candidate
s3469,Limitless,2017,"Documentaries, International Movies, Sports Movies",Movie,,,,,,year mismatch on exact title
s3470,Little Baby Bum: Go Buster,2019,Children & Family Movies,Movie,,,,,,no candidate
s3472,Nikki Glaser: Bangin’,2019,Stand-Up Comedy,Movie,,,,,,no candidate
s3473,Rugrats in Paris: The Movie,2000,"Children & Family Movies, Comedies",Movie,2354,"Rugrats Movie, The (1998)",100.0,100.0,0.33,MovieLens title nested inside Netflix title (likely different film)
s3479,Mo Gilligan: Momentum,2019,Stand-Up Comedy,Movie,,,,,,no candidate
s3480,Cultivating the Seas: History and Future of the Full-Cycle Cultured Kindai Tuna,2019,"Documentaries, International Movies",Movie,,,,,,no candidate
s3481,TUNA GIRL,2019,"Dramas, International Movies",Movie,,,,,,no candidate
s3483,Deliha 2,2018,"Comedies, International Movies",Movie,,,,,,no candidate
s3485,In the Shadow of the Moon,2019,"Dramas, Sci-Fi & Fantasy, Thrillers",Movie,,,,,,no candidate
s3486,Sturgill Simpson Presents Sound & Fury,2019,"Anime Features, Music & Musicals, Sci-Fi & Fantasy",Movie,,,,,,no candidate
s3487,Malaal,2019,"Dramas, International Movies, Romantic Movies",Movie,,,,,,no candidate
s3491,Birders,2019,"Documentaries, International Movies",Movie,,,,,,no candidate
s3493,Oh! Baby (Malayalam),2019,"Comedies, International Movies, Music & Musicals",Movie,,,,,,no candidate
s3494,Oh! Baby (Tamil),2019,"Comedies, International Movies, Music & Musicals",Movie,,,,,,no candidate
s3495,Inside Man: Most Wanted,2019,Action & Adventure,Movie,,,,,,no candidate
s3496,Jeff Dunham: Beside Himself,2019,Stand-Up Comedy,Movie,,,,,,no candidate
s3497,Manmadhudu 2,2019,"Comedies, Dramas, International Movies",Movie,,,,,,no candidate
s3498,Under the Eiffel Tower,2018,"Comedies, Independent Movies, International Movies",Movie,,,,,,no candidate
s3499,Do Paise Ki Dhoop Chaar Aane Ki Baarish,2009,"Dramas, Independent Movies, International Movies",Movie,,,,,,no candidate
s3501,Between Two Ferns: The Movie,2019,Comedies,Movie,,,,,,no candidate
s3508,Travel Mates 2,2018,"Comedies, International Movies",Movie,,,,,,no candidate
s3509,True: Tricky Treat Day,2019,Children & Family Movies,Movie,,,,,,no candidate
s3510,Kabir Singh,2019,"Dramas, International Movies, Romantic Movies",Movie,,,,,,no candidate
s3512,Avengement,2019,Action & Adventure,Movie,,,,,,no candidate
s3514,Los Tigres del Norte at Folsom Prison,2019,"Documentaries, International Movies, Music & Musicals",Movie,,,,,,no candidate
s3515,Steal a Pencil for Me,2006,Documentaries,Movie,,,,,,no candidate
s3517,Oh! Baby,2019,"Comedies, International Movies, Music & Musicals",Movie,168418,The Boss Baby (2017),75.0,0.0,0.0,genre conflict
s3518,The Crystal Calls Making the Dark Crystal: Age of Resistance,2019,"Documentaries, International Movies",Movie,,,,,,no candidate
s3519,"Hello, Privilege. It's Me, Chelsea",2019,Documentaries,Movie,175303,It (2017),100.0,0.0,0.0,genre conflict
s3521,Locked on You,2018,"Comedies, International Movies",Movie,,,,,,no candidate
s3523,Shanghai Fortress,2019,"Dramas, International Movies, Romantic Movies",Movie,,,,,,no candidate
s3524,Tall Girl,2019,"Children & Family Movies, Comedies, Romantic Movies",Movie,,,,,,no candidate
s3529,Bill Burr: Paper Tiger,2019,Stand-Up Comedy,Movie,,,,,,no candidate
s3530,Evelyn,2019,"Documentaries, International Movies",Movie,,,,,,year mismatch on exact title
s3531,Article 15,2019,"Dramas, International Movies, Thrillers",Movie,,,,,,no candidate
s3532,Care of Kancharapalem,2018,"Comedies, Dramas, Independent Movies",Movie,,,,,,no candidate
s3533,Ee Nagaraniki Emaindi,2018,"Comedies, Independent Movies, International Movies",Movie,,,,,,no candidate
s3534,Kill Me If You Dare,2019,"Comedies, International Movies, Romantic Movies",Movie,,,,,,no candidate
s3536,American Factory: A Conversation with the Obamas,2019,Documentaries,Movie,176751,American Made (2017),76.2,0.0,0.0,genre conflict
s3537,Saawan,2016,"Dramas, Independent Movies, International Movies",Movie,,,,,,no candidate
s3538,Watchman,2019,"Comedies, Dramas, International Movies",Movie,,,,,,no candidate
s3539,Elena,2012,"Documentaries, International Movies",Movie,,,,,,no candidate
s3543,Olmo & the Seagull,2014,"Dramas, Independent Movies, International Movies",Movie,,,,,,no candidate
s3545,Spookley the Square Pumpkin,2004,Children & Family Movies,Movie,5451,Pumpkin (2002),100.0,0.0,0.0,genre conflict
s3546,Uncle Naji in UAE,2019,"Comedies, International Movies",Movie,,,,,,no candidate
s3548,Back to School,2019,"Comedies, International Movies",Movie,,,,,,year mismatch on exact title
s3549,Feo pero sabroso,2018,"Comedies, International Movies",Movie,,,,,,no candidate
s3550,Mi amigo Alexis,2019,"Children & Family Movies, Comedies, Dramas",Movie,,,,,,no candidate
s3555,Unbridled,2018,"International Movies, Thrillers",Movie,,,,,,no candidate
s3556,Falling Inn Love,2019,"Comedies, Romantic Movies",Movie,,,,,,no candidate
s3557,Kardec,2019,"Dramas, Faith & Spirituality, International Movies",Movie,,,,,,no candidate
s3558,Travis Scott: Look Mom I Can Fly,2019,"Documentaries, Music & Musicals",Movie,,,,,,no candidate
s3560,Dave Chappelle: Sticks & Stones,2019,Stand-Up Comedy,Movie,,,,,,no candidate
s3561,Drink Drank Drunk,2016,"Comedies, International Movies",Movie,,,,,,no candidate
s3564,Kaake Da Viyah,2019,"Comedies, Dramas, International Movies",Movie,,,,,,no candidate
s3565,Marriage Palace,2018,"Comedies, International Movies",Movie,,,,,,no candidate
s3566,Mayday Life,2019,"International Movies, Music & Musicals",Movie,,,,,,no candidate
s3567,Saavat,2019,"Dramas, Independent Movies, International Movies",Movie,,,,,,no candidate
s3568,American Factory,2019,Documentaries,Movie,176751,American Made (2017),76.2,0.0,0.0,genre conflict
s3569,Game Over (Hindi Version),2019,"Horror Movies, International Movies, Thrillers",Movie,185435,"Game Over, Man! (2018)",81.8,0.0,0.0,genre conflict
s3570,Game Over (Tamil Version),2019,"Horror Movies, International Movies, Thrillers",Movie,185435,"Game Over, Man! (2018)",81.8,0.0,0.0,genre conflict
s3571,Game Over (Telugu Version),2019,"Horror Movies, International Movies, Thrillers",Movie,185435,"Game Over, Man! (2018)",81.8,0.0,0.0,genre conflict
s3573,The Girl Allergic to Wi-Fi,2018,"International Movies, Romantic Movies",Movie,,,,,,no candidate
s3574,Our Planet - Behind The Scenes,2019,Documentaries,Movie,,,,,,no candidate
s3575,Simon Amstell: Set Free,2019,Stand-Up Comedy,Movie,,,,,,no candidate
s3581,Invader Zim: Enter the Florpus,2019,"Children & Family Movies, Comedies, Sci-Fi & Fantasy",Movie,,,,,,no candidate
s3583,Selfless,2015,"Sci-Fi & Fantasy, Thrillers",Movie,,,,,,no candidate
s3584,Sextuplets,2019,Comedies,Movie,,,,,,no candidate
s3585,Super Monsters Back to School,2019,Children & Family Movies,Movie,,,,,,no candidate
s3587,The Little Switzerland,2019,"Comedies, International Movies",Movie,,,,,,no candidate
s3592,Whindersson Nunes: Adult,2019,Stand-Up Comedy,Movie,,,,,,no candidate
s3594,Uyare,2019,"Dramas, International Movies",Movie,,,,,,no candidate
s3595,90 ML,2019,"Comedies, International Movies, Music & Musicals",Movie,,,,,,no candidate
s3596,Calum von Moger: Unbroken,2019,"Documentaries, Sports Movies",Movie,,,,,,no candidate
s3597,Hasta los dientes,2018,"Documentaries, International Movies",Movie,,,,,,no candidate
s3600,Colin Quinn: Red State Blue State,2019,Stand-Up Comedy,Movie,,,,,,no candidate
s3603,Jaoon Kahan Bata Ae Dil,2018,"Dramas, Independent Movies, International Movies",Movie,,,,,,no candidate
s3604,Rocko's Modern Life: Static Cling,2019,"Children & Family Movies, Comedies, LGBTQ Movies",Movie,,,,,,no candidate
s3617,Badla,2019,"International Movies, Thrillers",Movie,,,,,,no candidate
s3618,Theo Von: No Offense,2016,Stand-Up Comedy,Movie,,,,,,no candidate
s3619,Crazy Beautiful You,2015,"Comedies, Dramas, International Movies",Movie,,,,,,no candidate
s3620,I'm Brent Morin,2015,Stand-Up Comedy,Movie,,,,,,no candidate
s3622,Screwball,2018,"Documentaries, Sports Movies",Movie,,,,,,no candidate
s3623,Sebastian Maniscalco: Why Would You Do That,2016,Stand-Up Comedy,Movie,,,,,,no candidate
s3624,Enter the Anime,2019,"Documentaries, International Movies",Movie,,,,,,no candidate
s3626,No One Will Ever Know,2017,"Dramas, International Movies",Movie,,,,,,no candidate
s3627,Misfit,2017,"Children & Family Movies, Comedies, International Movies",Movie,,,,,,no candidate
s3629,Léa & I,2019,Documentaries,Movie,,,,,,no candidate
s3630,Otherhood,2019,Comedies,Movie,,,,,,no candidate
s3631,Uriyadi 2,2019,"Dramas, International Movies",Movie,,,,,,no candidate
s3632,Manu,2018,"Dramas, Independent Movies, International Movies",Movie,132660,Man Up (2015),80.0,0.0,0.0,genre conflict
s3635,The Red Sea Diving Resort,2019,"Dramas, Thrillers",Movie,,,,,,no candidate
s3636,Whitney Cummings: Can I Touch It?,2019,Stand-Up Comedy,Movie,175303,It (2017),100.0,0.0,0.0,genre conflict
s3638,Boi,2018,"Dramas, Independent Movies, International Movies",Movie,,,,,,no candidate
s3639,Eerie,2019,"Horror Movies, International Movies",Movie,,,,,,no candidate
s3640,Girls With Balls,2019,"Comedies, Horror Movies, International Movies",Movie,,,,,,no candidate
s3642,The Son,2019,"Dramas, Independent Movies, International Movies",Movie,,,,,,no candidate
s3644,The Great Hack,2019,Documentaries,Movie,,,,,,no candidate
s3646,D.L. Hughley: Contrarian,2018,Stand-Up Comedy,Movie,,,,,,no candidate
s3647,Demetri Martin: The Overthinker,2018,Stand-Up Comedy,Movie,,,,,,no candidate
s3648,The Beast Stalker,2008,"Action & Adventure, Cult Movies, International Movies",Movie,,,,,,no candidate
s3649,The Midas Touch,2013,"Comedies, International Movies",Movie,,,,,,no candidate
s3650,The Twins Effect II,2004,"Action & Adventure, Comedies, International Movies",Movie,,,,,,no candidate
s3651,Twins Mission,2007,"Action & Adventure, International Movies",Movie,,,,,,no candidate
s3653,"¡Ay, mi madre!",2019,"Comedies, International Movies",Movie,,,,,,no candidate
s3658,Secret Obsession,2019,Thrillers,Movie,,,,,,no candidate
s3659,Mauli,2018,"Action & Adventure, Dramas, International Movies",Movie,,,,,,no candidate
s3662,Bogda,2018,"Dramas, International Movies",Movie,,,,,,no candidate
s3663,"Frankenstein’s Monster’s Monster, Frankenstein",2019,Comedies,Movie,,,,,,no candidate
s3669,4L,2019,"Comedies, Dramas, Independent Movies",Movie,,,,,,no candidate
s3671,Cities of Last Things,2018,"Dramas, Independent Movies, International Movies",Movie,,,,,,no candidate
s3673,Kidnapping Stella,2019,"Dramas, International Movies, Thrillers",Movie,,,,,,no candidate
s3676,Point Blank,2019,Action & Adventure,Movie,,,,,,year mismatch on exact title
s3677,The Milk System,2017,"Documentaries, International Movies",Movie,,,,,,no candidate
s3679,Parchís: the Documentary,2019,"Documentaries, International Movies, Music & Musicals",Movie,,,,,,no candidate
s3680,Aziz Ansari: RIGHT NOW,2019,Stand-Up Comedy,Movie,155509,Mr. Right (2016),76.9,0.0,0.33,"subset match, insufficient evidence (score 77, margin 77)"
s3682,"River, el más grande siempre",2019,"Documentaries, International Movies, Sports Movies",Movie,,,,,,no candidate
s3684,Cristina,2016,Documentaries,Movie,,,,,,no candidate
s3694,Katherine Ryan: Glitter Room,2019,Stand-Up Comedy,Movie,,,,,,no candidate
s3698,War Against Women,2013,"Documentaries, International Movies",Movie,,,,,,no candidate
s3699,Inhuman Kiss,2019,"Horror Movies, International Movies, Romantic Movies",Movie,,,,,,no candidate
s3700,Romeo Akbar Walter,2019,"Dramas, International Movies, Thrillers",Movie,,,,,,no candidate
s3702,Super Deluxe,2019,"Comedies, Dramas, International Movies",Movie,,,,,,no candidate
s3704,El testigo,2018,"Documentaries, International Movies",Movie,,,,,,no candidate
s3707,La Leyenda del Diamante,2017,"Action & Adventure, International Movies, Sci-Fi & Fantasy",Movie,,,,,,no candidate
s3710,ANIMA,2019,"Dramas, Independent Movies, Music & Musicals",Movie,,,,,,no candidate
s3712,Daniel Sosa: Maleducado,2019,Stand-Up Comedy,Movie,,,,,,no candidate
s3713,Hikaru Utada Laughter in the Dark Tour 2018,2018,"International Movies, Music & Musicals",Movie,,,,,,no candidate
s3714,Kahaani,2012,"International Movies, Music & Musicals, Thrillers",Movie,,,,,,no candidate
s3715,Unbroken,2019,"Documentaries, International Movies",Movie,,,,,,year mismatch on exact title
s3716,Mike Epps: Only One Mike,2019,Stand-Up Comedy,Movie,,,,,,no candidate
s3718,Triple Threat,2019,"Action & Adventure, International Movies",Movie,,,,,,no candidate
s3719,Blood Will Tell,2019,"Dramas, Independent Movies, International Movies",Movie,,,,,,no candidate
s3721,EVANGELION: DEATH (TRUE)²,1998,"Action & Adventure, Anime Features, International Movies",Movie,68945,Neon Genesis Evangelion: Death & Rebirth (Shin seiki Evangelion Gekijô-ban: Shito shinsei) (1997),82.1,0.0,0.4,"subset match, insufficient evidence (score 82, margin 82)"
s3730,Rakkhosh,2019,"Horror Movies, Independent Movies, International Movies",Movie,,,,,,no candidate
s3731,The Wolf's Call,2019,"Dramas, International Movies, Thrillers",Movie,,,,,,no candidate
s3732,Beats,2019,"Dramas, Independent Movies, Music & Musicals",Movie,,,,,,no candidate
s3733,The Edge of Democracy,2019,"Documentaries, International Movies",Movie,,,,,,no candidate
s3734,Adam Devine: Best Time of Our Lives,2019,Stand-Up Comedy,Movie,,,,,,no candidate
s3736,Right Here Right Now,2018,"Comedies, Dramas, Independent Movies",Movie,155509,Mr. Right (2016),76.9,0.0,0.0,genre conflict
s3739,Life Overtakes Me,2019,Documentaries,Movie,,,,,,no candidate
s3740,Luckee,2019,"Comedies, International Movies, Romantic Movies",Movie,,,,,,no candidate
s3741,Pihu,2018,"Dramas, Independent Movies, International Movies",Movie,,,,,,no candidate
s3748,DJ Cinderella,2019,"Children & Family Movies, Comedies",Movie,,,,,,no candidate
s3754,Murder Mystery,2019,Comedies,Movie,,,,,,no candidate
s3757,Oprah Presents When They See Us Now,2019,Documentaries,Movie,,,,,,no candidate
s3758,The 3rd Eye 2,2019,"Horror Movies, International Movies",Movie,,,,,,no candidate
s3759,Jo Koy: Comin' In Hot,2019,Stand-Up Comedy,Movie,,,,,,no candidate
s3760,Rolling Thunder Revue: A Bob Dylan Story by Martin Scorsese,2019,"Documentaries, Music & Musicals",Movie,,,,,,no candidate
s3762,Belmonte,2018,"Dramas, Independent Movies, International Movies",Movie,,,,,,no candidate
s3764,Elisa & Marcela,2019,"Dramas, International Movies, LGBTQ Movies",Movie,,,,,,no candidate
s3765,I Am Mother,2019,"International Movies, Sci-Fi & Fantasy, Thrillers",Movie,176419,Mother! (2017),100.0,0.0,0.17,MovieLens title nested inside Netflix title (likely different film)
s3766,Luka Chuppi,2019,"Comedies, International Movies, Romantic Movies",Movie,,,,,,no candidate
s3767,Pachamama,2019,Children & Family Movies,Movie,,,,,,no candidate
s3768,Rock My Heart,2019,"Children & Family Movies, Dramas, International Movies",Movie,,,,,,no candidate
s3769,Stree,2018,"Comedies, Horror Movies, Independent Movies",Movie,,,,,,no candidate
s3772,The Black Godfather,2019,"Documentaries, Music & Musicals",Movie,122906,Black Panther (2017),78.6,0.0,0.0,genre conflict
s3773,Alles ist gut,2019,"Dramas, International Movies",Movie,,,,,,no candidate
s3776,Cosmos Laundromat: First Cycle,2015,"Dramas, International Movies, Sci-Fi & Fantasy",Movie,171495,Cosmos,100.0,0.0,,MovieLens title nested inside Netflix title (likely different film)
s3777,Miranda Sings Live…Your Welcome,2019,Stand-Up Comedy,Movie,,,,,,no candidate
s3778,Silent,2014,"Children & Family Movies, Sci-Fi & Fantasy",Movie,166291,A Silent Voice (2016),100.0,100.0,0.0,genre conflict
s3782,Krutant,2019,"Dramas, International Movies",Movie,,,,,,no candidate
s3784,III Smoking Barrels,2017,"Dramas, Independent Movies, International Movies",Movie,,,,,,no candidate
s3786,"Oh, Ramona!",2019,"Comedies, International Movies",Movie,,,,,,no candidate
s3787,We Are Legends,2019,"Action & Adventure, International Movies, Sports Movies",Movie,,,,,,no candidate
s3789,Chopsticks,2019,"Comedies, Dramas, Independent Movies",Movie,,,,,,no candidate
s3791,Mere Pyare Prime Minister,2019,"Dramas, International Movies",Movie,,,,,,no candidate
s3792,Pegasus,2019,"Comedies, Dramas, International Movies",Movie,,,,,,no candidate
s3794,Svaha: The Sixth Finger,2019,"International Movies, Thrillers",Movie,,,,,,no candidate
s3796,After Maria,2019,Documentaries,Movie,,,,,,no candidate
s3798,Joy,2019,"Dramas, Independent Movies, International Movies",Movie,,,,,,year mismatch on exact title
s3799,Rim of the World,2019,"Action & Adventure, Independent Movies, Sci-Fi & Fantasy",Movie,,,,,,no candidate
s3801,The Perfection,2019,"Horror Movies, LGBTQ Movies, Music & Musicals",Movie,,,,,,no candidate
s3803,The Lonely Island Presents: The Unauthorized Bash Brothers Experience,2019,"Comedies, Music & Musicals, Sports Movies",Movie,,,,,,no candidate
s3804,A Tale of Two Kitchens,2019,"Documentaries, International Movies",Movie,,,,,,no candidate
s3805,The Man Who Feels No Pain,2018,"Action & Adventure, Comedies, International Movies",Movie,,,,,,no candidate
s3806,Wanda Sykes: Not Normal,2019,Stand-Up Comedy,Movie,,,,,,no candidate
s3810,Born in Gaza,2014,"Documentaries, International Movies",Movie,,,,,,no candidate
s3811,Born in Syria,2016,"Documentaries, International Movies",Movie,,,,,,no candidate
s3812,Dying to Tell,2018,"Documentaries, International Movies",Movie,,,,,,no candidate
s3815,ReMastered: The Lion's Share,2019,"Documentaries, Music & Musicals",Movie,165551,Lion (2016),100.0,0.0,0.0,genre conflict
s3816,Saverio Raimondo: Il Satiro Parlante,2019,Stand-Up Comedy,Movie,,,,,,no candidate
s3817,See You Yesterday,2019,"Dramas, Sci-Fi & Fantasy, Thrillers",Movie,,,,,,no candidate
s3819,Good Sam,2019,"Children & Family Movies, Dramas",Movie,,,,,,no candidate
s3820,Jonaki,2018,"Dramas, Independent Movies, International Movies",Movie,,,,,,no candidate
s3821,PATRICK (2019),2019,"Children & Family Movies, Comedies",Movie,,,,,,no candidate
s3823,Hamid,2018,"Dramas, Independent Movies, International Movies",Movie,,,,,,no candidate
s3826,Backdraft 2,2019,"Action & Adventure, Dramas",Movie,,,,,,no candidate
s3828,Still LAUGH-IN: The Stars Celebrate,2019,Comedies,Movie,,,,,,no candidate
s3829,Weed the People,2018,Documentaries,Movie,,,,,,no candidate
s3830,Malibu Rescue,2019,"Children & Family Movies, Comedies",Movie,,,,,,no candidate
s3831,Merata: How Mum Decolonised the Screen,2018,Documentaries,Movie,,,,,,no candidate
s3833,Dry Martina,2018,"Dramas, Independent Movies, International Movies",Movie,,,,,,no candidate
s3834,Shéhérazade,2019,"Dramas, Independent Movies, International Movies",Movie,,,,,,no candidate
s3835,The Great Magician,2011,"Action & Adventure, Comedies, Dramas",Movie,,,,,,no candidate
s3837,In Family I Trust,2018,"Comedies, Dramas, International Movies",Movie,156706,The Trust (2016),100.0,0.0,0.0,genre conflict
s3842,Wine Country,2019,Comedies,Movie,,,,,,no candidate
s3843,Gatao 2: Rise of the King,2018,"Action & Adventure, Dramas, International Movies",Movie,,,,,,no candidate
s3858,Last Breath,2019,"Documentaries, International Movies",Movie,,,,,,no candidate
s3859,The Wandering Earth,2019,"International Movies, Sci-Fi & Fantasy",Movie,,,,,,no candidate
s3860,All In My Family,2019,"Documentaries, LGBTQ Movies",Movie,,,,,,no candidate
s3863,Despite Everything,2019,"Comedies, International Movies, Romantic Movies",Movie,,,,,,no candidate
s3864,"Extremely Wicked, Shockingly Evil and Vile",2019,"Dramas, Independent Movies",Movie,,,,,,no candidate
s3866,Jo Pil-ho: The Dawning Rage,2018,"Dramas, International Movies, Thrillers",Movie,,,,,,no candidate
s3867,The Last Summer,2019,"Comedies, Romantic Movies",Movie,,,,,,no candidate
s3869,Laatu,2018,"Comedies, Dramas, International Movies",Movie,,,,,,no candidate
s3872,John & Yoko: Above Us Only Sky,2018,"Documentaries, Music & Musicals",Movie,,,,,,no candidate
s3873,Knock Down The House,2019,Documentaries,Movie,174815,The House (2017),100.0,0.0,0.0,genre conflict
s3874,Munafik 2,2018,"Horror Movies, International Movies",Movie,,,,,,no candidate
s3875,Sur Sapata,2019,"Comedies, Dramas, International Movies",Movie,,,,,,no candidate
s3876,A Home with A View,2019,"Comedies, International Movies",Movie,,,,,,no candidate
s3878,Anthony Jeselnik: Fire in the Maternity Ward,2019,Stand-Up Comedy,Movie,,,,,,no candidate
s3886,Teen Aur Aadha,2018,"Dramas, Independent Movies, International Movies",Movie,,,,,,no candidate
s3889,Loving is Losing,2019,"Comedies, International Movies, Romantic Movies",Movie,,,,,,no candidate
s3890,Money Trap,2019,"Comedies, Dramas, International Movies",Movie,,,,,,no candidate
s3891,Njan Prakashan,2018,"Comedies, Dramas, International Movies",Movie,,,,,,no candidate
s3892,ReMastered: Devil at the Crossroads,2019,"Documentaries, Music & Musicals",Movie,,,,,,no candidate
s3895,A Fortunate Man,2018,"Dramas, International Movies",Movie,,,,,,no candidate
s3896,Grass Is Greener,2019,"Documentaries, Music & Musicals",Movie,,,,,,year mismatch on exact title
s3897,Brené Brown: The Call to Courage,2019,Documentaries,Movie,,,,,,no candidate
s3900,Music Teacher,2019,"Dramas, Independent Movies, International Movies",Movie,,,,,,no candidate
s3904,Someone Great,2019,"Comedies, Romantic Movies",Movie,,,,,,no candidate
s3905,The Ruthless,2019,"Dramas, International Movies",Movie,,,,,,no candidate
s3906,A Little Chaos,2014,"Dramas, Independent Movies, International Movies",Movie,176805,Little Boxes (2017),75.0,0.0,0.5,score 75 < 90
s3907,Franco Escamilla: Bienvenido al mundo,2019,Stand-Up Comedy,Movie,,,,,,no candidate
s3908,HOMECOMING: A film by Beyoncé,2019,"Documentaries, Music & Musicals",Movie,,,,,,no candidate
s3910,Super Monsters Furever Friends,2019,Children & Family Movies,Movie,,,,,,no candidate
s3911,Bollywood Calling,2001,"Comedies, Dramas, International Movies",Movie,,,,,,no candidate
s3912,Ek Khiladi Ek Haseena,2005,"International Movies, Music & Musicals, Thrillers",Movie,,,,,,no candidate
s3914,Hazaaron Khwaishein Aisi,2003,"Dramas, International Movies, Romantic Movies",Movie,,,,,,no candidate
s3915,Jhankaar Beats,2003,"Comedies, International Movies, Music & Musicals",Movie,,,,,,no candidate
s3916,Mumbai Matinee,2003,"Comedies, International Movies, Romantic Movies",Movie,,,,,,no candidate
s3917,Rainbow Jelly,2018,"Dramas, International Movies, Sci-Fi & Fantasy",Movie,,,,,,no candidate
s3918,Shabd,2005,"Dramas, International Movies, Romantic Movies",Movie,,,,,,no candidate
s3919,Shortcut Safari,2016,"Action & Adventure, Comedies, Dramas",Movie,,,,,,no candidate
s3920,Thriller,2018,Horror Movies,Movie,,,,,,no candidate
s3922,Who Would You Take to a Deserted Island?,2019,"Dramas, International Movies",Movie,,,,,,no candidate
s3923,Dabbe 5: Zehr-i Cin,2014,"Horror Movies, International Movies",Movie,,,,,,no candidate
s3924,Dabbe: The Possession,2013,"Horror Movies, International Movies",Movie,,,,,,no candidate
s3925,Francesco De Carlo: Cose di Questo Mondo,2019,Stand-Up Comedy,Movie,,,,,,no candidate
s3927,The Perfect Date,2019,"Comedies, Romantic Movies",Movie,,,,,,no candidate
s3930,Liss Pereira: Reteniendo líquidos,2019,Stand-Up Comedy,Movie,,,,,,no candidate
s3933,Sarvam Thaala Mayam (Telugu Version),2018,"Dramas, International Movies, Music & Musicals",Movie,,,,,,no candidate
s3934,Petta (Telugu Version),2019,"Action & Adventure, Comedies, Dramas",Movie,,,,,,no candidate
s3936,Alien Warfare,2019,"Action & Adventure, Sci-Fi & Fantasy",Movie,,,,,,no candidate
s3940,Petta,2019,"Action & Adventure, Comedies, Dramas",Movie,,,,,,no candidate
s3946,Unicorn Store,2019,"Comedies, Dramas, Independent Movies",Movie,,,,,,no candidate
s3948,Ricardo Quevedo: Los amargados somos más,2019,Stand-Up Comedy,Movie,,,,,,no candidate
s3949,Suzzanna: Buried Alive,2018,"Horror Movies, International Movies",Movie,,,,,,no candidate
s3951,Ek Ladki Ko Dekha Toh Aisa Laga,2019,"Comedies, Dramas, International Movies",Movie,,,,,,no candidate
s3952,Jagat,2015,"Dramas, International Movies",Movie,,,,,,no candidate
s3953,Kevin Hart: Irresponsible,2019,Stand-Up Comedy,Movie,,,,,,no candidate
s3955,Love O2O,2016,"International Movies, Romantic Movies, Sci-Fi & Fantasy",Movie,140162,Love (2015),100.0,0.0,0.25,MovieLens title nested inside Netflix title (likely different film)
s3956,Pinky Memsaab,2018,"Dramas, Independent Movies, International Movies",Movie,,,,,,no candidate
s3958,The Trap,2017,Comedies,Movie,,,,,,no candidate
s3960,Mercy Black,2019,Horror Movies,Movie,,,,,,no candidate
s3961,The Burial of Kojo,2018,"Dramas, Independent Movies, International Movies",Movie,,,,,,no candidate
s3963,15 August,2019,"Comedies, Dramas, Independent Movies",Movie,,,,,,no candidate
s3964,Bayonet,2019,"Dramas, International Movies, Sports Movies",Movie,,,,,,no candidate
s3967,The Highwaymen,2019,Dramas,Movie,,,,,,no candidate
s3968,The Legend of Cocaine Island,2019,Documentaries,Movie,,,,,,no candidate
s3973,Danur: I Can See Ghosts,2017,"Horror Movies, International Movies",Movie,,,,,,no candidate
s3974,Verses of Love,2008,"Dramas, International Movies, Romantic Movies",Movie,60894,"Edge of Love, The (2008)",76.9,0.0,0.67,"subset match, insufficient evidence (score 77, margin 77)"
s3975,Nate Bargatze: The Tennessee Kid,2019,Stand-Up Comedy,Movie,,,,,,no candidate
s3976,Sei,2018,"Action & Adventure, Comedies, Dramas",Movie,,,,,,no candidate
s3978,Superlopez,2018,"Action & Adventure, Comedies, International Movies",Movie,,,,,,no candidate
s3979,Oversize Cops,2017,"Action & Adventure, Comedies, International Movies",Movie,,,,,,no candidate
s3983,Mirage,2018,"Dramas, International Movies, Sci-Fi & Fantasy",Movie,,,,,,no candidate
s3984,ReMastered: The Miami Showband Massacre,2019,"Documentaries, Music & Musicals",Movie,,,,,,no candidate
s3986,The Dirt,2019,"Comedies, Dramas, Music & Musicals",Movie,,,,,,no candidate
s3988,Antoine Griezmann: The Making of a Legend,2019,"Documentaries, International Movies, Sports Movies",Movie,,,,,,no candidate
s3991,The Amazing Praybeyt Benjamin,2014,"Action & Adventure, Comedies, International Movies",Movie,,,,,,no candidate
s3992,The Super Parental Guardians,2016,"Action & Adventure, Comedies, International Movies",Movie,141131,Guardians (2016),100.0,81.8,,MovieLens title nested inside Netflix title (likely different film)
s3993,The Third Party,2016,"Comedies, Dramas, International Movies",Movie,,,,,,no candidate
s3994,The Unmarried Wife,2016,"Dramas, International Movies, Romantic Movies",Movie,,,,,,no candidate
s3995,Vince and Kath and James,2016,"International Movies, Romantic Movies",Movie,,,,,,no candidate
s3996,Alexis Viera: A Story of Surviving,2019,"Documentaries, International Movies, Sports Movies",Movie,,,,,,no candidate
s3998,Imago,2018,"Dramas, Independent Movies, International Movies",Movie,,,,,,no candidate
s4000,Amy Schumer Growing,2019,Stand-Up Comedy,Movie,,,,,,no candidate
s4001,5 Flights Up,2014,"Comedies, Dramas, Independent Movies",Movie,,,,,,no candidate
s4003,Bombairiya,2018,"Comedies, Dramas, International Movies",Movie,,,,,,no candidate
s4004,Burn Out,2017,"Action & Adventure, International Movies",Movie,142536,Burnt (2015),76.9,0.0,0.0,genre conflict
s4005,Edoardo Ferrario: Temi Caldi,2019,Stand-Up Comedy,Movie,,,,,,no candidate
s4006,Girl,2018,"Dramas, International Movies, LGBTQ Movies",Movie,127202,Me and Earl and the Dying Girl (2015),100.0,100.0,1.0,"subset match, insufficient evidence (score 100, margin 0)"
s4008,Jeff Dunham: Arguing with Myself,2006,Stand-Up Comedy,Movie,,,,,,no candidate
s4009,Jeff Dunham: Controlled Chaos,2011,Stand-Up Comedy,Movie,,,,,,no candidate
s4010,Jeff Dunham: Minding the Monsters,2012,Stand-Up Comedy,Movie,80917,Monsters (2010),100.0,0.0,0.0,genre conflict
s4011,Jeff Dunham's Very Special Christmas Special,2008,Stand-Up Comedy,Movie,69251,Special (2006),100.0,75.0,0.0,genre conflict
s4012,Late Life: The Chien-Ming Wang Story,2018,"Documentaries, Sports Movies",Movie,,,,,,no candidate
s4014,Paskal,2018,"Action & Adventure, Dramas, International Movies",Movie,,,,,,no candidate
s4019,Barcelona: A Love Untold,2016,"Dramas, International Movies, Romantic Movies",Movie,140162,Love (2015),100.0,0.0,1.0,MovieLens title nested inside Netflix title (likely different film)
s4020,Everything About Her,2016,"Comedies, Dramas, International Movies",Movie,106920,Her (2013),100.0,80.0,0.33,MovieLens title nested inside Netflix title (likely different film)
s4021,Finally Found Someone,2017,"International Movies, Romantic Movies",Movie,,,,,,no candidate
s4022,Seven Sundays,2017,"Comedies, Dramas, International Movies",Movie,,,,,,no candidate
s4025,Triple Frontier,2019,Action & Adventure,Movie,,,,,,no candidate
s4026,Jimmy Carr: The Best of Ultimate Gold Greatest Hits,2019,Stand-Up Comedy,Movie,,,,,,no candidate
s4032,Hajwala 2: Mysterious Mission,2018,"Action & Adventure, Comedies, International Movies",Movie,,,,,,no candidate
s4034,Juanita,2019,"Dramas, Independent Movies, Romantic Movies",Movie,,,,,,no candidate
s4035,Lady J,2019,"Dramas, Independent Movies, International Movies",Movie,177615,Lady Bird (2017),80.0,0.0,0.0,genre conflict
s4037,Walk. Ride. Rodeo.,2019,"Children & Family Movies, Dramas",Movie,,,,,,no candidate
s4038,Nappily Ever After,2018,"Comedies, Dramas, Romantic Movies",Movie,,,,,,no candidate
s4039,Sisterakas,2012,"Comedies, International Movies",Movie,149354,Sisters (2015),82.4,0.0,,score 82 < 90
s4040,Starting Over Again,2014,"Dramas, International Movies, Romantic Movies",Movie,,,,,,no candidate
s4041,That Thing Called Tadhana,2015,"Dramas, International Movies, Romantic Movies",Movie,,,,,,no candidate
s4042,The Love Affair,2015,"Dramas, International Movies, Romantic Movies",Movie,140162,Love (2015),100.0,0.0,1.0,MovieLens title nested inside Netflix title (likely different film)
s4046,The Hard Way,2019,Action & Adventure,Movie,,,,,,year mismatch on exact title
s4047,Everyday I Love You,2015,"Dramas, International Movies, Romantic Movies",Movie,140162,Love (2015),100.0,75.0,1.0,MovieLens title nested inside Netflix title (likely different film)
s4048,No Other Woman,2011,"Dramas, International Movies, Romantic Movies",Movie,110771,"Other Woman, The (2014)",100.0,100.0,0.33,MovieLens title nested inside Netflix title (likely different film)
s4049,River's Edge,2018,"Dramas, International Movies",Movie,,,,,,year mismatch on exact title
s4050,Sarkar,2018,"Action & Adventure, Dramas, International Movies",Movie,,,,,,no candidate
s4051,Weapon of Choice,2018,"Documentaries, International Movies",Movie,,,,,,no candidate
s4052,"2,215",2018,"Documentaries, International Movies, Sports Movies",Movie,,,,,,no candidate
s4053,BNK48: Girls Don't Cry,2018,"Documentaries, International Movies, Music & Musicals",Movie,,,,,,no candidate
s4054,Budapest,2018,"Comedies, International Movies",Movie,,,,,,no candidate
s4059,Pants on Fire,2014,"Children & Family Movies, Comedies",Movie,,,,,,no candidate
s4060,Paranormal Investigation,2018,"Horror Movies, International Movies, Thrillers",Movie,,,,,,no candidate
s4061,Radio Rebel,2012,"Children & Family Movies, Comedies",Movie,,,,,,no candidate
s4062,Sarvam Thaala Mayam (Tamil Version),2018,"Dramas, International Movies, Music & Musicals",Movie,,,,,,no candidate
s4063,The Boy Who Harnessed the Wind,2019,"Children & Family Movies, Dramas, Independent Movies",Movie,,,,,,no candidate
s4065,The Last Runway,2018,"Action & Adventure, International Movies",Movie,,,,,,no candidate
s4067,Your Son,2018,"Dramas, International Movies, Thrillers",Movie,,,,,,no candidate
s4068,Quién te cantará,2018,"Dramas, Independent Movies, International Movies",Movie,,,,,,no candidate
s4069,A Second Chance,2015,"Dramas, International Movies, Romantic Movies",Movie,,,,,,no candidate
s4070,Beauty and the Bestie,2015,"Action & Adventure, Comedies, International Movies",Movie,168366,Beauty and the Beast (2017),92.7,0.0,0.0,genre conflict
s4071,Bride For Rent,2014,"Comedies, International Movies, Romantic Movies",Movie,,,,,,no candidate
s4072,Can't Help Falling in Love,2017,"Comedies, Dramas, International Movies",Movie,140162,Love (2015),100.0,0.0,0.5,MovieLens title nested inside Netflix title (likely different film)
s4073,Evening Shadows,2018,"Dramas, Independent Movies, International Movies",Movie,,,,,,no candidate
s4074,Four Sisters and a Wedding,2013,"Comedies, Dramas, International Movies",Movie,149354,Sisters (2015),100.0,0.0,0.0,genre conflict
s4075,It Takes a Man and a Woman,2013,"Comedies, International Movies, Romantic Movies",Movie,88272,"Woman, The (2011)",100.0,0.0,0.0,genre conflict
s4076,My Ex & Whys,2017,"Comedies, Dramas, International Movies",Movie,,,,,,no candidate
s4077,She's Dating the Gangster,2014,"Dramas, International Movies, Romantic Movies",Movie,,,,,,no candidate
s4078,The Breakup Playlist,2015,"Dramas, International Movies, Music & Musicals",Movie,,,,,,no candidate
s4079,The Mistress,2012,"Dramas, International Movies, Romantic Movies",Movie,127130,Mistress America (2015),100.0,0.0,0.0,genre conflict
s4081,Zach Galifianakis: Live at the Purple Onion,2006,Stand-Up Comedy,Movie,182793,The Purple Sea (2009),75.0,0.0,0.0,genre conflict
s4082,Life of An Outcast,2018,"Dramas, Independent Movies, International Movies",Movie,,,,,,no candidate
s4083,The Photographer Of Mauthausen,2018,"Dramas, International Movies",Movie,,,,,,no candidate
s4084,Bert Kreischer: The Machine,2016,Stand-Up Comedy,Movie,173209,War Machine (2017),77.8,0.0,0.33,"subset match, insufficient evidence (score 78, margin 78)"
s4086,Firebrand,2019,"Dramas, International Movies",Movie,,,,,,no candidate
s4087,Paddleton,2019,"Comedies, Dramas, Independent Movies",Movie,,,,,,no candidate
s4088,Paris Is Us,2019,"Dramas, Independent Movies, International Movies",Movie,,,,,,no candidate
s4089,Shonar Pahar,2018,"Dramas, Independent Movies, International Movies",Movie,,,,,,no candidate
s4092,The Drug King,2018,"Dramas, International Movies, Thrillers",Movie,,,,,,no candidate
s4093,Kevin James: Sweat the Small Stuff,2001,Stand-Up Comedy,Movie,,,,,,no candidate
s4094,Transformer,2017,"Documentaries, LGBTQ Movies",Movie,,,,,,no candidate
s4097,Studio 54,2018,Documentaries,Movie,,,,,,no candidate
s4098,Awe,2018,"Dramas, International Movies, Sci-Fi & Fantasy",Movie,,,,,,no candidate
s4099,Ayana,2017,"Dramas, Independent Movies, International Movies",Movie,,,,,,no candidate
s4100,Behind the Curve,2018,Documentaries,Movie,,,,,,no candidate
s4101,Buddies,2012,"Comedies, Dramas, Independent Movies",Movie,103801,Drinking Buddies (2013),100.0,100.0,0.33,"subset match, insufficient evidence (score 100, margin 0)"
s4102,Candyflip,2017,"Dramas, Independent Movies, International Movies",Movie,,,,,,no candidate
s4103,Chameli,2004,"Dramas, International Movies",Movie,,,,,,no candidate
s4104,Fatso,2012,"Comedies, Dramas, International Movies",Movie,,,,,,no candidate
s4107,Neevevaro,2018,"Dramas, International Movies, Romantic Movies",Movie,,,,,,no candidate
s4108,Pyaar Ke Side Effects,2006,"Comedies, International Movies, Romantic Movies",Movie,,,,,,no candidate
s4109,Sur: The Melody of Life,2002,"Dramas, International Movies",Movie,2587,Life (1999),100.0,0.0,0.33,MovieLens title nested inside Netflix title (likely different film)
s4111,The Breaker Upperers,2018,"Comedies, Independent Movies, International Movies",Movie,,,,,,no candidate
s4113,Ugly Aur Pagli,2008,"Comedies, International Movies, Romantic Movies",Movie,,,,,,no candidate
s4114,Yucatán,2018,"Comedies, International Movies",Movie,,,,,,no candidate
s4116,"Ken Jeong: You Complete Me, Ho",2019,Stand-Up Comedy,Movie,,,,,,no candidate
s4118,Period. End of Sentence.,2018,Documentaries,Movie,,,,,,no candidate
s4121,High Flying Bird,2019,"Dramas, Sports Movies",Movie,,,,,,no candidate
s4122,Kevin Hart's Guide to Black History,2019,"Children & Family Movies, Comedies",Movie,,,,,,no candidate
s4124,ReMastered: The Two Killings of Sam Cooke,2019,"Documentaries, Music & Musicals",Movie,,,,,,no candidate
s4125,The Tree of Blood,2018,"Dramas, Independent Movies, International Movies",Movie,,,,,,no candidate
s4129,"Ray Romano: Right Here, Around the Corner",2019,Stand-Up Comedy,Movie,155509,Mr. Right (2016),76.9,0.0,0.33,"subset match, insufficient evidence (score 77, margin 77)"
s4134,Await Further Instructions,2018,"Horror Movies, Sci-Fi & Fantasy",Movie,,,,,,no candidate
s4135,Manusangada,2017,"Dramas, Independent Movies, International Movies",Movie,,,,,,no candidate
s4136,14 Minutes from Earth,2016,Documentaries,Movie,,,,,,no candidate
s4137,Dear Ex,2018,"Comedies, Dramas, International Movies",Movie,,,,,,no candidate
s4138,Free Rein: Valentine's Day,2019,"Children & Family Movies, Dramas",Movie,,,,,,no candidate
s4139,Lego DC Comics: Batman Be-Leaguered,2014,Movies,Movie,167746,The Lego Batman Movie (2017),78.6,0.0,,"subset match, insufficient evidence (score 79, margin 79)"
s4140,LEGO Marvel Super Heroes: Black Panther,2018,Children & Family Movies,Movie,122906,Black Panther (2017),100.0,0.0,0.0,genre conflict
s4141,LEGO Marvel Super Heroes: Guardians of the Galaxy,2017,Children & Family Movies,Movie,112852,Guardians of the Galaxy (2014),100.0,100.0,0.0,genre conflict
s4146,True: Happy Hearts Day,2019,Children & Family Movies,Movie,,,,,,no candidate
s4147,Velvet Buzzsaw,2019,"Dramas, Thrillers",Movie,,,,,,no candidate
s4148,Hantu Kak Limah,2018,"Comedies, Horror Movies, International Movies",Movie,,,,,,no candidate
s4149,Love Off the Cuff,2017,"Comedies, Dramas, International Movies",Movie,140162,Love (2015),100.0,0.0,0.5,MovieLens title nested inside Netflix title (likely different film)
s4151,Maharaja: The Story of Ranjit Singh,2010,"Dramas, International Movies",Movie,67665,Anvil! The Story of Anvil (2008),80.0,0.0,0.0,genre conflict
s4152,Virsa,2010,"Dramas, International Movies, Music & Musicals",Movie,,,,,,no candidate
s4153,Bhasmasur,2017,"Dramas, Independent Movies, International Movies",Movie,,,,,,no candidate
s4154,"Gabriel ""Fluffy"" Iglesias: One Show Fits All",2019,Stand-Up Comedy,Movie,,,,,,no candidate
s4155,High Society,2018,"Dramas, International Movies",Movie,,,,,,year mismatch on exact title
s4156,Up Among  The Stars,2018,"Dramas, International Movies, Sci-Fi & Fantasy",Movie,,,,,,no candidate
s4157,Alt-Right: Age of Rage,2018,Documentaries,Movie,155509,Mr. Right (2016),76.9,0.0,0.0,genre conflict
s4158,Habibie & Ainun,2012,"Dramas, International Movies, Romantic Movies",Movie,,,,,,no candidate
s4159,Nathicharami,2018,"Dramas, Independent Movies, International Movies",Movie,,,,,,no candidate
s4160,Rudy Habibie,2016,"Dramas, International Movies",Movie,,,,,,no candidate
s4161,Surga Yang Tak Dirindukan,2015,"Dramas, Faith & Spirituality, International Movies",Movie,,,,,,no candidate
s4162,Surga Yang Tak Dirindukan 2,2017,"Dramas, Faith & Spirituality, International Movies",Movie,,,,,,no candidate
s4165,Goyo: The Boy General,2018,"Dramas, International Movies",Movie,,,,,,no candidate
s4166,Animas,2018,"Horror Movies, International Movies",Movie,,,,,,no candidate
s4170,Mi Obra Maestra,2018,"Comedies, International Movies",Movie,,,,,,no candidate
s4171,Polar,2019,"Action & Adventure, International Movies",Movie,,,,,,no candidate
s4174,Just Love,2018,"Dramas, International Movies, Music & Musicals",Movie,140162,Love (2015),100.0,0.0,0.33,MovieLens title nested inside Netflix title (likely different film)
s4176,Close,2019,"Action & Adventure, International Movies",Movie,,,,,,no candidate
s4177,FYRE: The Greatest Party That Never Happened,2019,Documentaries,Movie,,,,,,no candidate
s4178,IO,2019,"Dramas, Sci-Fi & Fantasy",Movie,,,,,,no candidate
s4181,Old Lord Savanna,2018,"Documentaries, International Movies",Movie,,,,,,no candidate
s4182,Patria,2019,"Documentaries, International Movies",Movie,,,,,,no candidate
s4183,Soni,2018,"Dramas, Independent Movies, International Movies",Movie,,,,,,no candidate
s4186,Abducted in Plain Sight,2017,Documentaries,Movie,,,,,,no candidate
s4187,"Abdullah, The Final Witness",2016,"Dramas, International Movies",Movie,,,,,,no candidate
s4188,Adhugo,2018,"Comedies, Independent Movies, International Movies",Movie,,,,,,no candidate
s4189,Echcharikkai,2018,"International Movies, Thrillers",Movie,,,,,,no candidate
s4191,Pandigai,2017,"Action & Adventure, Dramas, International Movies",Movie,,,,,,no candidate
s4192,Pari,2018,"Horror Movies, International Movies",Movie,,,,,,no candidate
s4193,Revenger,2018,"Action & Adventure, International Movies",Movie,,,,,,no candidate
s4194,Sebastian Maniscalco: Stay Hungry,2019,Stand-Up Comedy,Movie,,,,,,no candidate
s4195,The Doll,2016,"Horror Movies, International Movies",Movie,,,,,,no candidate
s4196,The Doll 2,2017,"Horror Movies, International Movies",Movie,,,,,,no candidate
s4198,Baazaar,2018,"Dramas, International Movies",Movie,,,,,,no candidate
s4199,All of You,2017,"Comedies, Dramas, International Movies",Movie,,,,,,no candidate
s4204,ReMastered: Massacre at the Stadium,2019,"Documentaries, Music & Musicals",Movie,,,,,,no candidate
s4205,Solo,2018,"Dramas, Independent Movies, International Movies",Movie,187595,Solo: A Star Wars Story (2018),100.0,0.0,0.0,genre conflict
s4206,The Last Laugh,2019,"Comedies, Dramas",Movie,,,,,,no candidate
s4209,GODZILLA The Planet Eater,2018,"Action & Adventure, Anime Features, International Movies",Movie,163056,Shin Godzilla (2016),76.2,0.0,0.4,"subset match, insufficient evidence (score 76, margin 76)"
s4210,Next Enti?,2018,"Comedies, Dramas, International Movies",Movie,,,,,,no candidate
s4211,Komola Rocket,2018,"Dramas, Independent Movies, International Movies",Movie,,,,,,no candidate
s4212,Nang Nak,1999,"Horror Movies, International Movies, Romantic Movies",Movie,,,,,,no candidate
s4213,And Breathe Normally,2018,"Dramas, Independent Movies, International Movies",Movie,,,,,,no candidate
s4214,El Potro: Unstoppable,2018,"Dramas, International Movies, Music & Musicals",Movie,,,,,,no candidate
s4215,Lionheart,2018,"Comedies, Dramas, Independent Movies",Movie,,,,,,year mismatch on exact title
s4220,Back to the 90s,2015,"Comedies, International Movies, Music & Musicals",Movie,,,,,,no candidate
s4222,Merku Thodarchi Malai,2018,"Dramas, Independent Movies, International Movies",Movie,,,,,,no candidate
s4223,Moshe Kasher: Live in Oakland,2012,Stand-Up Comedy,Movie,,,,,,no candidate
s4224,Pokémon the Movie: I Choose You!,2017,"Anime Features, Children & Family Movies",Movie,,,,,,no candidate
s4225,Puriyatha Puthir,2017,"International Movies, Thrillers",Movie,,,,,,no candidate
s4226,Taramani,2017,"Dramas, Independent Movies, International Movies",Movie,,,,,,no candidate
s4229,Whitney Cummings: Money Shot,2010,Stand-Up Comedy,Movie,,,,,,no candidate
s4230,Bill Hicks: One Night Stand,1991,Stand-Up Comedy,Movie,26849,"Stand, The (1994)",100.0,0.0,0.0,genre conflict
s4231,Bill Hicks: Reflections,2015,Documentaries,Movie,,,,,,no candidate
s4232,Bill Hicks: Relentless,1992,Stand-Up Comedy,Movie,,,,,,no candidate
s4234,Bill Hicks: Sane Man,1989,Stand-Up Comedy,Movie,,,,,,no candidate
s4235,Gina Yashere: Laughing to America,2013,Stand-Up Comedy,Movie,,,,,,no candidate
s4236,Gina Yashere: Skinny B*tch,2008,Stand-Up Comedy,Movie,,,,,,no candidate
s4237,Mexicanos de Bronce,2016,"Documentaries, International Movies, Music & Musicals",Movie,,,,,,no candidate
s4238,Sam Kinison: Breaking the Rules,1987,Stand-Up Comedy,Movie,,,,,,no candidate
s4239,Sam Kinison: Family Entertainment Hour,1991,Stand-Up Comedy,Movie,,,,,,no candidate
s4240,Sam Kinison: Live in Vegas,1991,Stand-Up Comedy,Movie,,,,,,no candidate
s4241,Sam Kinison: The Scream Continues,2016,Documentaries,Movie,,,,,,no candidate
s4242,Secrets in the Hot Spring,2018,"Comedies, Horror Movies, International Movies",Movie,130840,Spring (2015),100.0,0.0,0.33,MovieLens title nested inside Netflix title (likely different film)
s4243,Taylor Swift reputation Stadium Tour,2018,Music & Musicals,Movie,,,,,,no candidate
s4244,The Seven Deadly Sins the Movie: Prisoners of the Sky,2018,"Action & Adventure, Anime Features, International Movies",Movie,,,,,,no candidate
s4245,Tim Allen: Men Are Pigs,1990,Stand-Up Comedy,Movie,,,,,,no candidate
s4246,Tim Allen: ReWires America,1991,Stand-Up Comedy,Movie,3841,Air America (1990),77.8,0.0,0.5,"subset match, insufficient evidence (score 78, margin 78)"
s4247,Tim Minchin And The Heritage Orchestra Live,2011,"Music & Musicals, Stand-Up Comedy",Movie,,,,,,no candidate
s4248,Tim Minchin: So F**king Rock,2008,"Music & Musicals, Stand-Up Comedy",Movie,,,,,,no candidate
s4249,Todd Glass: Stand-Up Special,2012,Stand-Up Comedy,Movie,68954,Up (2009),100.0,76.2,0.0,genre conflict
s4250,Tom Papa Live in New York City,2011,Stand-Up Comedy,Movie,95744,2 Days in New York (2012),75.9,0.0,1.0,"subset match, insufficient evidence (score 76, margin 76)"
s4253,A Twelve Year Night,2018,"Dramas, International Movies",Movie,,,,,,no candidate
s4254,Black Mirror: Bandersnatch,2018,"Dramas, International Movies, Sci-Fi & Fantasy",Movie,176601,Black Mirror,100.0,0.0,,MovieLens title nested inside Netflix title (likely different film)
s4256,Life Ki Toh Lag Gayi,2012,"Action & Adventure, Comedies, Dramas",Movie,,,,,,no candidate
s4259,The Birth Reborn 3,2018,"Documentaries, International Movies",Movie,,,,,,no candidate
s4260,When Angels Sleep,2018,"Dramas, International Movies, Thrillers",Movie,,,,,,no candidate
s4268,Bad Seeds,2018,"Comedies, Dramas, International Movies",Movie,,,,,,no candidate
s4269,Bird Box,2018,"Dramas, Sci-Fi & Fantasy, Thrillers",Movie,,,,,,no candidate
s4276,Struggle: The Life and Lost Art of Szukalski,2018,Documentaries,Movie,,,,,,no candidate
s4278,23:59,2011,"Horror Movies, International Movies",Movie,,,,,,no candidate
s4279,Aggretsuko: We Wish You a Metal Christmas,2018,Movies,Movie,,,,,,no candidate
s4281,Imperfect,2012,"Action & Adventure, International Movies",Movie,,,,,,no candidate
s4282,Lang Tong,2015,"International Movies, Thrillers",Movie,,,,,,no candidate
s4283,Miss J Contemplates Her Choice,2014,"Dramas, International Movies, Thrillers",Movie,106920,Her (2013),100.0,0.0,0.25,MovieLens title nested inside Netflix title (likely different film)
s4284,Ascharyachakit!,2018,"Dramas, Independent Movies, International Movies",Movie,,,,,,no candidate
s4286,Lilli,2018,"Dramas, Independent Movies, International Movies",Movie,,,,,,no candidate
s4287,Prince of Peoria: A Christmas Moose Miracle,2018,"Children & Family Movies, Comedies",Movie,,,,,,no candidate
s4288,Andhadhun,2018,"Comedies, Dramas, International Movies",Movie,,,,,,no candidate
s4290,Dragons: Dawn of the Dragon Racers,2014,"Children & Family Movies, Comedies",Movie,,,,,,no candidate
s4294,Springsteen on Broadway,2018,Music & Musicals,Movie,,,,,,no candidate
s4296,F.R.E.D.I.,2018,"Children & Family Movies, Sci-Fi & Fantasy",Movie,,,,,,no candidate
s4298,Kita Kita,2017,"Comedies, Dramas, International Movies",Movie,132618,Kite (2014),75.0,0.0,0.2,"subset match, insufficient evidence (score 75, margin 75)"
s4299,Once in a Lifetime Sessions with George Ezra,2018,"Documentaries, Music & Musicals",Movie,,,,,,no candidate
s4300,Once in a Lifetime Sessions with Kasabian,2018,"Documentaries, Music & Musicals",Movie,,,,,,no candidate
s4301,Once in a Lifetime Sessions with OneRepublic,2018,"Documentaries, Music & Musicals",Movie,,,,,,no candidate
s4302,Once in a Lifetime Sessions with Snow Patrol,2018,"Documentaries, Music & Musicals",Movie,,,,,,no candidate
s4303,Sad Hill Unearthed,2017,"Documentaries, International Movies",Movie,,,,,,no candidate
s4304,Vanjagar Ulagam,2018,"Dramas, International Movies, Thrillers",Movie,,,,,,no candidate
s4307,ROMA,2018,"Dramas, Independent Movies, International Movies",Movie,140174,Room (2015),75.0,0.0,1.0,score 75 < 90
s4314,"Out of Many, One",2018,Documentaries,Movie,,,,,,no candidate
s4315,Vir Das: Losing It,2018,Stand-Up Comedy,Movie,175303,It (2017),100.0,0.0,0.0,genre conflict
s4316,5 Star Christmas,2018,"Comedies, International Movies",Movie,182727,A Christmas Story Live! (2017),77.8,0.0,,"subset match, insufficient evidence (score 78, margin 78)"
s4318,Dumplin',2018,"Comedies, Dramas, Independent Movies",Movie,,,,,,no candidate
s4319,Free Rein: The Twelve Neighs of Christmas,2018,"Children & Family Movies, Dramas",Movie,,,,,,no candidate
s4320,Mowgli: Legend of the Jungle,2018,"Action & Adventure, Children & Family Movies, Dramas",Movie,141688,Legend (2015),100.0,0.0,0.0,genre conflict
s4323,ReMastered: Who Killed Jam Master Jay?,2018,"Documentaries, Music & Musicals",Movie,,,,,,no candidate
s4324,Super Monsters and the Wish Star,2018,Children & Family Movies,Movie,,,,,,no candidate
s4325,The American Meme,2018,Documentaries,Movie,176751,American Made (2017),84.6,76.2,0.0,genre conflict
s4326,RUSSELL BRAND: RE:BIRTH,2018,Stand-Up Comedy,Movie,,,,,,no candidate
s4329,Teefa in Trouble,2018,"Action & Adventure, Comedies, International Movies",Movie,,,,,,no candidate
s4330,A Beautiful Life,2011,"Dramas, International Movies, Romantic Movies",Movie,90353,Beautiful Boy (2010),81.8,80.0,0.5,"subset match, insufficient evidence (score 82, margin 2)"
s4331,Accident,2009,"International Movies, Thrillers",Movie,,,,,,no candidate
s4332,"Ayotzinapa, el paso de la tortuga",2018,"Documentaries, International Movies",Movie,,,,,,no candidate
s4334,Blind Detective,2013,"Action & Adventure, Comedies, International Movies",Movie,,,,,,no candidate
s4335,Break Up 100,2014,"Comedies, International Movies, Romantic Movies",Movie,,,,,,no candidate
s4336,Chal Bhaag,2014,"Comedies, Dramas, International Movies",Movie,,,,,,no candidate
s4337,Crossroads: One Two Jaga,2018,"Dramas, International Movies",Movie,,,,,,no candidate
s4338,Don't Go Breaking My Heart,2011,"Comedies, International Movies, Romantic Movies",Movie,,,,,,no candidate
s4339,Don't Go Breaking My Heart 2,2014,"Comedies, International Movies, Romantic Movies",Movie,,,,,,no candidate
s4340,Faraar,2015,"Action & Adventure, Dramas, International Movies",Movie,,,,,,no candidate
s4342,Helios,2015,"Action & Adventure, International Movies",Movie,,,,,,no candidate
s4343,Line Walker,2016,"Action & Adventure, Dramas, International Movies",Movie,,,,,,no candidate
s4344,Look for a Star,2009,"Comedies, International Movies, Romantic Movies",Movie,,,,,,no candidate
s4345,Oddbods: The Festive Menace,2018,Movies,Movie,,,,,,no candidate
s4346,Once a Gangster,2010,"Action & Adventure, Comedies, International Movies",Movie,,,,,,no candidate
s4347,Power Paandi,2017,"Dramas, Independent Movies, International Movies",Movie,,,,,,no candidate
s4348,Roll With Me,2017,"Documentaries, Sports Movies",Movie,,,,,,no candidate
s4349,SDU: Sex Duties Unit,2013,"Comedies, International Movies",Movie,,,,,,no candidate
s4350,Set Off,2008,"Dramas, International Movies",Movie,,,,,,no candidate
s4352,A Christmas Prince: The Royal Wedding,2018,"Children & Family Movies, Dramas, Romantic Movies",Movie,,,,,,no candidate
s4353,Angela's Christmas,2018,Children & Family Movies,Movie,,,,,,no candidate
s4355,El club de los insomnes,2018,"Dramas, International Movies",Movie,,,,,,no candidate
s4356,Happy as Lazzaro,2018,"Dramas, Independent Movies, International Movies",Movie,,,,,,no candidate
s4358,Manto,2018,"Dramas, Independent Movies, International Movies",Movie,,,,,,no candidate
s4359,Rajma Chawal,2018,"Comedies, Dramas, International Movies",Movie,,,,,,no candidate
s4361,The World Is Yours,2018,"Action & Adventure, Comedies, International Movies",Movie,,,,,,no candidate
s4362,Time Share,2018,"Dramas, Independent Movies, International Movies",Movie,,,,,,no candidate
s4365,My Little Pony Friendship Is Magic: Best Gift Ever,2018,Children & Family Movies,Movie,140247,The Gift (2015),100.0,0.0,0.0,genre conflict
s4370,The Christmas Chronicles,2018,"Children & Family Movies, Comedies",Movie,,,,,,no candidate
s4371,The Tribe,2018,"Comedies, International Movies",Movie,,,,,,no candidate
s4374,Puppy Star Christmas,2018,"Children & Family Movies, Comedies",Movie,,,,,,no candidate
s4375,Sabrina,2018,"Horror Movies, International Movies",Movie,,,,,,year mismatch on exact title
s4376,Target,2018,"Comedies, Horror Movies, International Movies",Movie,,,,,,no candidate
s4378,Trevor Noah: Son of Patricia,2018,Stand-Up Comedy,Movie,,,,,,no candidate
s4379,The Pixar Story,2007,Documentaries,Movie,,,,,,no candidate
s4383,Cam,2018,"Horror Movies, Independent Movies, Thrillers",Movie,,,,,,no candidate
s4384,Nothing to Hide,2018,"Comedies, Dramas, International Movies",Movie,,,,,,no candidate
s4386,The Ballad of Buster Scruggs,2018,"Comedies, Dramas",Movie,,,,,,no candidate
s4387,The Princess Switch,2018,"Children & Family Movies, Dramas, Romantic Movies",Movie,,,,,,no candidate
s4389,Aalorukkam,2018,"Dramas, Independent Movies, International Movies",Movie,,,,,,no candidate
s4391,Christmas Wedding Planner,2017,"Comedies, International Movies, Romantic Movies",Movie,,,,,,no candidate
s4392,Halkaa,2018,"Comedies, Dramas, Independent Movies",Movie,,,,,,no candidate
s4393,May the Devil Take You,2018,"Horror Movies, International Movies",Movie,,,,,,no candidate
s4394,Muzaffarnagar Baaqi Hai,2015,"Documentaries, International Movies",Movie,,,,,,no candidate
s4395,Odu Raja Odu,2018,"Comedies, Independent Movies, International Movies",Movie,,,,,,no candidate
s4396,Savita Damodar Paranjpe,2018,"Horror Movies, International Movies",Movie,,,,,,no candidate
s4397,The Giant,2017,"Dramas, International Movies",Movie,,,,,,year mismatch on exact title
s4398,BuyBust,2018,"Action & Adventure, International Movies",Movie,,,,,,no candidate
s4399,Loudon Wainwright III: Surviving Twin,2018,Music & Musicals,Movie,,,,,,no candidate
s4402,"All's Well, End's Well (2009)",2009,"Comedies, International Movies, Romantic Movies",Movie,,,,,,no candidate
s4403,Lommbock,2017,"Comedies, International Movies",Movie,,,,,,no candidate
s4405,Outlaw King,2018,"Action & Adventure, Dramas",Movie,,,,,,no candidate
s4412,Bucket List,2018,"Dramas, International Movies",Movie,,,,,,year mismatch on exact title
s4413,John Leguizamo's Latin History for Morons,2018,Stand-Up Comedy,Movie,,,,,,no candidate
s4415,Ana e Vitória,2018,"Comedies, International Movies, LGBTQ Movies",Movie,,,,,,no candidate
s4417,ReMastered: Tricky Dick & The Man in Black,2018,"Documentaries, Music & Musicals",Movie,,,,,,no candidate
s4418,The Holiday Calendar,2018,"Dramas, Romantic Movies",Movie,,,,,,no candidate
s4419,The Other Side of the Wind,2018,"Classic Movies, Dramas, Independent Movies",Movie,,,,,,no candidate
s4420,They’ll Love Me When I’m Dead,2018,Documentaries,Movie,140162,Love (2015),100.0,0.0,0.0,genre conflict
s4421,Aagey Se Right,2009,"Comedies, International Movies, Music & Musicals",Movie,,,,,,no candidate
s4422,Aamir,2008,"International Movies, Thrillers",Movie,,,,,,no candidate
s4423,ABCD 2,2015,"Dramas, International Movies, Music & Musicals",Movie,,,,,,no candidate
s4424,ABCD: Any Body Can Dance,2013,"Dramas, International Movies",Movie,161830,Body (2015),100.0,0.0,0.33,MovieLens title nested inside Netflix title (likely different film)
s4425,Arjun: The Warrior Prince,2011,"Action & Adventure, Dramas, International Movies",Movie,89774,Warrior (2011),100.0,0.0,0.33,MovieLens title nested inside Netflix title (likely different film)
s4426,Asees,2018,"Dramas, International Movies, Music & Musicals",Movie,,,,,,no candidate
s4427,Barfi!,2012,"Comedies, Dramas, International Movies",Movie,,,,,,no candidate
s4428,Chance Pe Dance,2010,"Comedies, Dramas, International Movies",Movie,,,,,,no candidate
s4429,Christmas With A View,2018,"International Movies, Romantic Movies",Movie,,,,,,no candidate
s4430,Chup Chup Ke,2006,"Comedies, Dramas, International Movies",Movie,,,,,,no candidate
s4432,Dhan Dhana Dhan Goal,2007,"Dramas, International Movies, Music & Musicals",Movie,,,,,,no candidate
s4433,Dhoondte Reh Jaoge,2009,"Comedies, International Movies, Music & Musicals",Movie,,,,,,no candidate
s4434,Do Dooni Chaar,2010,"Comedies, International Movies",Movie,,,,,,no candidate
s4435,Edge of Fear,2018,"Independent Movies, Thrillers",Movie,,,,,,no candidate
s4436,"Edmilson Filho: Notas, Comedy about Relationships",2017,Stand-Up Comedy,Movie,,,,,,no candidate
s4438,Gaddar: the Traitor,2015,"Dramas, International Movies, Thrillers",Movie,,,,,,no candidate
s4439,Ghanchakkar,2013,"Comedies, International Movies, Thrillers",Movie,,,,,,no candidate
s4440,Grandmaster,2012,"International Movies, Thrillers",Movie,102088,"Grandmaster, The (Yi dai zong shi) (2013)",100.0,0.0,0.0,genre conflict
s4441,Hattrick,2007,"Comedies, Dramas, International Movies",Movie,,,,,,no candidate
s4442,Heroine,2012,"Dramas, International Movies",Movie,,,,,,no candidate
s4443,Himmatwala,2013,"Action & Adventure, Comedies, International Movies",Movie,,,,,,no candidate
s4444,Husbands in Goa,2012,"Comedies, International Movies, Music & Musicals",Movie,,,,,,no candidate
s4445,Jatts in Golmaal,2013,"Comedies, International Movies, Music & Musicals",Movie,,,,,,no candidate
s4446,Kai Po Che!,2013,"Dramas, International Movies, Sports Movies",Movie,,,,,,no candidate
s4447,Kalakalappu,2012,"Comedies, International Movies, Music & Musicals",Movie,,,,,,no candidate
s4448,Katt Williams: The Pimp Chronicles: Pt. 1,2006,Stand-Up Comedy,Movie,,,,,,no candidate
s4449,Katti Batti,2015,"Comedies, Dramas, International Movies",Movie,,,,,,no candidate
s4450,Life in a ... Metro,2007,"Dramas, International Movies, Music & Musicals",Movie,,,,,,no candidate
s4451,Marc Maron: Thinky Pain,2013,Stand-Up Comedy,Movie,,,,,,no candidate
s4452,Mumbai Meri Jaan,2008,"Dramas, International Movies",Movie,,,,,,no candidate
s4453,Mundeyan Ton Bachke Rahin,2014,"Comedies, International Movies, Music & Musicals",Movie,,,,,,no candidate
s4454,No One Killed Jessica,2011,"Dramas, International Movies",Movie,,,,,,no candidate
s4455,Oye Lucky! Lucky Oye!,2008,"Comedies, Dramas, International Movies",Movie,52724,Lucky You (2007),77.8,0.0,0.5,"subset match, insufficient evidence (score 78, margin 78)"
s4456,Paan Singh Tomar,2010,"Action & Adventure, Dramas, International Movies",Movie,,,,,,no candidate
s4457,Raja Natwarlal,2014,"Dramas, International Movies, Thrillers",Movie,,,,,,no candidate
s4458,Satyagraha,2013,"Dramas, International Movies, Music & Musicals",Movie,,,,,,no candidate
s4459,Settai,2013,"Comedies, International Movies, Music & Musicals",Movie,,,,,,no candidate
s4460,Sigaram Thodu,2014,"Dramas, International Movies, Thrillers",Movie,,,,,,no candidate
s4461,Sommore: The Reign Continues,2015,Stand-Up Comedy,Movie,,,,,,no candidate
s4463,The Untold Tales of Armistead Maupin,2017,"Documentaries, LGBTQ Movies",Movie,,,,,,no candidate
s4464,Vaya,2016,"Dramas, Independent Movies, International Movies",Movie,,,,,,no candidate
s4465,Welcome to Sajjanpur,2008,"Comedies, Dramas, International Movies",Movie,,,,,,no candidate
s4466,Yeh Hai Bakrapur,2014,"Comedies, Dramas, Independent Movies",Movie,,,,,,no candidate
s4467,Zokkomon,2011,"Children & Family Movies, Dramas",Movie,,,,,,no candidate
s4468,Gun City,2018,"Dramas, International Movies, Thrillers",Movie,,,,,,no candidate
s4469,Heneral Luna,2015,"Dramas, International Movies",Movie,,,,,,no candidate
s4471,Dragon Tiger Gate,2006,"Action & Adventure, International Movies",Movie,,,,,,no candidate
s4472,Been So Long,2018,"Dramas, International Movies, Music & Musicals",Movie,,,,,,no candidate
s4473,Dovlatov,2018,"Dramas, International Movies",Movie,,,,,,no candidate
s4474,Jefe,2018,"Comedies, Dramas, International Movies",Movie,,,,,,no candidate
s4475,Santo Cachón,2018,"Comedies, International Movies, Romantic Movies",Movie,,,,,,no candidate
s4476,Shirkers,2018,Documentaries,Movie,,,,,,no candidate
s4478,W/O Ram,2018,"Dramas, International Movies, Thrillers",Movie,,,,,,no candidate
s4481,Ronnie Coleman: The King,2018,Documentaries,Movie,,,,,,no candidate
s4482,Baahubali: The Beginning (English Version),2015,"Action & Adventure, Dramas, International Movies",Movie,,,,,,no candidate
s4483,ADAM SANDLER 100% FRESH,2018,Stand-Up Comedy,Movie,,,,,,no candidate
s4485,Scorpion King 5: Book of Souls,2018,"Action & Adventure, Sci-Fi & Fantasy",Movie,,,,,,no candidate
s4487,How to Get Over a Breakup,2018,"Comedies, International Movies, Romantic Movies",Movie,,,,,,no candidate
s4491,"Club de Cuervos Presents: I, Potro",2018,Movies,Movie,,,,,,no candidate
s4492,Derren Brown: Sacrifice,2018,Movies,Movie,142507,Pawn Sacrifice (2015),78.3,0.0,,"subset match, insufficient evidence (score 78, margin 78)"
s4493,Gnome Alone,2018,"Children & Family Movies, Comedies",Movie,,,,,,no candidate
s4494,Illang: The Wolf Brigade,2018,"Action & Adventure, International Movies, Sci-Fi & Fantasy",Movie,,,,,,no candidate
s4497,Naa Bangaaru Talli,2013,"Dramas, International Movies",Movie,,,,,,no candidate
s4498,Oddbods: Party Monsters,2018,Movies,Movie,,,,,,no candidate
s4500,S Storm,2016,"Action & Adventure, International Movies",Movie,,,,,,no candidate
s4501,The Night Comes for Us,2018,"Action & Adventure, International Movies",Movie,170945,It Comes at Night (2017),78.6,0.0,0.0,genre conflict
s4503,Mr. Chandramouli,2018,"Dramas, International Movies, Thrillers",Movie,,,,,,no candidate
s4506,"Ron White: If You Quit Listening, I'll Shut Up",2018,Stand-Up Comedy,Movie,,,,,,no candidate
s4507,Meghnadbodh Rohoshyo,2017,"Dramas, International Movies",Movie,,,,,,no candidate
s4508,Sanju,2018,"Dramas, International Movies",Movie,,,,,,no candidate
s4510,Soorma,2018,"Dramas, International Movies, Sports Movies",Movie,,,,,,no candidate
s4511,Apostle,2018,"Horror Movies, International Movies, Thrillers",Movie,,,,,,year mismatch on exact title
s4513,Errementari: The Blacksmith and the Devil,2018,"Horror Movies, International Movies, Sci-Fi & Fantasy",Movie,,,,,,no candidate
s4514,Feminists: What Were They Thinking?,2018,"Documentaries, LGBTQ Movies",Movie,,,,,,no candidate
s4516,Kuntilanak,2018,"Horror Movies, International Movies",Movie,,,,,,no candidate
s4517,ReMastered: Who Shot the Sheriff,2018,"Documentaries, Music & Musicals",Movie,,,,,,no candidate
s4520,The Kindergarten Teacher,2018,"Dramas, Independent Movies",Movie,158254,Kindergarten Cop 2 (2016),80.0,0.0,0.0,genre conflict
s4523,22 July,2018,"Dramas, Thrillers",Movie,,,,,,no candidate
s4525,Tales From the Hood 2,2018,"Cult Movies, Horror Movies, Independent Movies",Movie,,,,,,no candidate
s4526,Mo Amer: The Vagabond,2018,Stand-Up Comedy,Movie,,,,,,no candidate
s4527,Pulang,2018,"Action & Adventure, Dramas, International Movies",Movie,,,,,,no candidate
s4529,Seven in Heaven,2018,Horror Movies,Movie,,,,,,no candidate
s4533,Malevolent,2018,"Horror Movies, Thrillers",Movie,,,,,,no candidate
s4534,Private Life,2018,"Comedies, Dramas, Independent Movies",Movie,,,,,,no candidate
s4535,Super Monsters Save Halloween,2018,Children & Family Movies,Movie,,,,,,no candidate
s4538,The Black Prince,2017,"Dramas, International Movies",Movie,,,,,,no candidate
s4539,Truth or Dare,2017,Horror Movies,Movie,148482,Truth (2015),100.0,0.0,0.0,genre conflict
s4540,Death Race: Beyond Anarchy,2017,Action & Adventure,Movie,152071,Race (2016),100.0,0.0,0.0,genre conflict
s4541,Eric ldle's What About Dick?,2012,"Comedies, Music & Musicals",Movie,,,,,,no candidate
s4542,Joe Rogan: Strange Times,2018,Stand-Up Comedy,Movie,,,,,,no candidate
s4544,Monty Python Conquers America,2008,Documentaries,Movie,,,,,,no candidate
s4545,"Monty Python Live (Mostly): One Down, Five to Go",2014,Comedies,Movie,,,,,,no candidate
s4546,Monty Python: Before the Flying Circus,2000,"Comedies, Documentaries",Movie,3899,Circus (2000),100.0,0.0,0.0,genre conflict
s4547,Monty Python: Live at Aspen,1998,"Comedies, Documentaries",Movie,,,,,,no candidate
s4549,Monty Python: The Meaning of Live,2014,Documentaries,Movie,,,,,,no candidate
s4555,Parrot Sketch Not Included: Twenty Years of Monty Python,1989,Comedies,Movie,,,,,,no candidate
s4556,The Meaning of Monty Python,2013,Documentaries,Movie,98799,"Liar's Autobiography: The Untrue Story of Monty Python's Graham Chapman, A (2012)",78.9,0.0,0.0,genre conflict
s4557,25 Kille,2016,"Action & Adventure, Dramas, International Movies",Movie,,,,,,no candidate
s4558,A Witches' Ball,2017,Children & Family Movies,Movie,,,,,,no candidate
s4559,Agyaat,2009,"Horror Movies, International Movies",Movie,,,,,,no candidate
s4560,Anjaan,2014,"Action & Adventure, Dramas, International Movies",Movie,,,,,,no candidate
s4561,Bathinda Express,2016,"Dramas, International Movies, Sports Movies",Movie,,,,,,no candidate
s4562,Delhi 6,2009,"Dramas, International Movies",Movie,88069,Delhi Belly (2011),83.3,0.0,0.0,genre conflict
s4563,Dev.D,2009,"Dramas, International Movies, Romantic Movies",Movie,,,,,,no candidate
s4564,Dil Vil Pyaar Vyaar,2014,"International Movies, Music & Musicals, Romantic Movies",Movie,,,,,,no candidate
s4565,Dushman,2017,"Dramas, International Movies",Movie,,,,,,no candidate
s4566,Ek Main Aur Ekk Tu,2012,"Comedies, International Movies, Romantic Movies",Movie,,,,,,no candidate
s4567,Freedom at Midnight,2018,"Dramas, Independent Movies, International Movies",Movie,,,,,,no candidate
s4568,Haani,2013,"Dramas, International Movies, Music & Musicals",Movie,,,,,,no candidate
s4569,Happy Go Lucky,2014,"Comedies, International Movies, Music & Musicals",Movie,,,,,,year mismatch on exact title
s4570,Harishchandrachi Factory,2009,"Dramas, International Movies",Movie,,,,,,no candidate
s4572,Jagga Jasoos,2017,"Action & Adventure, Comedies, International Movies",Movie,,,,,,no candidate
s4573,Jatt James Bond,2014,"Comedies, Dramas, International Movies",Movie,,,,,,no candidate
s4574,Jodhaa Akbar,2008,"Action & Adventure, Dramas, International Movies",Movie,,,,,,no candidate
s4575,Judge Singh LLB,2015,"Comedies, Dramas, International Movies",Movie,115170,"Judge, The (2014)",100.0,0.0,1.0,MovieLens title nested inside Netflix title (likely different film)
s4576,Kaminey,2009,"Dramas, International Movies, Music & Musicals",Movie,,,,,,no candidate
s4577,Khido Khundi,2018,"Dramas, International Movies, Sports Movies",Movie,,,,,,no candidate
s4578,Khoobsurat,2014,"Comedies, International Movies, Romantic Movies",Movie,,,,,,no candidate
s4579,Kisaan,2009,"Action & Adventure, Dramas, International Movies",Movie,,,,,,no candidate
s4580,Kismat Konnection,2008,"Comedies, Dramas, International Movies",Movie,,,,,,no candidate
s4581,Kurbaan,2009,"International Movies, Thrillers",Movie,,,,,,no candidate
s4582,Lock,2016,"Dramas, International Movies",Movie,110882,Locke (2013),88.9,0.0,1.0,score 89 < 90
s4583,Luv Shuv Tey Chicken Khurana,2012,"Comedies, International Movies, Romantic Movies",Movie,,,,,,no candidate
s4584,"Main, Meri Patni Aur Woh",2005,"Comedies, Dramas, International Movies",Movie,,,,,,no candidate
s4585,Manje Bistre,2017,"Comedies, Dramas, International Movies",Movie,,,,,,no candidate
s4586,Motor Mitraan Di,2016,"Comedies, International Movies",Movie,,,,,,no candidate
s4587,Mugamoodi,2012,"Action & Adventure, International Movies",Movie,,,,,,no candidate
s4588,Muran,2011,"Action & Adventure, International Movies",Movie,,,,,,no candidate
s4589,My Friend Pinto,2011,"Comedies, International Movies, Sci-Fi & Fantasy",Movie,62439,My Best Friend's Girl (2008),75.0,0.0,0.0,genre conflict
s4590,My Little Pony Equestria Girls: Forgotten Friendship,2018,Children & Family Movies,Movie,,,,,,no candidate
s4591,My Little Pony Equestria Girls: Rollercoaster of Friendship,2018,Children & Family Movies,Movie,,,,,,no candidate
s4592,My Suicide,2009,"Comedies, Dramas, Independent Movies",Movie,,,,,,no candidate
s4593,Naan Sigappu Manithan,2014,"Action & Adventure, Dramas, International Movies",Movie,,,,,,no candidate
s4594,Nasha,2013,"Dramas, International Movies, Romantic Movies",Movie,,,,,,no candidate
s4595,Naughty Jatts,2013,"Comedies, International Movies, Music & Musicals",Movie,,,,,,no candidate
s4596,Needhi Singh,2016,"Action & Adventure, Dramas, International Movies",Movie,,,,,,no candidate
s4597,Peace Haven,2016,"Comedies, Dramas, Independent Movies",Movie,100527,Safe Haven (2013),76.2,0.0,0.33,score 76 < 90
s4598,Phantom,2015,"Action & Adventure, International Movies",Movie,181315,Phantom Thread (2017),100.0,0.0,0.0,genre conflict
s4599,Pizza,2014,"Horror Movies, International Movies, Thrillers",Movie,,,,,,no candidate
s4600,Pooja Kiven Aa,2013,"Comedies, International Movies, Music & Musicals",Movie,,,,,,no candidate
s4601,Race,2008,"Action & Adventure, International Movies, Music & Musicals",Movie,61248,Death Race (2008),100.0,100.0,0.4,"subset match, insufficient evidence (score 100, margin 0)"
s4602,Race 2,2013,"Action & Adventure, International Movies, Music & Musicals",Movie,152071,Race (2016),100.0,100.0,0.0,genre conflict
s4603,Saadey CM Saab,2015,"Comedies, Dramas, International Movies",Movie,,,,,,no candidate
s4604,Sat Shri Akaal England,2017,"Comedies, Dramas, International Movies",Movie,,,,,,no candidate
s4606,Thaandavam,2012,"Action & Adventure, International Movies, Music & Musicals",Movie,,,,,,no candidate
s4607,The Birth Reborn,2018,"Documentaries, International Movies",Movie,,,,,,no candidate
s4608,Theeya Velai Seyyanum Kumaru,2013,"Comedies, International Movies, Music & Musicals",Movie,,,,,,no candidate
s4610,Tiger,2016,"Action & Adventure, Dramas, International Movies",Movie,173751,Tiger Raid (2016),100.0,0.0,0.0,genre conflict
s4611,Udaan,2010,"Dramas, Independent Movies, International Movies",Movie,,,,,,no candidate
s4612,Vettai,2012,"Action & Adventure, International Movies, Music & Musicals",Movie,,,,,,no candidate
s4613,Wake Up Sid,2009,"Comedies, International Movies, Romantic Movies",Movie,68954,Up (2009),100.0,0.0,0.0,genre conflict
s4614,We Are Family,2010,"Dramas, International Movies",Movie,104925,"Family, The (2013)",100.0,0.0,0.0,genre conflict
s4615,What the Jatt!!,2015,"Comedies, International Movies, Romantic Movies",Movie,115122,What We Do in the Shadows (2014),76.2,0.0,0.0,genre conflict
s4616,Zindagi Kitni Haseen Hay,2016,"Dramas, International Movies, Romantic Movies",Movie,,,,,,no candidate
s4617,Big Miracle,2012,"Children & Family Movies, Dramas",Movie,,,,,,no candidate
s4618,Paradise Lost,2018,"Dramas, Independent Movies, International Movies",Movie,,,,,,no candidate
s4619,Animal World,2018,"Action & Adventure, International Movies, Sci-Fi & Fantasy",Movie,,,,,,no candidate
s4620,Hold the Dark,2018,"Action & Adventure, Dramas",Movie,,,,,,no candidate
s4621,Lessons from a School Shooting: Notes from Dunblane,2018,Documentaries,Movie,,,,,,no candidate
s4625,The 3rd Eye,2018,"Horror Movies, International Movies",Movie,,,,,,no candidate
s4626,Two Catalonias,2018,"Documentaries, International Movies",Movie,,,,,,no candidate
s4627,In Darkness,2018,"Independent Movies, International Movies, Thrillers",Movie,190183,The Darkest Minds (2018),75.0,0.0,0.5,score 75 < 90
s4631,Quincy,2018,"Documentaries, Music & Musicals",Movie,,,,,,no candidate
s4632,Rafinha Bastos: Ultimatum,2018,Stand-Up Comedy,Movie,,,,,,no candidate
s4643,The Land of Steady Habits,2018,"Comedies, Dramas, Independent Movies",Movie,,,,,,no candidate
s4645,Reversing Roe,2018,Documentaries,Movie,,,,,,no candidate
s4647,On My Skin,2018,"Dramas, International Movies",Movie,,,,,,no candidate
s4650,The Resistance Banker,2018,"Dramas, International Movies",Movie,,,,,,no candidate
s4654,City of Joy,2018,Documentaries,Movie,140928,Joy (2015),100.0,77.8,0.0,genre conflict
s4657,Next Gen,2018,"Children & Family Movies, Comedies, Sci-Fi & Fantasy",Movie,,,,,,no candidate
s4658,Sierra Burgess Is A Loser,2018,"Comedies, Romantic Movies",Movie,,,,,,no candidate
s4660,The Most Assassinated Woman in the World,2018,"Dramas, International Movies, Thrillers",Movie,131796,Woman in Gold (2015),76.2,0.0,0.5,"subset match, insufficient evidence (score 76, margin 76)"
s4662,The Debt Collector,2018,Action & Adventure,Movie,,,,,,no candidate
s4666,Carbon,2017,"Dramas, International Movies, Thrillers",Movie,,,,,,no candidate
s4667,Garbage,2018,"Dramas, Independent Movies, International Movies",Movie,,,,,,no candidate
s4668,​​Kuch Bheege Alfaaz,2018,"Dramas, Independent Movies, International Movies",Movie,,,,,,no candidate
s4669,Love and Shukla,2017,"Dramas, Independent Movies, International Movies",Movie,140162,Love (2015),100.0,0.0,0.5,MovieLens title nested inside Netflix title (likely different film)
s4670,Once Again,2018,"Dramas, Independent Movies, International Movies",Movie,,,,,,no candidate
s4672,Sparring,2017,"Dramas, International Movies, Sports Movies",Movie,130840,Spring (2015),85.7,0.0,0.0,genre conflict
s4676,The Laws of Thermodynamics,2018,"Comedies, International Movies, Romantic Movies",Movie,,,,,,no candidate
s4680,Naam Shabana,2017,"Action & Adventure, International Movies",Movie,,,,,,no candidate
s4681,Qarib Qarib Singlle,2017,"Comedies, International Movies, Romantic Movies",Movie,,,,,,no candidate
s4682,Spyder,2017,"Action & Adventure, International Movies",Movie,,,,,,no candidate
s4685,Bert Kreischer: Secret Time,2018,Stand-Up Comedy,Movie,,,,,,no candidate
s4687,One Last Shot,1998,Comedies,Movie,4887,"One, The (2001)",100.0,0.0,,MovieLens title nested inside Netflix title (likely different film)
s4689,The After Party,2018,"Comedies, Music & Musicals",Movie,,,,,,no candidate
s4691,Bareilly Ki Barfi,2017,"Comedies, Dramas, International Movies",Movie,,,,,,no candidate
s4692,Mersal,2017,"Action & Adventure, Dramas, International Movies",Movie,,,,,,no candidate
s4693,Mom,2017,"Dramas, International Movies, Thrillers",Movie,111320,Mom's Night Out (2014),100.0,75.0,0.0,genre conflict
s4694,Pad Man,2018,"Dramas, International Movies, Romantic Movies",Movie,132660,Man Up (2015),76.9,0.0,0.33,score 77 < 90
s4695,Toilet: Ek Prem Katha,2017,"Comedies, Dramas, International Movies",Movie,,,,,,no candidate
s4696,Party Monster: Scratching the Surface,2018,Comedies,Movie,,,,,,no candidate
s4698,The Motive,2017,"Comedies, Dramas, International Movies",Movie,,,,,,no candidate
s4699,To All the Boys I’ve Loved Before,2018,"Comedies, International Movies, Romantic Movies",Movie,,,,,,no candidate
s4700,Yoo Byung Jae: Discomfort Zone,2018,Stand-Up Comedy,Movie,,,,,,no candidate
s4701,Bhavesh Joshi Superhero,2018,"Dramas, International Movies, Sci-Fi & Fantasy",Movie,,,,,,no candidate
s4702,For Here or to Go?,2015,"Comedies, Dramas, Independent Movies",Movie,,,,,,no candidate
s4706,The Guernsey Literary and Potato Peel Pie Society,2018,"Dramas, Romantic Movies",Movie,,,,,,no candidate
s4707,The Package,2018,Comedies,Movie,,,,,,year mismatch on exact title
s4708,Zion,2018,"Documentaries, Sports Movies",Movie,165551,Lion (2016),75.0,0.0,0.0,genre conflict
s4709,Perdida,2018,"Dramas, International Movies, Thrillers",Movie,,,,,,no candidate
s4713,2 States,2014,"Comedies, Dramas, International Movies",Movie,,,,,,no candidate
s4714,Baaghi,2016,"Action & Adventure, International Movies",Movie,,,,,,no candidate
s4715,Brij Mohan Amar Rahe,2018,"Comedies, Dramas, International Movies",Movie,,,,,,no candidate
s4716,Flavors of Youth: International Version,2018,"Anime Features, International Movies, Romantic Movies",Movie,134214,Youth (2015),100.0,0.0,0.0,genre conflict
s4719,Like Father,2018,"Comedies, Dramas",Movie,,,,,,no candidate
s4720,7 Khoon Maaf,2011,"Dramas, International Movies, Thrillers",Movie,,,,,,no candidate
s4721,Chillar Party,2011,"Children & Family Movies, Comedies, Dramas",Movie,,,,,,no candidate
s4722,Fashion,2008,"Dramas, International Movies",Movie,,,,,,no candidate
s4723,Fitoor,2016,"Dramas, International Movies, Romantic Movies",Movie,,,,,,no candidate
s4724,Fiza,2000,"Dramas, International Movies, Music & Musicals",Movie,,,,,,no candidate
s4725,Guzaarish,2010,"Dramas, International Movies",Movie,,,,,,no candidate
s4726,Haider,2014,"Dramas, International Movies, Romantic Movies",Movie,,,,,,no candidate
s4727,Highway,2014,"Action & Adventure, Dramas, International Movies",Movie,,,,,,no candidate
s4728,I Hate Luv Storys,2010,"Comedies, International Movies, Music & Musicals",Movie,,,,,,no candidate
s4729,Joker,2012,"Comedies, International Movies, Music & Musicals",Movie,,,,,,no candidate
s4730,Main aurr Mrs. Khanna,2009,"International Movies, Music & Musicals, Romantic Movies",Movie,,,,,,no candidate
s4731,Mohenjo Daro,2016,"Action & Adventure, Dramas, International Movies",Movie,,,,,,no candidate
s4732,Raajneeti,2010,"Dramas, International Movies, Thrillers",Movie,,,,,,no candidate
s4733,Rang De Basanti,2006,"Dramas, International Movies",Movie,,,,,,no candidate
s4734,Rowdy Rathore,2012,"Action & Adventure, Comedies, International Movies",Movie,,,,,,no candidate
s4735,Tamasha,2015,"Dramas, International Movies, Romantic Movies",Movie,,,,,,no candidate
s4736,Tere Naal Love Ho Gaya,2012,"Comedies, International Movies, Romantic Movies",Movie,140162,Love (2015),100.0,0.0,0.5,MovieLens title nested inside Netflix title (likely different film)
s4737,Thank You,2011,"Comedies, International Movies, Romantic Movies",Movie,,,,,,no candidate
s4738,The Blue Umbrella,2005,"Children & Family Movies, Dramas, Independent Movies",Movie,,,,,,no candidate
s4740,Being Napoleon,2018,Documentaries,Movie,,,,,,no candidate
s4741,Invisible,2017,"Dramas, Independent Movies, International Movies",Movie,,,,,,year mismatch on exact title
s4746,Da Kath & Kim Code,2005,Movies,Movie,,,,,,no candidate
s4747,Kath & Kimderella,2012,Comedies,Movie,,,,,,no candidate
s4749,The Mansion,2017,"Comedies, Horror Movies, International Movies",Movie,,,,,,no candidate
s4750,Coco y Raulito: Carrusel de ternura,2018,Stand-Up Comedy,Movie,177765,Coco (2017),100.0,0.0,0.0,genre conflict
s4752,Extinction,2018,"Action & Adventure, Dramas, Sci-Fi & Fantasy",Movie,,,,,,no candidate
s4754,The Bleeding Edge,2018,Documentaries,Movie,,,,,,no candidate
s4756,Parmanu: The Story of Pokhran,2018,"Dramas, International Movies",Movie,,,,,,no candidate
s4757,Iliza Shlesinger: Elder Millennial,2018,Stand-Up Comedy,Movie,,,,,,no candidate
s4758,The Warning,2018,"International Movies, Thrillers",Movie,,,,,,no candidate
s4761,Duck Duck Goose,2018,"Children & Family Movies, Comedies",Movie,,,,,,no candidate
s4762,Father of the Year,2018,Comedies,Movie,163639,DC Super Hero Girls: Hero of the Year (2016),75.9,0.0,,"subset match, insufficient evidence (score 76, margin 76)"
s4766,Nothing to Lose,2018,"Dramas, Faith & Spirituality, International Movies",Movie,,,,,,year mismatch on exact title
s4767,El club de los buenos infieles,2018,"Comedies, International Movies",Movie,,,,,,no candidate
s4769,Camarón: The Film,2018,"Documentaries, International Movies, Music & Musicals",Movie,,,,,,no candidate
s4770,GODZILLA City on the Edge of Battle,2018,"Action & Adventure, Anime Features, International Movies",Movie,163056,Shin Godzilla (2016),76.2,0.0,0.4,"subset match, insufficient evidence (score 76, margin 76)"
s4771,Going for Gold,2018,"Children & Family Movies, Dramas, International Movies",Movie,,,,,,no candidate
s4774,How It Ends,2018,"Action & Adventure, Sci-Fi & Fantasy",Movie,175303,It (2017),100.0,0.0,0.0,genre conflict
s4775,Jim Jefferies: This Is Me Now,2018,Stand-Up Comedy,Movie,,,,,,no candidate
s4776,Romina,2018,"Horror Movies, Independent Movies, International Movies",Movie,,,,,,no candidate
s4782,Luciano Mellera: Infantiloide,2018,Stand-Up Comedy,Movie,,,,,,no candidate
s4783,The Legacy of a Whitetail Deer Hunter,2018,"Action & Adventure, Comedies, Dramas",Movie,,,,,,no candidate
s4784,The Skin of the Wolf,2018,"Dramas, Independent Movies, International Movies",Movie,,,,,,no candidate
s4785,White Fang,2018,"Children & Family Movies, Dramas",Movie,,,,,,year mismatch on exact title
s4786,Sommore: Chandelier Status,2013,Stand-Up Comedy,Movie,,,,,,no candidate
s4787,Felipe Esparza: They're Not Going to Laugh at You,2012,Stand-Up Comedy,Movie,,,,,,no candidate
s4788,Joan Rivers: Don't Start with Me,2012,Stand-Up Comedy,Movie,,,,,,no candidate
s4789,Katt Williams: Kattpacalypse,2012,Stand-Up Comedy,Movie,,,,,,no candidate
s4790,King of Peking,2018,"Comedies, Dramas, International Movies",Movie,,,,,,no candidate
s4791,Anthony Kaun Hai?,2006,"Comedies, Dramas, International Movies",Movie,,,,,,no candidate
s4792,Bo Burnham: what.,2013,Stand-Up Comedy,Movie,159849,Bo Burnham: Make Happy (2016),80.0,0.0,1.0,"subset match, insufficient evidence (score 80, margin 80)"
s4793,Chalte Chalte,2003,"Dramas, International Movies, Romantic Movies",Movie,,,,,,no candidate
s4794,Deewana Main Deewana,2013,"Comedies, Dramas, International Movies",Movie,,,,,,no candidate
s4795,Duck Butter,2018,"Dramas, Independent Movies, LGBTQ Movies",Movie,,,,,,no candidate
s4796,I Am Kalam,2010,"Children & Family Movies, Comedies, Dramas",Movie,,,,,,no candidate
s4797,My Birthday Song,2018,"Dramas, International Movies, Thrillers",Movie,,,,,,no candidate
s4798,Namastey London,2007,"Comedies, Dramas, International Movies",Movie,43908,London (2005),100.0,0.0,1.0,MovieLens title nested inside Netflix title (likely different film)
s4800,Soul Robbers,2015,"Horror Movies, International Movies",Movie,,,,,,no candidate
s4801,Tum Milo Toh Sahi,2010,"Comedies, Dramas, International Movies",Movie,,,,,,no candidate
s4802,What We Started,2017,"Documentaries, Music & Musicals",Movie,,,,,,no candidate
s4803,Zoo,2018,"Dramas, Independent Movies, International Movies",Movie,156553,Zoom (2015),85.7,0.0,0.33,score 86 < 90
s4806,The Maus,2017,"Horror Movies, Independent Movies, International Movies",Movie,,,,,,no candidate
s4807,Calibre,2018,"Dramas, International Movies, Thrillers",Movie,,,,,,no candidate
s4809,Jani Dueñas: Grandes fracasos de ayer y hoy,2018,Stand-Up Comedy,Movie,,,,,,no candidate
s4811,Penalty Kick,2018,"Comedies, Dramas, International Movies",Movie,,,,,,no candidate
s4812,Recovery Boys,2018,Documentaries,Movie,,,,,,no candidate
s4813,TAU,2018,"Sci-Fi & Fantasy, Thrillers",Movie,,,,,,no candidate
s4815,W. Kamau Bell: Private School Negro,2018,Stand-Up Comedy,Movie,,,,,,no candidate
s4817,Expelled from Paradise,2014,"Action & Adventure, Anime Features, Sci-Fi & Fantasy",Movie,,,,,,no candidate
s4818,"To Each, Her Own",2018,"Comedies, International Movies, LGBTQ Movies",Movie,,,,,,no candidate
s4820,Brain on Fire,2016,"Dramas, Independent Movies, International Movies",Movie,,,,,,no candidate
s4821,Derren Brown: Miracle,2018,International Movies,Movie,,,,,,no candidate
s4823,Us and Them,2018,"Dramas, International Movies, Romantic Movies",Movie,135143,Fantastic Beasts and Where to Find Them (2016),84.2,0.0,0.0,genre conflict
s4824,Hannah Gadsby: Nanette,2018,Stand-Up Comedy,Movie,,,,,,no candidate
s4826,Lust Stories,2018,"Comedies, Dramas, International Movies",Movie,,,,,,no candidate
s4827,Maktub,2018,"Comedies, International Movies",Movie,,,,,,no candidate
s4828,Pacificum: Return to the Ocean,2017,"Documentaries, International Movies",Movie,,,,,,no candidate
s4829,Set It Up,2018,"Comedies, Romantic Movies",Movie,175303,It (2017),100.0,0.0,0.0,genre conflict
s4830,Sunday's Illness,2017,"Dramas, Independent Movies, International Movies",Movie,,,,,,no candidate
s4831,The last hour,2017,"Dramas, International Movies",Movie,179817,Darkest Hour (2017),76.2,0.0,0.5,"subset match, insufficient evidence (score 76, margin 76)"
s4834,Alex Strangelove,2018,"Comedies, Dramas, Independent Movies",Movie,,,,,,no candidate
s4835,Ali's Wedding,2018,"Comedies, Independent Movies, International Movies",Movie,,,,,,no candidate
s4836,Franco Escamilla: Por la anécdota,2018,Stand-Up Comedy,Movie,,,,,,no candidate
s4840,B.A. Pass 2,2017,"Dramas, International Movies",Movie,,,,,,no candidate
s4841,Bad Genius,2017,"Dramas, International Movies, Thrillers",Movie,160400,Genius (2016),100.0,0.0,0.5,MovieLens title nested inside Netflix title (likely different film)
s4843,Outside In,2018,"Dramas, Independent Movies",Movie,177593,"Three Billboards Outside Ebbing, Missouri (2017)",82.4,0.0,0.5,"subset match, insufficient evidence (score 82, margin 82)"
s4844,Pedal the World,2015,"Documentaries, International Movies, Sports Movies",Movie,106072,Thor: The Dark World (2013),75.0,75.0,0.0,genre conflict
s4848,Sara's Notebook,2018,"Dramas, International Movies, Thrillers",Movie,,,,,,no candidate
s4850,Fernando Sanjiao: Hombre,2018,Stand-Up Comedy,Movie,,,,,,no candidate
s4851,Ibiza,2018,"Comedies, Romantic Movies",Movie,,,,,,no candidate
s4852,Steve Martin and Martin Short: An Evening You Will Forget for the Rest of Your Life,2018,Stand-Up Comedy,Movie,,,,,,no candidate
s4855,Tig Notaro Happy To Be Here,2018,Stand-Up Comedy,Movie,,,,,,no candidate
s4856,Catching Feelings,2018,"Comedies, International Movies, Romantic Movies",Movie,,,,,,no candidate
s4859,Katt Williams: American Hustle (The Movie),2007,Stand-Up Comedy,Movie,80126,"American, The (2010)",100.0,0.0,0.0,genre conflict
s4860,Food on the Go,2017,"Documentaries, International Movies",Movie,,,,,,no candidate
s4861,Aiyaary,2018,"Action & Adventure, Dramas, International Movies",Movie,,,,,,no candidate
s4862,Lupin the 3rd: The Castle of Cagliostro: Special Edition,1979,"Action & Adventure, Anime Features, Classic Movies",Movie,8253,Lupin III: The Castle Of Cagliostro (Rupan sansei: Kariosutoro no shiro) (1979),75.0,0.0,0.5,"subset match, insufficient evidence (score 75, margin 75)"
s4864,Ali Wong: Hard Knock Wife,2018,Stand-Up Comedy,Movie,142074,Knock Knock (2015),100.0,0.0,0.0,genre conflict
s4865,Spivak,2017,"Comedies, Independent Movies",Movie,,,,,,no candidate
s4867,Carlos Ballarta: Furia Ñera,2018,Stand-Up Comedy,Movie,,,,,,no candidate
s4869,The Kissing Booth,2018,"Comedies, Romantic Movies",Movie,,,,,,no candidate
s4871,Hari Kondabolu: Warn Your Relatives,2018,Stand-Up Comedy,Movie,,,,,,no candidate
s4872,My Fuhrer,2007,"Comedies, International Movies",Movie,33124,Before the Fall (NaPolA - Elite für den Führer) (2004),80.0,0.0,,"subset match, insufficient evidence (score 80, margin 80)"
s4873,Family Blood,2018,Horror Movies,Movie,,,,,,no candidate
s4874,Pup Star: World Tour,2018,"Children & Family Movies, Comedies, Music & Musicals",Movie,,,,,,no candidate
s4876,Anon,2018,"Dramas, Sci-Fi & Fantasy, Thrillers",Movie,,,,,,no candidate
s4877,Dany Boon: Des Hauts De France,2018,Stand-Up Comedy,Movie,,,,,,no candidate
s4878,End Game,2018,Documentaries,Movie,,,,,,no candidate
s4879,Forgive Us Our Debts,2018,"Dramas, International Movies",Movie,,,,,,no candidate
s4881,Lo más sencillo es complicarlo todo,2018,"Comedies, International Movies, Romantic Movies",Movie,,,,,,no candidate
s4882,Manhunt,2017,"Action & Adventure, International Movies",Movie,,,,,,no candidate
s4883,Thi Mai,2017,"Comedies, Dramas, International Movies",Movie,,,,,,no candidate
s4884,Si saben cómo me pongo ¿pá qué me invitan?,2018,"Comedies, International Movies",Movie,,,,,,no candidate
s4885,Jailbreak,2017,"Action & Adventure, International Movies",Movie,,,,,,no candidate
s4886,Ajji,2017,"Dramas, International Movies",Movie,,,,,,no candidate
s4887,CIA: Comrade in America,2017,"Action & Adventure, Dramas, Independent Movies",Movie,160289,O.J.: Made in America (2016),78.0,0.0,0.0,genre conflict
s4888,Coffee for All,2017,"Documentaries, International Movies",Movie,,,,,,no candidate
s4889,Darc,2018,"Action & Adventure, Independent Movies",Movie,,,,,,no candidate
s4890,Despido Procedente,2017,"Comedies, International Movies",Movie,,,,,,no candidate
s4891,John Mulaney: Kid Gorgeous at Radio City,2018,Stand-Up Comedy,Movie,,,,,,no candidate
s4892,My Perfect Romance,2018,"Comedies, International Movies, Romantic Movies",Movie,144714,The Perfect Guy (2015),77.8,77.8,0.0,genre conflict
s4893,Pocoyo & Cars,2015,Movies,Movie,170957,Cars 3 (2017),80.0,0.0,,"subset match, insufficient evidence (score 80, margin 80)"
s4894,Pocoyo & The Space Circus,2008,Movies,Movie,,,,,,no candidate
s4895,Pocoyo Carnival,2015,Movies,Movie,,,,,,no candidate
s4896,Pocoyo Halloween: Space Halloween,2015,Movies,Movie,,,,,,no candidate
s4897,Pocoyo Halloween: Spooky Movies,2014,Movies,Movie,,,,,,no candidate
s4898,Pocoyo Special Sports,2016,Movies,Movie,,,,,,no candidate
s4900,Sometimes,2016,"Dramas, International Movies",Movie,,,,,,no candidate
s4903,Toc Toc,2017,"Comedies, International Movies",Movie,,,,,,no candidate
s4905,Running Shaadi,2017,"Comedies, International Movies, Romantic Movies",Movie,,,,,,no candidate
s4906,The Price of Success,2017,"Dramas, International Movies",Movie,,,,,,no candidate
s4908,Candy Jar,2018,"Children & Family Movies, Dramas, Romantic Movies",Movie,,,,,,no candidate
s4910,Holy Goalie,2017,"Comedies, International Movies, Sports Movies",Movie,,,,,,no candidate
s4912,The Rachel Divide,2018,Documentaries,Movie,,,,,,no candidate
s4913,The Week Of,2018,Comedies,Movie,,,,,,no candidate
s4916,Enissa Amani: Ehrenwort,2018,Stand-Up Comedy,Movie,,,,,,no candidate
s4917,Bill Nye: Science Guy,2017,Documentaries,Movie,,,,,,no candidate
s4918,Fishtronaut: The Movie,2018,Children & Family Movies,Movie,,,,,,no candidate
s4919,Psychokinesis,2018,"Action & Adventure, Comedies, International Movies",Movie,,,,,,no candidate
s4920,Kevin James: Never Don't Give Up,2018,Stand-Up Comedy,Movie,,,,,,no candidate
s4921,Dude,2018,"Comedies, Dramas, Independent Movies",Movie,,,,,,no candidate
s4922,Kodachrome,2018,"Comedies, Dramas",Movie,,,,,,no candidate
s4923,Mercury 13,2018,Documentaries,Movie,168456,Mercury Plains (2016),82.4,0.0,0.0,genre conflict
s4924,All The Reasons To Forget,2017,"Comedies, Dramas, International Movies",Movie,,,,,,no candidate
s4928,Beyond Skyline,2017,"Action & Adventure, Sci-Fi & Fantasy",Movie,,,,,,no candidate
s4929,Come Sunday,2018,"Dramas, Faith & Spirituality, Independent Movies",Movie,,,,,,no candidate
s4930,I Am not an Easy Man,2018,"Comedies, International Movies, Romantic Movies",Movie,,,,,,no candidate
s4932,Pickpockets,2017,"Dramas, Independent Movies, International Movies",Movie,,,,,,no candidate
s4933,Greg Davies: You Magnificent Beast,2018,Stand-Up Comedy,Movie,162350,The Magnificent Seven (2016),78.6,0.0,0.0,genre conflict
s4935,6 Balloons,2018,"Dramas, Independent Movies",Movie,,,,,,no candidate
s4936,Amateur,2018,"Dramas, Independent Movies, Sports Movies",Movie,,,,,,year mismatch on exact title
s4937,Orbiter 9,2017,"Dramas, International Movies, Sci-Fi & Fantasy",Movie,,,,,,no candidate
s4938,"Ram Dass, Going Home",2018,"Documentaries, Faith & Spirituality",Movie,130520,Home (2015),100.0,0.0,0.0,genre conflict
s4939,Seth Rogen's Hilarity for Charity,2018,Stand-Up Comedy,Movie,,,,,,no candidate
s4940,Sun Dogs,2017,"Comedies, Dramas, Independent Movies",Movie,,,,,,no candidate
s4941,Todo lo que sería Lucas Lauriente,2018,Stand-Up Comedy,Movie,,,,,,no candidate
s4944,Day of the Dead: Bloodline,2018,"Horror Movies, Independent Movies",Movie,,,,,,no candidate
s4945,Fary Is the New Black,2018,Stand-Up Comedy,Movie,,,,,,no candidate
s4946,Ittefaq,2017,"Dramas, International Movies, Thrillers",Movie,,,,,,no candidate
s4948,A Sort of Family,2017,"Dramas, International Movies, Thrillers",Movie,,,,,,no candidate
s4949,Billu,2009,"Dramas, International Movies",Movie,,,,,,no candidate
s4953,Main Hoon Na,2004,"Action & Adventure, Comedies, Dramas",Movie,,,,,,no candidate
s4954,Metro,2016,"Dramas, International Movies, Thrillers",Movie,,,,,,year mismatch on exact title
s4955,Om Shanti Om,2007,"Comedies, Dramas, International Movies",Movie,,,,,,no candidate
s4956,Paheli,2005,"Dramas, International Movies, Romantic Movies",Movie,,,,,,no candidate
s4957,Phir Bhi Dil Hai Hindustani,2000,"Comedies, Dramas, International Movies",Movie,,,,,,no candidate
s4959,Revolt,2017,"Action & Adventure, Sci-Fi & Fantasy",Movie,,,,,,no candidate
s4960,First Match,2018,"Dramas, Independent Movies, Sports Movies",Movie,,,,,,no candidate
s4961,Happy Anniversary,2018,"Comedies, Romantic Movies",Movie,,,,,,no candidate
s4963,Sofía Niño de Rivera: Selección Natural,2018,Stand-Up Comedy,Movie,,,,,,no candidate
s4964,The Titan,2018,"Dramas, Sci-Fi & Fantasy, Thrillers",Movie,,,,,,no candidate
s4966,Trailer Park Boys: Countdown to Liquor Day,2009,"Comedies, Cult Movies",Movie,,,,,,no candidate
s4967,Trailer Park Boys: The Movie,2006,"Comedies, Cult Movies",Movie,,,,,,no candidate
s4970,Birdshot,2016,"Dramas, International Movies, Thrillers",Movie,,,,,,no candidate
s4972,Layla M.,2016,"Dramas, International Movies",Movie,,,,,,no candidate
s4973,Paradox,2018,"Dramas, Independent Movies, Music & Musicals",Movie,184253,The Cloverfield Paradox (2018),100.0,0.0,0.0,genre conflict
s4975,Roxanne Roxanne,2018,"Dramas, Music & Musicals",Movie,,,,,,no candidate
s4976,Secret Superstar,2017,"Dramas, International Movies, Music & Musicals",Movie,,,,,,no candidate
s4978,Benji,2018,"Children & Family Movies, Dramas",Movie,,,,,,year mismatch on exact title
s4980,Take Your Pills,2018,Documentaries,Movie,,,,,,no candidate
s4982,Yoo Byung Jae: Too Much Information,2018,Stand-Up Comedy,Movie,,,,,,no candidate
s4983,In This Corner of the World,2016,"Anime Features, Children & Family Movies, International Movies",Movie,104339,In a World... (2013),88.9,0.0,0.0,genre conflict
s4984,Jag älskar dig: En skilsmässokomedi,2016,"Comedies, Dramas, International Movies",Movie,,,,,,no candidate
s4987,The Art of Loving,2017,"Dramas, International Movies",Movie,,,,,,no candidate
s4988,Steel Rain,2018,"Action & Adventure, Dramas, International Movies",Movie,,,,,,no candidate
s4990,Ricky Gervais: Humanity,2018,Stand-Up Comedy,Movie,,,,,,no candidate
s4991,Stretch Armstrong: The Breakout,2018,Children & Family Movies,Movie,,,,,,no candidate
s4994,The Outsider,2018,"Dramas, Thrillers",Movie,,,,,,no candidate
s4996,Ladies First,2018,"Documentaries, International Movies, Sports Movies",Movie,,,,,,no candidate
s4997,Bullet Head,2017,"International Movies, Thrillers",Movie,,,,,,no candidate
s4999,Gad Elmaleh: American Dream,2018,Stand-Up Comedy,Movie,176751,American Made (2017),76.2,0.0,0.0,genre conflict
s5000,Expedition China,2017,"Children & Family Movies, Documentaries",Movie,,,,,,no candidate
s5002,Malena Pichot: Estupidez compleja,2018,Stand-Up Comedy,Movie,,,,,,no candidate
s5003,Natalia Valdebenito: El especial,2018,Stand-Up Comedy,Movie,,,,,,no candidate
s5004,Ravenous,2017,"Horror Movies, International Movies",Movie,,,,,,year mismatch on exact title
s5006,Adel Karam: Live from Beirut,2018,Stand-Up Comedy,Movie,,,,,,no candidate
s5007,Battle Drone,2018,"Action & Adventure, Independent Movies, Sci-Fi & Fantasy",Movie,,,,,,no candidate
s5008,Dil Se,1998,"Dramas, International Movies, Romantic Movies",Movie,,,,,,no candidate
s5009,Guru,2007,"Dramas, International Movies",Movie,58315,"Love Guru, The (2008)",100.0,0.0,0.0,genre conflict
s5010,Judwaa 2,2017,"Action & Adventure, Comedies, International Movies",Movie,,,,,,no candidate
s5011,Love Beats Rhymes,2016,"Dramas, Music & Musicals, Romantic Movies",Movie,140162,Love (2015),100.0,0.0,0.67,MovieLens title nested inside Netflix title (likely different film)
s5012,Schubert In Love,2016,"Comedies, International Movies",Movie,140162,Love (2015),100.0,0.0,,MovieLens title nested inside Netflix title (likely different film)
s5013,Shubh Aarambh,2017,"Dramas, International Movies, Romantic Movies",Movie,,,,,,no candidate
s5014,Something Huge,2017,"Comedies, Independent Movies, International Movies",Movie,,,,,,no candidate
s5015,Swades,2004,"Dramas, International Movies",Movie,,,,,,no candidate
s5016,Swearnet Live,2014,"Comedies, International Movies",Movie,,,,,,no candidate
s5017,Trailer Park Boys Live at the North Pole,2014,Movies,Movie,,,,,,no candidate
s5018,Trailer Park Boys Live In F**kin' Dublin,2014,Movies,Movie,,,,,,no candidate
s5019,Trailer Park Boys: Say Goodnight to the Bad Guys,2008,"Comedies, Cult Movies",Movie,,,,,,no candidate
s5020,Trailer Park Boys: Xmas Special,2004,Movies,Movie,69251,Special (2006),100.0,0.0,,MovieLens title nested inside Netflix title (likely different film)
s5021,Tu Hai Mera Sunday,2016,"Comedies, Independent Movies, International Movies",Movie,,,,,,no candidate
s5022,Yuva,2004,"Dramas, International Movies",Movie,,,,,,no candidate
s5024,Derren Brown: The Push,2018,Movies,Movie,,,,,,no candidate
s5025,Marlon Wayans: Woke-ish,2018,Stand-Up Comedy,Movie,,,,,,no candidate
s5026,Veronica,2017,"Horror Movies, International Movies, Thrillers",Movie,109864,Veronica Mars (2014),100.0,0.0,0.0,genre conflict
s5029,Mute,2018,"Sci-Fi & Fantasy, Thrillers",Movie,,,,,,no candidate
s5032,Forgotten,2017,"Dramas, International Movies, Thrillers",Movie,,,,,,year mismatch on exact title
s5035,Agustín Aristarán: Soy Rada,2018,Stand-Up Comedy,Movie,,,,,,no candidate
s5038,Irreplaceable You,2018,"Dramas, Romantic Movies",Movie,,,,,,no candidate
s5040,Chris Rock: Tamborine,2018,Stand-Up Comedy,Movie,,,,,,no candidate
s5041,Love Per Square Foot,2018,"Comedies, International Movies, Romantic Movies",Movie,140162,Love (2015),100.0,100.0,0.5,MovieLens title nested inside Netflix title (likely different film)
s5042,Seeing Allred,2018,Documentaries,Movie,,,,,,no candidate
s5043,The Ritual,2018,"Horror Movies, International Movies, Thrillers",Movie,,,,,,no candidate
s5044,The Trader (Sovdagari),2018,"Documentaries, International Movies",Movie,,,,,,no candidate
s5050,Kavin Jay: Everybody Calm Down!,2018,Stand-Up Comedy,Movie,,,,,,no candidate
s5051,On Body and Soul,2017,"Dramas, International Movies, Romantic Movies",Movie,161830,Body (2015),100.0,0.0,0.25,MovieLens title nested inside Netflix title (likely different film)
s5052,The Bros,2017,"Comedies, Dramas, International Movies",Movie,157312,The Boss (2016),75.0,0.0,0.0,genre conflict
s5053,Liberated: The New Sexual Revolution,2017,Documentaries,Movie,,,,,,no candidate
s5054,Newness,2017,"Dramas, Independent Movies, Romantic Movies",Movie,,,,,,no candidate
s5056,Expedition Happiness,2017,"Documentaries, International Movies",Movie,,,,,,no candidate
s5057,Jerry Seinfeld: I'm Telling You for the Last Time,1998,Stand-Up Comedy,Movie,,,,,,no candidate
s5059,Holy Camp!,2017,"Comedies, Dramas, Faith & Spirituality",Movie,,,,,,no candidate
s5060,A Futile and Stupid Gesture,2018,Comedies,Movie,,,,,,no candidate
s5061,Fakkah Fuzz: Almost Banned,2018,Stand-Up Comedy,Movie,,,,,,no candidate
s5062,Mau Nieto: Viviendo sobrio… desde el bar,2018,Stand-Up Comedy,Movie,,,,,,no candidate
s5063,Sebastián Marcelo Wainraich,2018,Stand-Up Comedy,Movie,,,,,,no candidate
s5065,Acts of Vengeance,2017,"Action & Adventure, International Movies",Movie,132462,Sword of Vengeance (2014),82.8,0.0,0.67,"subset match, insufficient evidence (score 83, margin 83)"
s5067,Ricardo Quevedo: Hay gente así,2018,Stand-Up Comedy,Movie,,,,,,no candidate
s5068,Todd Glass: Act Happy,2018,Stand-Up Comedy,Movie,,,,,,no candidate
s5069,Countdown to Death: Pablo Escobar,2017,"Documentaries, International Movies",Movie,,,,,,no candidate
s5072,Harith Iskander: I Told You So,2018,Stand-Up Comedy,Movie,,,,,,no candidate
s5073,Step Sisters,2018,Comedies,Movie,149354,Sisters (2015),100.0,80.0,,MovieLens title nested inside Netflix title (likely different film)
s5074,The Open House,2018,"Horror Movies, Thrillers",Movie,174815,The House (2017),100.0,0.0,0.0,genre conflict
s5075,Bad Day for the Cut,2017,"Independent Movies, International Movies, Thrillers",Movie,,,,,,no candidate
s5077,Arango y Sanint: Ríase el show,2018,Stand-Up Comedy,Movie,,,,,,no candidate
s5079,Katt Williams: Great America,2018,Stand-Up Comedy,Movie,,,,,,no candidate
s5080,Alibaba Aur 40 Chor,1980,"Action & Adventure, International Movies, Sci-Fi & Fantasy",Movie,,,,,,no candidate
s5081,Pyar Ke Do Pal,1986,"Dramas, International Movies, Music & Musicals",Movie,,,,,,no candidate
s5082,Rip Tide,2017,"Children & Family Movies, Dramas, Sports Movies",Movie,,,,,,no candidate
s5084,Milada,2017,"Dramas, International Movies",Movie,,,,,,no candidate
s5085,The Polka King,2018,"Comedies, Independent Movies",Movie,,,,,,no candidate
s5086,The Reservoir Game,2017,"Documentaries, International Movies",Movie,,,,,,no candidate
s5088,Alejandro Riaño: Especial de stand up,2018,Stand-Up Comedy,Movie,,,,,,no candidate
s5089,The House Next Door,2017,"Horror Movies, International Movies, Thrillers",Movie,174815,The House (2017),100.0,81.8,0.0,genre conflict
s5092,Before I Wake,2016,"Horror Movies, Thrillers",Movie,139747,Before We Go (2014),80.0,76.2,0.0,genre conflict
s5094,Mustang Island,2017,"Comedies, Dramas, Independent Movies",Movie,,,,,,no candidate
s5095,Eve's Apple,2017,"Documentaries, International Movies",Movie,,,,,,no candidate
s5102,Fun Mom Dinner,2017,"Comedies, International Movies",Movie,,,,,,no candidate
s5105,The Climb,2017,"Action & Adventure, Comedies, Dramas",Movie,,,,,,no candidate
s5107,Bibi & Tina: Tohuwabohu Total,2017,"Children & Family Movies, Music & Musicals",Movie,,,,,,no candidate
s5108,Mr. Roosevelt,2017,"Comedies, Independent Movies",Movie,,,,,,no candidate
s5109,Todd Barry: Spicy Honey,2017,Stand-Up Comedy,Movie,,,,,,no candidate
s5111,Creep 2,2017,"Horror Movies, Independent Movies, Thrillers",Movie,136602,Creep (2014),100.0,100.0,1.0,MovieLens title nested inside Netflix title (likely different film)
s5115,Desire,2017,"Dramas, International Movies, Romantic Movies",Movie,,,,,,no candidate
s5116,48 Christmas Wishes,2017,"Children & Family Movies, Comedies",Movie,,,,,,no candidate
s5117,Jeremiah Tower: The Last Magnificent,2016,Documentaries,Movie,162350,The Magnificent Seven (2016),78.6,0.0,0.0,genre conflict
s5118,Russell Howard: Recalibrate,2017,Stand-Up Comedy,Movie,,,,,,no candidate
s5122,Christmas Inheritance,2017,"Dramas, International Movies, Romantic Movies",Movie,,,,,,no candidate
s5123,Muramba,2017,"Comedies, Dramas, International Movies",Movie,,,,,,no candidate
s5124,Pottersville,2017,"Comedies, Independent Movies",Movie,,,,,,no candidate
s5125,Seoul Searching,2015,"Comedies, Dramas, International Movies",Movie,96488,Searching for Sugar Man (2012),75.0,0.0,0.0,genre conflict
s5130,El Camino Christmas,2017,"Comedies, Dramas",Movie,155358,Camino (2016),100.0,0.0,0.0,genre conflict
s5131,Jaal,1986,"Action & Adventure, International Movies",Movie,,,,,,no candidate
s5132,Shikari,1991,"Dramas, International Movies, Music & Musicals",Movie,,,,,,no candidate
s5133,The Secret,2006,"Documentaries, Faith & Spirituality",Movie,7347,Secret Window (2004),100.0,100.0,0.0,genre conflict
s5134,Trolls Holiday Special,2017,"Children & Family Movies, Comedies, Music & Musicals",Movie,,,,,,no candidate
s5136,Jab Harry Met Sejal,2017,"Comedies, International Movies, Romantic Movies",Movie,,,,,,no candidate
s5137,Temple,2017,"Horror Movies, Independent Movies",Movie,,,,,,no candidate
s5138,A StoryBots Christmas,2017,"Children & Family Movies, Comedies",Movie,182727,A Christmas Story Live! (2017),76.9,0.0,,score 77 < 90
s5141,DreamWorks Home: For the Holidays,2017,"Children & Family Movies, Comedies, Music & Musicals",Movie,130520,Home (2015),100.0,0.0,0.14,MovieLens title nested inside Netflix title (likely different film)
s5143,Monster Island,2017,Children & Family Movies,Movie,,,,,,no candidate
s5144,My Happy Family,2017,"Dramas, Independent Movies, International Movies",Movie,,,,,,no candidate
s5147,The Worthy,2016,"International Movies, Sci-Fi & Fantasy, Thrillers",Movie,,,,,,no candidate
s5149,Voyeur,2017,Documentaries,Movie,,,,,,no candidate
s5152,Poster Boys,2017,"Comedies, International Movies",Movie,,,,,,no candidate
s5153,Cuba and the Cameraman,2017,Documentaries,Movie,,,,,,no candidate
s5154,The Girl from the Song,2016,"Dramas, Independent Movies, International Movies",Movie,,,,,,no candidate
s5159,Barbra: The Music ... The Mem'ries ... The Magic!,2017,Music & Musicals,Movie,,,,,,no candidate
s5161,Beat Bugs: All Together Now,2017,"Children & Family Movies, Music & Musicals",Movie,,,,,,no candidate
s5162,Brian Regan: Nunchucks and Flamethrowers,2017,Stand-Up Comedy,Movie,,,,,,no candidate
s5163,Saving Capitalism,2017,Documentaries,Movie,,,,,,no candidate
s5164,A Christmas Prince,2017,"Children & Family Movies, Dramas, Romantic Movies",Movie,141994,Saving Christmas (2014),75.0,0.0,0.25,score 75 < 90
s5165,"Jim & Andy: The Great Beyond - Featuring a Very Special, Contractually Obligated Mention of Tony Clifton",2017,Documentaries,Movie,180265,Jim & Andy: The Great Beyond (2017),100.0,0.0,1.0,MovieLens title nested inside Netflix title (likely different film)
s5172,DeRay Davis: How to Act Black,2017,Stand-Up Comedy,Movie,,,,,,no candidate
s5173,Bon Cop Bad Cop 2,2017,"Action & Adventure, Comedies, International Movies",Movie,,,,,,no candidate
s5177,Mea Culpa,2017,Stand-Up Comedy,Movie,,,,,,no candidate
s5178,The Killer,2017,"Action & Adventure, International Movies",Movie,,,,,,no candidate
s5180,Jerry Seinfeld: Comedian,2002,Documentaries,Movie,5670,Comedian (2002),100.0,0.0,0.5,MovieLens title nested inside Netflix title (likely different film)
s5182,The Journey Is the Destination,2016,Dramas,Movie,,,,,,no candidate
s5183,Let It Fall: Los Angeles 1982-1992,2017,Documentaries,Movie,175303,It (2017),100.0,0.0,0.0,genre conflict
s5184,Mubarakan,2017,"Comedies, Dramas, International Movies",Movie,,,,,,no candidate
s5187,Bandie,1978,"Action & Adventure, Dramas, International Movies",Movie,,,,,,no candidate
s5188,Getaway Plan,2016,"International Movies, Thrillers",Movie,104760,Getaway (2013),100.0,0.0,0.0,genre conflict
s5189,Hajwala: The Missing Engine,2016,"Action & Adventure, Dramas, International Movies",Movie,,,,,,no candidate
s5190,Pettersson and Findus 2,2016,"Children & Family Movies, Comedies",Movie,,,,,,no candidate
s5191,The Bittersweet,2017,"Action & Adventure, Dramas, International Movies",Movie,,,,,,no candidate
s5197,Judah Friedlander: America Is the Greatest Country in the United States,2017,Stand-Up Comedy,Movie,,,,,,no candidate
s5198,The B-Side: Elsa Dorfman's Portrait Photography,2016,Documentaries,Movie,,,,,,no candidate
s5199,SPF-18,2017,"Dramas, Romantic Movies, Sports Movies",Movie,,,,,,no candidate
s5200,Pup Star: Better 2Gether,2017,"Children & Family Movies, Comedies",Movie,,,,,,no candidate
s5202,Joan Didion: The Center Will Not Hold,2017,Documentaries,Movie,,,,,,no candidate
s5203,Strange Weather,2016,"Dramas, Independent Movies",Movie,,,,,,no candidate
s5208,1922,2017,"Dramas, Thrillers",Movie,,,,,,no candidate
s5210,One of Us,2017,Documentaries,Movie,,,,,,no candidate
s5212,Wheelman,2017,Action & Adventure,Movie,,,,,,no candidate
s5213,Wedding Unplanned,2017,"Comedies, International Movies, Romantic Movies",Movie,,,,,,no candidate
s5214,Patton Oswalt: Annihilation,2017,Stand-Up Comedy,Movie,182715,Annihilation (2018),100.0,0.0,0.0,genre conflict
s5215,Baadshaho,2017,"Action & Adventure, International Movies",Movie,,,,,,no candidate
s5218,Lucknow Central,2017,"Dramas, International Movies, Music & Musicals",Movie,,,,,,no candidate
s5219,Belief: The Possession of Janet Moses,2015,"Documentaries, International Movies",Movie,,,,,,no candidate
s5221,Singapore,1960,"Comedies, Dramas, International Movies",Movie,,,,,,no candidate
s5223,Blessed Benefit,2016,"Comedies, Dramas, International Movies",Movie,,,,,,no candidate
s5224,Clair Obscur,2016,"Dramas, International Movies",Movie,,,,,,no candidate
s5225,"El Especial de Alex Fernández, el Especial",2017,Stand-Up Comedy,Movie,,,,,,no candidate
s5226,Kingdom of Us,2017,Documentaries,Movie,,,,,,no candidate
s5227,The Babysitter,2017,"Comedies, Horror Movies",Movie,,,,,,year mismatch on exact title
s5228,The Meyerowitz Stories (New and Selected),2017,"Comedies, Dramas, Independent Movies",Movie,173205,The Meyerowitz Stories (2017),100.0,0.0,0.0,genre conflict
s5229,Barakah Meets Barakah,2016,"Comedies, International Movies, Romantic Movies",Movie,,,,,,no candidate
s5230,Bomb Scared,2017,"Comedies, Independent Movies, International Movies",Movie,,,,,,no candidate
s5231,Christina P: Mother Inferior,2017,Stand-Up Comedy,Movie,176419,Mother! (2017),100.0,100.0,0.0,genre conflict
s5234,The Death and Life of Marsha P. Johnson,2017,"Documentaries, LGBTQ Movies",Movie,,,,,,no candidate
s5235,Rodney Carrington: Here Comes the Truth,2017,Stand-Up Comedy,Movie,148482,Truth (2015),100.0,0.0,0.0,genre conflict
s5236,26 Years,2012,"Dramas, International Movies, Thrillers",Movie,105844,12 Years a Slave (2013),76.9,76.9,0.5,"subset match, insufficient evidence (score 77, margin 0)"
s5239,For Your Own Good,2017,"Comedies, International Movies",Movie,,,,,,no candidate
s5240,Franca: Chaos and Creation,2016,"Documentaries, International Movies",Movie,,,,,,no candidate
s5242,Ghost Patrol,2016,"Children & Family Movies, Comedies",Movie,,,,,,no candidate
s5249,The Lion Woman,2016,"Dramas, International Movies",Movie,165551,Lion (2016),100.0,78.3,1.0,MovieLens title nested inside Netflix title (likely different film)
s5253,Gerald's Game,2017,"Horror Movies, Thrillers",Movie,,,,,,no candidate
s5254,Long Shot,2017,Documentaries,Movie,,,,,,no candidate
s5256,Our Souls at Night,2017,"Dramas, Romantic Movies",Movie,,,,,,no candidate
s5257,Out of Thin Air,2017,"Documentaries, International Movies",Movie,,,,,,no candidate
s5261,Much Loved,2015,"Dramas, Independent Movies, International Movies",Movie,,,,,,no candidate
s5262,Def Comedy Jam 25,2017,Stand-Up Comedy,Movie,,,,,,no candidate
s5265,Swearnet: The Movie,2014,"Comedies, International Movies",Movie,100083,Movie 43 (2013),76.9,0.0,,"subset match, insufficient evidence (score 77, margin 77)"
s5266,The Bar,2017,"Comedies, Horror Movies, International Movies",Movie,,,,,,no candidate
s5268,The Bad Batch,2016,"Dramas, Independent Movies, Thrillers",Movie,,,,,,no candidate
s5269,Jerry Before Seinfeld,2017,Stand-Up Comedy,Movie,,,,,,no candidate
s5270,Barbie Dolphin Magic,2017,Children & Family Movies,Movie,,,,,,no candidate
s5271,First They Killed My Father,2017,Dramas,Movie,,,,,,no candidate
s5272,Strong Island,2017,Documentaries,Movie,,,,,,no candidate
s5274,Ghost of the Mountains,2017,"Children & Family Movies, Documentaries",Movie,,,,,,no candidate
s5276,Heroin(e),2017,Documentaries,Movie,,,,,,no candidate
s5277,Jeff Dunham: Relative Disaster,2017,Stand-Up Comedy,Movie,,,,,,no candidate
s5278,#realityhigh,2017,Comedies,Movie,129313,Reality (2014),77.8,0.0,,score 78 < 90
s5280,Fabrizio Copano: Solo pienso en mi,2017,Stand-Up Comedy,Movie,,,,,,no candidate
s5282,Joaquín Reyes: Una y no más,2017,Stand-Up Comedy,Movie,,,,,,no candidate
s5283,Carrie Pilby,2016,"Comedies, Dramas",Movie,105731,Carrie (2013),100.0,0.0,0.5,MovieLens title nested inside Netflix title (likely different film)
s5284,Marc Maron: Too Real,2017,Stand-Up Comedy,Movie,,,,,,no candidate
s5291,Aakhri Adaalat,1988,"Action & Adventure, International Movies",Movie,,,,,,no candidate
s5292,"Alias JJ, la celebridad del mal",2017,"Documentaries, International Movies",Movie,,,,,,no candidate
s5293,Berserk: The Golden Age Arc II - The Battle for Doldrey,2012,"Action & Adventure, Anime Features, International Movies",Movie,,,,,,no candidate
s5294,Berserk: The Golden Age Arc III - The Advent,2013,"Action & Adventure, Anime Features, International Movies",Movie,,,,,,no candidate
s5295,Brother's Shadow,2006,"Dramas, Independent Movies",Movie,,,,,,no candidate
s5296,Chadi Jawani Budhe Nu,1976,"Comedies, International Movies, Romantic Movies",Movie,,,,,,no candidate
s5297,Ek Jaan Hain Hum,1983,"Dramas, International Movies, Music & Musicals",Movie,,,,,,no candidate
s5301,Khoon Khoon,1973,"Action & Adventure, International Movies",Movie,,,,,,no candidate
s5303,Little Evil,2017,"Comedies, Horror Movies",Movie,,,,,,no candidate
s5304,Manoranjan,1974,"Comedies, International Movies, Music & Musicals",Movie,,,,,,no candidate
s5305,Mujrim,1989,"Action & Adventure, Dramas, International Movies",Movie,,,,,,no candidate
s5307,Offline - Das leben ist kein bonuslevel,2016,"Action & Adventure, Comedies, International Movies",Movie,,,,,,no candidate
s5308,Resurface,2017,"Documentaries, Sports Movies",Movie,,,,,,no candidate
s5309,Rocco,2016,"Documentaries, International Movies",Movie,,,,,,no candidate
s5310,Sohni Mahiwal,1984,"Dramas, International Movies, Romantic Movies",Movie,,,,,,no candidate
s5311,The Distinguished Citizen,2016,"Comedies, Dramas, International Movies",Movie,,,,,,no candidate
s5312,The Guardian Brothers,2016,"Children & Family Movies, Comedies",Movie,,,,,,no candidate
s5313,The Last Shaman,2016,"Documentaries, International Movies",Movie,99910,"Last Stand, The (2013)",76.2,0.0,0.0,genre conflict
s5314,The Lost Brother,2017,"Dramas, International Movies",Movie,,,,,,no candidate
s5315,Todo Sobre El Asado,2016,"Documentaries, International Movies",Movie,,,,,,no candidate
s5316,Ryan Hamilton: Happy Face,2017,Stand-Up Comedy,Movie,,,,,,no candidate
s5318,Berlin Syndrome,2017,"International Movies, Thrillers",Movie,,,,,,no candidate
s5319,Death Note,2017,"Horror Movies, Thrillers",Movie,171749,Death Note: Desu nôto (2006–2007),100.0,100.0,,"subset match, insufficient evidence (score 100, margin 0)"
s5323,Undefeated,2011,"Documentaries, Sports Movies",Movie,,,,,,no candidate
s5324,What Happened to Monday,2017,"Action & Adventure, Sci-Fi & Fantasy",Movie,,,,,,no candidate
s5326,Brad Paisley's Comedy Rodeo,2017,"Music & Musicals, Stand-Up Comedy",Movie,,,,,,no candidate
s5327,Colin Quinn: Unconstitutional,2015,Stand-Up Comedy,Movie,,,,,,no candidate
s5329,The Outcasts,2017,Comedies,Movie,,,,,,no candidate
s5330,Chocolate City: Vegas Strip,2017,Dramas,Movie,,,,,,no candidate
s5331,Los Herederos,2015,"Dramas, International Movies",Movie,,,,,,no candidate
s5332,Naked,2017,"Comedies, Romantic Movies",Movie,,,,,,year mismatch on exact title
s5333,Demonic,2015,"Horror Movies, Independent Movies",Movie,,,,,,no candidate
s5334,The Saint,2017,Action & Adventure,Movie,,,,,,year mismatch on exact title
s5335,Baahubali 2: The Conclusion (Hindi Version),2017,"Action & Adventure, Dramas, International Movies",Movie,,,,,,no candidate
s5336,Baahubali 2: The Conclusion (Malayalam Version),2017,"Action & Adventure, Dramas, International Movies",Movie,,,,,,no candidate
s5337,Baahubali 2: The Conclusion (Tamil Version),2017,"Action & Adventure, Dramas, International Movies",Movie,,,,,,no candidate
s5338,Baahubali: The Beginning (Hindi Version),2015,"Action & Adventure, Dramas, International Movies",Movie,,,,,,no candidate
s5339,Baahubali: The Beginning (Malayalam Version),2015,"Action & Adventure, Dramas, International Movies",Movie,,,,,,no candidate
s5340,Baahubali: The Beginning (Tamil Version),2015,"Action & Adventure, Dramas, International Movies",Movie,,,,,,no candidate
s5341,LEGO Marvel Super Heroes: Avengers Reassembled!,2015,Children & Family Movies,Movie,89745,"Avengers, The (2012)",100.0,0.0,0.0,genre conflict
s5342,Enter the Warriors Gate,2016,"Action & Adventure, International Movies, Sci-Fi & Fantasy",Movie,,,,,,no candidate
s5343,Alan Saldaña: Mi vida de pobre,2017,Stand-Up Comedy,Movie,,,,,,no candidate
s5345,Message from the King,2017,"Independent Movies, Thrillers",Movie,,,,,,no candidate
s5347,The Invisible Guardian,2017,"International Movies, Thrillers",Movie,,,,,,no candidate
s5352,Handsome Devil,2016,"Comedies, Dramas, International Movies",Movie,,,,,,no candidate
s5354,Jessica Darling's It List,2016,"Children & Family Movies, Comedies",Movie,175303,It (2017),100.0,0.0,0.0,genre conflict
s5359,Opening Night,2016,"Comedies, Independent Movies, Music & Musicals",Movie,,,,,,no candidate
s5360,Raising the Bar,2016,"Children & Family Movies, Dramas, Sports Movies",Movie,,,,,,no candidate
s5362,The Blind Christ,2016,"Dramas, Independent Movies, International Movies",Movie,,,,,,no candidate
s5365,Un plus une,2015,"Comedies, Dramas, International Movies",Movie,,,,,,no candidate
s5369,The Incredible Jessica James,2017,"Comedies, Independent Movies, Romantic Movies",Movie,,,,,,no candidate
s5370,Joe Mande’s Award-Winning Comedy Special,2017,Stand-Up Comedy,Movie,,,,,,no candidate
s5371,I Called Him Morgan,2016,"Documentaries, Music & Musicals",Movie,,,,,,no candidate
s5372,Aditi Mittal: Things They Wouldn't Let Me Say,2017,Stand-Up Comedy,Movie,,,,,,no candidate
s5374,Uncertain Glory,2017,"Dramas, International Movies",Movie,,,,,,no candidate
s5375,Amar,2017,"Dramas, International Movies, Romantic Movies",Movie,,,,,,no candidate
s5376,Buddy Thunderstruck: The Maybe Pile,2017,"Children & Family Movies, Comedies",Movie,,,,,,no candidate
s5377,Chasing Coral,2017,Documentaries,Movie,,,,,,no candidate
s5378,To the Bone,2017,"Dramas, Independent Movies",Movie,,,,,,no candidate
s5379,D.L. Hughley: Clear,2014,Stand-Up Comedy,Movie,,,,,,no candidate
s5386,Take Me,2017,"Comedies, Independent Movies",Movie,,,,,,no candidate
s5388,10 jours en or,2012,"Comedies, Dramas, International Movies",Movie,,,,,,no candidate
s5390,A 2nd Chance,2011,"Children & Family Movies, Dramas, Sports Movies",Movie,105468,Cloudy with a Chance of Meatballs 2 (2013),75.0,75.0,0.2,"subset match, insufficient evidence (score 75, margin 0)"
s5392,Amrapali,1966,"Dramas, International Movies, Music & Musicals",Movie,,,,,,no candidate
s5395,Hans Teeuwen: Real Rancour,2018,Stand-Up Comedy,Movie,,,,,,no candidate
s5397,Lal Patthar,1971,"Classic Movies, Dramas, International Movies",Movie,,,,,,no candidate
s5399,Liar's Dice,2013,"Dramas, Independent Movies, International Movies",Movie,,,,,,no candidate
s5401,Professor,1962,"Comedies, Dramas, International Movies",Movie,2136,"Nutty Professor, The (1963)",100.0,100.0,0.0,genre conflict
s5403,The Invisible Guest,2016,"International Movies, Thrillers",Movie,113862,"Guest, The (2014)",100.0,0.0,1.0,MovieLens title nested inside Netflix title (likely different film)
s5409,Yaar Gaddar,1994,"Dramas, International Movies",Movie,,,,,,no candidate
s5412,Zipi & Zape y la Isla del Capitan,2016,"Children & Family Movies, Comedies",Movie,,,,,,no candidate
s5417,Chris D'Elia: Man on Fire,2017,Stand-Up Comedy,Movie,,,,,,no candidate
s5418,I Am Michael,2015,"Dramas, LGBTQ Movies",Movie,,,,,,no candidate
s5419,Nobody Speak: Trials of the Free Press,2017,Documentaries,Movie,171251,"Nobody Speak: Hulk Hogan, Gawker and Trials of a Free Press (2017)",94.3,0.0,1.0,"subset match, insufficient evidence (score 94, margin 94)"
s5420,You Get Me,2017,"Dramas, Thrillers",Movie,159093,Now You See Me 2 (2016),75.0,75.0,0.25,"subset match, insufficient evidence (score 75, margin 0)"
s5421,Dangal,2016,"Dramas, International Movies, Sports Movies",Movie,,,,,,no candidate
s5424,Puss in Book: Trapped in an Epic Tale,2017,"Children & Family Movies, Comedies",Movie,,,,,,no candidate
s5427,Counterpunch,2017,"Documentaries, Sports Movies",Movie,,,,,,no candidate
s5428,What the Health,2017,Documentaries,Movie,,,,,,no candidate
s5430,Kanavu Variyam,2017,"Comedies, Dramas, International Movies",Movie,,,,,,no candidate
s5431,Marco Luque: Tamo Junto,2017,Stand-Up Comedy,Movie,,,,,,no candidate
s5432,The Russian Revolution,2017,Documentaries,Movie,,,,,,no candidate
s5441,Shimmer Lake,2017,"Dramas, Independent Movies, Thrillers",Movie,,,,,,no candidate
s5442,The Wishing Tree,2017,"Children & Family Movies, Dramas, Music & Musicals",Movie,,,,,,no candidate
s5443,Headshot,2016,"Action & Adventure, International Movies",Movie,,,,,,year mismatch on exact title
s5444,1898: Our Last Men in the Philippines,2016,"Dramas, International Movies",Movie,,,,,,no candidate
s5447,Lucid Dream,2017,"International Movies, Sci-Fi & Fantasy, Thrillers",Movie,,,,,,no candidate
s5448,Aashik Awara,1993,"Dramas, International Movies, Music & Musicals",Movie,,,,,,no candidate
s5449,Amelia: A Tale of Two Sisters,2017,Documentaries,Movie,149354,Sisters (2015),100.0,0.0,0.0,genre conflict
s5450,Catfight,2016,"Comedies, Independent Movies",Movie,,,,,,no candidate
s5451,How to Stage a Coup,2017,Documentaries,Movie,,,,,,no candidate
s5452,Jackie: A Tale of Two Sisters,2017,Documentaries,Movie,149354,Sisters (2015),100.0,0.0,0.0,genre conflict
s5453,Lens,2015,"Dramas, Independent Movies, International Movies",Movie,,,,,,no candidate
s5455,Love.com,2017,"Comedies, International Movies, Romantic Movies",Movie,140162,Love (2015),100.0,0.0,0.5,MovieLens title nested inside Netflix title (likely different film)
s5456,Maya Memsaab,1993,"Dramas, International Movies, Music & Musicals",Movie,,,,,,no candidate
s5457,Michael Lost and Found,2017,"Documentaries, International Movies, LGBTQ Movies",Movie,,,,,,no candidate
s5461,Oh Darling Yeh Hai India,1995,"Action & Adventure, Comedies, International Movies",Movie,,,,,,no candidate
s5462,Prince,1969,"Dramas, International Movies, Romantic Movies",Movie,,,,,,no candidate
s5463,Qila,1998,"Dramas, International Movies",Movie,,,,,,no candidate
s5464,Smoke & Mirrors,2016,"Dramas, International Movies, Thrillers",Movie,,,,,,no candidate
s5467,The Mitfords: A Tale of Two Sisters,2017,Documentaries,Movie,149354,Sisters (2015),100.0,0.0,0.0,genre conflict
s5468,Without Gorky,2011,Documentaries,Movie,,,,,,no candidate
s5469,Sarah Silverman A Speck of Dust,2017,Stand-Up Comedy,Movie,,,,,,no candidate
s5470,Rangoon,2017,"Action & Adventure, Dramas, International Movies",Movie,,,,,,no candidate
s5472,Joshua: Teenager vs. Superpower,2017,Documentaries,Movie,,,,,,no candidate
s5473,Raees,2017,"Action & Adventure, Dramas, International Movies",Movie,,,,,,no candidate
s5475,Arès,2016,"Action & Adventure, International Movies, Sci-Fi & Fantasy",Movie,,,,,,no candidate
s5476,Hasan Minhaj: Homecoming King,2017,Stand-Up Comedy,Movie,,,,,,no candidate
s5477,BLAME!,2017,"Action & Adventure, Anime Features, International Movies",Movie,,,,,,no candidate
s5479,Laerte-se,2017,"Documentaries, International Movies, LGBTQ Movies",Movie,,,,,,no candidate
s5481,Tracy Morgan: Staying Alive,2017,Stand-Up Comedy,Movie,,,,,,no candidate
s5482,Chamatkar,1992,"Comedies, International Movies, Sci-Fi & Fantasy",Movie,,,,,,no candidate
s5483,Kabhi Haan Kabhi Naa,1994,"Comedies, Dramas, International Movies",Movie,,,,,,no candidate
s5484,Lovesong,2016,"Dramas, Independent Movies, Romantic Movies",Movie,184997,"Love, Simon (2018)",77.8,0.0,0.33,score 78 < 90
s5485,Natascha Kampusch: The Whole Story,2010,Movies,Movie,,,,,,no candidate
s5486,Ram Jaane,1995,"Dramas, International Movies, Music & Musicals",Movie,,,,,,no candidate
s5487,The Devil's Mistress,2016,"Dramas, International Movies",Movie,,,,,,no candidate
s5488,Wild Oats,2016,Comedies,Movie,118900,Wild (2014),100.0,100.0,,MovieLens title nested inside Netflix title (likely different film)
s5491,Mindhorn,2017,"Comedies, Cult Movies, Independent Movies",Movie,,,,,,no candidate
s5492,Sahara,2017,Children & Family Movies,Movie,,,,,,year mismatch on exact title
s5494,Handsome: A Netflix Mystery Movie,2017,Comedies,Movie,,,,,,no candidate
s5496,Simplemente Manu NNa,2017,Stand-Up Comedy,Movie,,,,,,no candidate
s5497,The Mars Generation,2017,"Children & Family Movies, Documentaries",Movie,171891,Generation Iron 2,80.0,0.0,,"subset match, insufficient evidence (score 80, margin 80)"
s5499,A Yellow Bird,2016,"Dramas, Independent Movies, International Movies",Movie,,,,,,no candidate
s5500,Chaahat,1996,"Dramas, International Movies, Romantic Movies",Movie,,,,,,no candidate
s5501,English Babu Desi Mem,1996,"Comedies, Dramas, International Movies",Movie,,,,,,no candidate
s5502,He Even Has Your Eyes,2016,"Comedies, International Movies",Movie,,,,,,no candidate
s5503,In the Shadow of Iris,2016,"Dramas, International Movies, Thrillers",Movie,,,,,,no candidate
s5504,JFK: The Making of a President,2017,Documentaries,Movie,,,,,,no candidate
s5505,Kiss & Cry,2017,"Dramas, International Movies, Romantic Movies",Movie,,,,,,no candidate
s5506,Loev,2015,"Dramas, Independent Movies, International Movies",Movie,140162,Love (2015),75.0,0.0,0.5,score 75 < 90
s5507,Mostly Sunny,2016,"Documentaries, International Movies",Movie,,,,,,no candidate
s5508,The Next Skin,2016,"Dramas, International Movies",Movie,,,,,,no candidate
s5509,Casting JonBenet,2017,Documentaries,Movie,,,,,,no candidate
s5512,Rodney King,2017,Dramas,Movie,,,,,,no candidate
s5513,Small Crimes,2017,"Dramas, Thrillers",Movie,,,,,,no candidate
s5516,Dear Zindagi,2016,"Comedies, Dramas, International Movies",Movie,,,,,,no candidate
s5517,Shepherds and Butchers,2016,"Dramas, International Movies",Movie,,,,,,no candidate
s5518,The 101-Year-Old Man Who Skipped Out on the Bill and Disappeared,2016,"Comedies, International Movies",Movie,,,,,,no candidate
s5523,Sand Castle,2017,"Action & Adventure, Dramas, Independent Movies",Movie,,,,,,no candidate
s5525,Tramps,2017,"Dramas, Independent Movies, Romantic Movies",Movie,135534,Krampus (2015),76.9,0.0,0.0,genre conflict
s5526,Lucas Brothers: On Drugs,2017,Stand-Up Comedy,Movie,,,,,,no candidate
s5527,Bibi & Tina,2014,"Children & Family Movies, Music & Musicals",Movie,,,,,,no candidate
s5528,Bibi & Tina II,2014,"Children & Family Movies, Music & Musicals",Movie,,,,,,no candidate
s5529,Bibi & Tina: Girls Versus Boys,2016,"Children & Family Movies, Music & Musicals",Movie,,,,,,no candidate
s5530,Slam,2017,"Comedies, Dramas, International Movies",Movie,,,,,,no candidate
s5531,The Wedding Party,2016,"Comedies, Dramas, International Movies",Movie,,,,,,no candidate
s5532,Arctic Heart,2016,"Dramas, International Movies, Romantic Movies",Movie,,,,,,no candidate
s5533,Our Lovers,2016,"Comedies, Dramas, International Movies",Movie,136859,The Lovers (2015),100.0,75.0,0.0,genre conflict
s5535,Macho,2016,"Comedies, International Movies, LGBTQ Movies",Movie,,,,,,no candidate
s5536,Kevin Hart: What Now?,2016,Stand-Up Comedy,Movie,,,,,,no candidate
s5537,Frat Star,2017,Comedies,Movie,,,,,,no candidate
s5540,The Lighthouse of the Orcas,2016,"Dramas, International Movies, Romantic Movies",Movie,,,,,,no candidate
s5542,Louis C.K. 2017,2017,Movies,Movie,127098,Louis C.K.: Live at The Comedy Store (2015),78.3,0.0,,"subset match, insufficient evidence (score 78, margin 78)"
s5544,Couples Counseling,2016,"Comedies, Dramas, International Movies",Movie,,,,,,no candidate
s5545,Deuces,2016,Dramas,Movie,,,,,,no candidate
s5546,Elaan,1971,"Action & Adventure, Cult Movies, International Movies",Movie,,,,,,no candidate
s5547,Five Nights in Maine,2015,"Dramas, Independent Movies",Movie,,,,,,no candidate
s5548,Killa,2014,"Dramas, International Movies",Movie,,,,,,no candidate
s5549,Life 2.0,2010,Documentaries,Movie,,,,,,no candidate
s5550,Salaakhen,1975,"Action & Adventure, International Movies, Music & Musicals",Movie,,,,,,no candidate
s5551,Skins,2017,"Dramas, International Movies",Movie,,,,,,no candidate
s5552,The Tenth Man,2016,"Dramas, International Movies",Movie,122900,Ant-Man (2015),75.0,0.0,0.0,genre conflict
s5553,Toro,2016,"Dramas, International Movies, Thrillers",Movie,,,,,,no candidate
s5554,Bridget Christie: Stand Up for Her,2016,Stand-Up Comedy,Movie,106920,Her (2013),100.0,0.0,0.0,genre conflict
s5557,The Discovery,2017,"Dramas, Independent Movies, Romantic Movies",Movie,,,,,,no candidate
s5558,Jo Koy: Live from Seattle,2017,Stand-Up Comedy,Movie,,,,,,no candidate
s5560,Felipe Neto: My Life Makes No Sense,2017,Stand-Up Comedy,Movie,,,,,,no candidate
s5561,The C Word,2016,Documentaries,Movie,,,,,,no candidate
s5562,The Most Hated Woman in America,2017,Dramas,Movie,131796,Woman in Gold (2015),76.2,0.0,1.0,"subset match, insufficient evidence (score 76, margin 76)"
s5565,Best Worst Thing That Ever Could Have Happened,2016,Documentaries,Movie,,,,,,no candidate
s5566,Deidra & Laney Rob a Train,2017,"Comedies, Dramas, Independent Movies",Movie,127194,The D Train (2015),83.3,0.0,0.0,genre conflict
s5569,Pandora,2016,"Dramas, International Movies, Thrillers",Movie,,,,,,no candidate
s5572,Asoka,2001,"Action & Adventure, Dramas, International Movies",Movie,,,,,,no candidate
s5573,"Bon Cop, Bad Cop",2006,"Action & Adventure, Comedies, International Movies",Movie,,,,,,no candidate
s5574,Notes on Blindness,2016,"Documentaries, Dramas, International Movies",Movie,,,,,,no candidate
s5575,One 2 Ka 4,2001,"Action & Adventure, Comedies, Dramas",Movie,4887,"One, The (2001)",100.0,0.0,0.2,MovieLens title nested inside Netflix title (likely different film)
s5577,Jim Norton: Mouthful of Shame,2017,Stand-Up Comedy,Movie,111375,Walk of Shame (2014),76.2,0.0,1.0,"subset match, insufficient evidence (score 76, margin 76)"
s5578,100 Meters,2016,"Dramas, International Movies, Sports Movies",Movie,,,,,,no candidate
s5580,Burning Sands,2017,"Dramas, Independent Movies",Movie,,,,,,no candidate
s5582,The Butterfly's Dream,2013,"Dramas, International Movies, Romantic Movies",Movie,,,,,,no candidate
s5583,Amy Schumer: The Leather Special,2017,Stand-Up Comedy,Movie,137337,Amy (2015),100.0,0.0,0.0,genre conflict
s5585,Nila,2016,"Dramas, International Movies, Romantic Movies",Movie,,,,,,no candidate
s5587,Mike Birbiglia: Thank God for Jokes,2017,Stand-Up Comedy,Movie,,,,,,no candidate
s5588,Force 2,2016,"Action & Adventure, International Movies",Movie,122886,Star Wars: Episode VII - The Force Awakens (2015),83.3,0.0,0.5,"subset match, insufficient evidence (score 83, margin 83)"
s5589,Jonas,2015,"Dramas, International Movies",Movie,,,,,,no candidate
s5590,Operações Especiais,2015,"Action & Adventure, International Movies",Movie,,,,,,no candidate
s5591,I Don't Feel at Home in This World Anymore,2017,"Dramas, Independent Movies, Thrillers",Movie,130520,Home (2015),100.0,0.0,0.0,genre conflict
s5595,Trevor Noah: Afraid of the Dark,2017,Stand-Up Comedy,Movie,110127,Noah (2014),100.0,0.0,0.0,genre conflict
s5596,Boy Missing,2016,"International Movies, Thrillers",Movie,,,,,,no candidate
s5597,Growing Up Wild,2016,"Children & Family Movies, Documentaries",Movie,118900,Wild (2014),100.0,0.0,0.0,genre conflict
s5598,Tini: The New Life of Violetta,2016,"Children & Family Movies, Music & Musicals",Movie,,,,,,no candidate
s5600,Rocky Handsome,2016,"Action & Adventure, International Movies",Movie,,,,,,no candidate
s5601,A Heavy Heart,2015,"Dramas, Independent Movies, International Movies",Movie,,,,,,no candidate
s5603,Rush: Beyond the Lighted Stage,2010,"Documentaries, Music & Musicals",Movie,104913,Rush (2013),100.0,0.0,0.0,genre conflict
s5605,The Fury of a Patient Man,2016,"International Movies, Thrillers",Movie,115210,Fury (2014),100.0,0.0,0.0,genre conflict
s5606,The Memory of Water,2015,"Dramas, International Movies",Movie,,,,,,no candidate
s5607,Girlfriend's Day,2017,"Comedies, Independent Movies",Movie,,,,,,no candidate
s5608,Katherine Ryan: In Trouble,2017,Stand-Up Comedy,Movie,,,,,,no candidate
s5611,David Brent: Life on the Road,2016,"Comedies, International Movies, Music & Musicals",Movie,,,,,,no candidate
s5612,Grillo vs Grillo,2017,Stand-Up Comedy,Movie,,,,,,no candidate
s5613,Hitler - A Career,1977,"Documentaries, International Movies",Movie,,,,,,no candidate
s5614,"Michael Bolton's Big, Sexy Valentine's Day Special",2017,"Comedies, Music & Musicals, Romantic Movies",Movie,,,,,,no candidate
s5615,Daniel Sosa: Sosafado,2017,Stand-Up Comedy,Movie,,,,,,no candidate
s5616,Imperial Dreams,2014,Dramas,Movie,,,,,,no candidate
s5617,Dilwale,2015,"Action & Adventure, Dramas, International Movies",Movie,,,,,,no candidate
s5618,Happy New Year,2014,"Action & Adventure, Comedies, Dramas",Movie,,,,,,no candidate
s5619,Haraamkhor,2015,"Dramas, Independent Movies, International Movies",Movie,,,,,,no candidate
s5620,Heroes Wanted,2016,"Action & Adventure, Comedies, International Movies",Movie,,,,,,no candidate
s5621,The Reconquest,2016,"Dramas, International Movies, Romantic Movies",Movie,,,,,,no candidate
s5622,Zapped,2014,"Children & Family Movies, Comedies",Movie,,,,,,year mismatch on exact title
s5623,Bill Burr: Walk Your Way Out,2017,Stand-Up Comedy,Movie,138208,The Walk (2015),100.0,100.0,0.0,genre conflict
s5624,Semana Santa,2015,"Dramas, International Movies",Movie,131098,Saving Santa (2013),75.0,0.0,0.0,genre conflict
s5625,Journey to Greenland,2016,"Comedies, International Movies",Movie,,,,,,no candidate
s5626,IBOY,2017,"International Movies, Sci-Fi & Fantasy, Thrillers",Movie,161830,Body (2015),75.0,0.0,0.2,score 75 < 90
s5627,O Silêncio do Céu,2016,"Dramas, International Movies",Movie,,,,,,no candidate
s5628,Cristela Alonzo: Lower Classy,2017,Stand-Up Comedy,Movie,,,,,,no candidate
s5629,Gad Gone Wild,2017,Stand-Up Comedy,Movie,118900,Wild (2014),100.0,0.0,0.0,genre conflict
s5630,Pink,2016,"Dramas, International Movies",Movie,,,,,,no candidate
s5631,Take the 10,2017,Comedies,Movie,,,,,,no candidate
s5634,Sarajevo,2014,"Dramas, International Movies",Movie,,,,,,no candidate
s5635,Stereo,2014,"International Movies, Thrillers",Movie,,,,,,no candidate
s5636,We Are Young. We Are Strong.,2014,"Dramas, International Movies",Movie,,,,,,no candidate
s5637,Casablancas: The Man Who Loved Women,2016,"Documentaries, International Movies",Movie,,,,,,no candidate
s5638,Clinical,2017,"Horror Movies, Thrillers",Movie,,,,,,no candidate
s5639,Very Big Shot,2015,"Comedies, Dramas, International Movies",Movie,,,,,,no candidate
s5642,Under the Shadow,2016,"Horror Movies, International Movies, Thrillers",Movie,109848,Under the Skin (2013),78.3,0.0,0.67,"subset match, insufficient evidence (score 78, margin 78)"
s5643,Coin Heist,2017,"Children & Family Movies, Dramas",Movie,,,,,,no candidate
s5644,LEGO: Marvel Super Heroes: Maximum Overload,2013,Children & Family Movies,Movie,85401,Super (2010),100.0,83.3,0.0,genre conflict
s5645,Rampage: President Down,2016,"Action & Adventure, International Movies",Movie,186587,Rampage (2018),100.0,0.0,0.67,MovieLens title nested inside Netflix title (likely different film)
s5646,Marvel's Hulk: Where Monsters Dwell,2016,"Children & Family Movies, Sci-Fi & Fantasy",Movie,,,,,,no candidate
s5647,Jen Kirkman: Just Keep Livin’?,2017,Stand-Up Comedy,Movie,,,,,,no candidate
s5648,Autohead,2016,"Dramas, International Movies, Thrillers",Movie,,,,,,no candidate
s5650,Headwinds,2011,"Dramas, Independent Movies, International Movies",Movie,,,,,,no candidate
s5652,Udta Punjab,2016,"Dramas, International Movies",Movie,,,,,,no candidate
s5653,Mr. Pig,2016,"Dramas, Independent Movies, International Movies",Movie,,,,,,no candidate
s5657,7:19,2016,"Dramas, International Movies",Movie,,,,,,no candidate
s5658,Garfunkel and Oates: Trying to be Special,2016,"Music & Musicals, Stand-Up Comedy",Movie,,,,,,no candidate
s5660,A Christmas Special: Miraculous: Tales of Ladybug & Cat Noir,2016,Movies,Movie,,,,,,no candidate
s5661,Gabriel lglesias: I’m Sorry For What I Said When I Was Hungry,2016,Stand-Up Comedy,Movie,,,,,,no candidate
s5662,Barry,2016,Dramas,Movie,109317,Someone Marry Barry (2014),100.0,0.0,0.0,genre conflict
s5664,Sister Cities,2016,Dramas,Movie,,,,,,no candidate
s5665,3 Türken & ein Baby,2015,"Comedies, International Movies",Movie,,,,,,no candidate
s5667,Eddie - Strongman,2015,"Documentaries, Sports Movies",Movie,,,,,,no candidate
s5677,Sand Storm,2016,"Dramas, Independent Movies, International Movies",Movie,,,,,,no candidate
s5679,Ricardo O'Farrill: Abrazo navideño,2016,Stand-Up Comedy,Movie,,,,,,no candidate
s5680,Asperger's Are Us,2016,Documentaries,Movie,,,,,,no candidate
s5682,Mariah Carey's Merriest Christmas,2015,"Children & Family Movies, Music & Musicals",Movie,,,,,,no candidate
s5683,Spectral,2016,"Action & Adventure, Sci-Fi & Fantasy",Movie,136020,Spectre (2015),80.0,0.0,0.4,score 80 < 90
s5686,Other People,2016,"Comedies, Dramas, Independent Movies",Movie,,,,,,no candidate
s5688,Blue Jay,2016,"Dramas, Independent Movies, Romantic Movies",Movie,,,,,,no candidate
s5689,One in a Billion,2016,"Documentaries, Sports Movies",Movie,,,,,,no candidate
s5690,Reggie Watts: Spatial,2016,"Music & Musicals, Stand-Up Comedy",Movie,,,,,,no candidate
s5692,Mercenary,2016,"Dramas, International Movies, Sports Movies",Movie,,,,,,no candidate
s5694,For the Love of Spock,2016,Documentaries,Movie,140162,Love (2015),100.0,0.0,0.0,genre conflict
s5695,White Girl,2016,"Dramas, Independent Movies",Movie,,,,,,no candidate
s5696,#Rucker50,2016,"Documentaries, Sports Movies",Movie,,,,,,no candidate
s5697,1000 Rupee Note,2014,"Dramas, International Movies",Movie,,,,,,no candidate
s5698,Across Grace Alley,2013,Dramas,Movie,,,,,,no candidate
s5699,Asu Mare 2,2015,"Comedies, International Movies",Movie,,,,,,no candidate
s5702,Interrogation,2015,"Dramas, International Movies, Thrillers",Movie,,,,,,no candidate
s5703,Rainbow Time,2016,"Comedies, Dramas, Independent Movies",Movie,,,,,,no candidate
s5705,Richard Pryor: Live in Concert,1979,Stand-Up Comedy,Movie,6122,Richard Pryor Live on the Sunset Strip (1982),76.6,0.0,0.5,"subset match, insufficient evidence (score 77, margin 77)"
s5706,The Violin Player,2016,"Dramas, Independent Movies, International Movies",Movie,,,,,,no candidate
s5707,Beauties of the Night,2016,"Documentaries, International Movies",Movie,,,,,,no candidate
s5709,Michael Che Matters,2016,Stand-Up Comedy,Movie,,,,,,no candidate
s5711,The Land of Cards,2012,"Dramas, Independent Movies, International Movies",Movie,,,,,,no candidate
s5712,Carlos Ballarta: El amor es de putos,2016,Stand-Up Comedy,Movie,,,,,,no candidate
s5713,Donald Glover: Weirdo,2012,Stand-Up Comedy,Movie,,,,,,no candidate
s5714,Colin Quinn: The New York Story,2016,Stand-Up Comedy,Movie,,,,,,no candidate
s5715,Divines,2016,"Dramas, Independent Movies, International Movies",Movie,,,,,,no candidate
s5718,Dieter Nuhr: Nuhr in Berlin,2016,Stand-Up Comedy,Movie,,,,,,no candidate
s5719,Mumbai Cha Raja,2012,"Dramas, Independent Movies, International Movies",Movie,,,,,,no candidate
s5722,Kathleen Madigan: Bothering Jesus,2016,Stand-Up Comedy,Movie,,,,,,no candidate
s5726,The Ivory Game,2016,Documentaries,Movie,,,,,,no candidate
s5727,A Grand Night In: The Story of Aardman,2015,Documentaries,Movie,,,,,,no candidate
s5734,Norman Lear: Just Another Version of You,2016,Documentaries,Movie,,,,,,no candidate
s5735,Santa Pac's Merry Berry Day,2016,Movies,Movie,,,,,,no candidate
s5736,Spanish Affair 2,2015,"Comedies, International Movies, Romantic Movies",Movie,,,,,,no candidate
s5737,Pup Star,2016,"Children & Family Movies, Comedies",Movie,,,,,,no candidate
s5738,I Am the Pretty Thing That Lives in the House,2016,"Horror Movies, International Movies, Thrillers",Movie,174815,The House (2017),100.0,75.0,0.0,genre conflict
s5739,Into the Inferno,2016,Documentaries,Movie,165101,Inferno (2016),100.0,0.0,0.0,genre conflict
s5741,They Are Everywhere,2016,"Comedies, International Movies",Movie,,,,,,no candidate
s5743,West Coast,2016,"Comedies, Dramas, International Movies",Movie,,,,,,no candidate
s5744,7 años,2016,"Dramas, International Movies",Movie,,,,,,no candidate
s5747,A Mighty Team,2016,"Comedies, International Movies, Sports Movies",Movie,,,,,,no candidate
s5748,Berserk: The Golden Age Arc I - The Egg of the King,2012,"Action & Adventure, Anime Features, International Movies",Movie,,,,,,no candidate
s5749,Bleach The Movie: Fade to Black,2008,"Action & Adventure, Anime Features, Sci-Fi & Fantasy",Movie,,,,,,no candidate
s5750,Bleach the Movie: Hell Verse,2010,"Action & Adventure, Anime Features, Sci-Fi & Fantasy",Movie,100083,Movie 43 (2013),76.9,0.0,0.0,genre conflict
s5751,Blind Date,2015,"Comedies, International Movies, Music & Musicals",Movie,,,,,,year mismatch on exact title
s5755,Sky Ladder: The Art of Cai Guo-Qiang,2016,Documentaries,Movie,108949,"Art of the Steal, The (2013)",76.9,0.0,0.0,genre conflict
s5756,Mascots,2016,Comedies,Movie,,,,,,no candidate
s5757,Justin Timberlake + the Tennessee Kids,2016,Music & Musicals,Movie,,,,,,no candidate
s5759,Russell Peters: Almost Famous,2016,Stand-Up Comedy,Movie,,,,,,no candidate
s5761,The Siege of Jadotville,2016,"Action & Adventure, Dramas, International Movies",Movie,,,,,,no candidate
s5762,LEGO Jurassic World: The Indominus Escape,2016,"Children & Family Movies, Comedies",Movie,117529,Jurassic World (2015),100.0,0.0,0.0,genre conflict
s5765,Bombshell,2016,Dramas,Movie,,,,,,no candidate
s5766,Chatô: The King of Brazil,2015,"Dramas, International Movies",Movie,,,,,,no candidate
s5768,Harud,2010,"Dramas, International Movies",Movie,,,,,,no candidate
s5771,Much Ado About Nothing,2016,"Dramas, Independent Movies, International Movies",Movie,,,,,,year mismatch on exact title
s5773,My Big Night,2015,"Comedies, International Movies, Music & Musicals",Movie,,,,,,no candidate
s5774,My Little Pony Equestria Girls: Legend of Everfree,2016,"Children & Family Movies, Comedies",Movie,141688,Legend (2015),100.0,0.0,0.0,genre conflict
s5776,Pac's Scary Halloween,2016,Movies,Movie,,,,,,no candidate
s5777,Riphagen - The Untouchable,2016,"Dramas, International Movies",Movie,,,,,,no candidate
s5779,Umrika,2015,"Dramas, Independent Movies, International Movies",Movie,,,,,,no candidate
s5780,Unchained: The Untold Story of Freestyle Motocross,2016,"Documentaries, Sports Movies",Movie,,,,,,no candidate
s5781,Welcome Mr. President,2013,"Comedies, International Movies",Movie,,,,,,no candidate
s5784,Audrie & Daisy,2016,Documentaries,Movie,,,,,,no candidate
s5785,Iliza Shlesinger: Confirmed Kills,2016,Stand-Up Comedy,Movie,,,,,,no candidate
s5787,"Karol Modzelewski, Łukasz „Lotek” Lodkowski No Offense",2016,Stand-Up Comedy,Movie,,,,,,no candidate
s5788,"Katarzyna Piasecka, Rafał Pacześ Seriously Funny",2016,Stand-Up Comedy,Movie,,,,,,no candidate
s5789,"Mariusz Kałamaga, Karol Kopiec, Wiolka Walaszczyk Hilarious Trio",2016,Stand-Up Comedy,Movie,,,,,,no candidate
s5790,"Rafał Banaś, Michał Leja Laugh out Loud",2016,Stand-Up Comedy,Movie,,,,,,no candidate
s5791,The Best of Rafał Rutkowski Olka Szczęśniak,2016,Stand-Up Comedy,Movie,,,,,,no candidate
s5792,"Tomasz Jachimek, Jacek Stramik Laugh at Live",2016,Stand-Up Comedy,Movie,,,,,,no candidate
s5794,Cedric the Entertainer: Live from the Ville,2016,Stand-Up Comedy,Movie,,,,,,no candidate
s5796,The White Helmets,2016,Documentaries,Movie,,,,,,no candidate
s5797,Sample This,2012,"Documentaries, Music & Musicals",Movie,,,,,,no candidate
s5798,Extremis,2016,Documentaries,Movie,,,,,,no candidate
s5799,Jandino: Whatever it Takes,2016,Stand-Up Comedy,Movie,175303,It (2017),100.0,0.0,0.0,genre conflict
s5805,Saudi Arabia Uncovered,2016,Documentaries,Movie,,,,,,no candidate
s5809,Jeff Foxworthy and Larry the Cable Guy: We’ve Been Thinking...,2016,Stand-Up Comedy,Movie,,,,,,no candidate
s5810,XOXO,2016,"Dramas, Music & Musicals",Movie,,,,,,no candidate
s5811,I'll Sleep When I'm Dead,2016,"Documentaries, Music & Musicals",Movie,,,,,,no candidate
s5815,Real Crime: Supermarket Heist (Tesco Bomber),2010,Documentaries,Movie,,,,,,no candidate
s5816,Jim Gaffigan: Beyond the Pale,2005,Stand-Up Comedy,Movie,30818,Beyond the Sea (2004),83.3,0.0,0.0,genre conflict
s5817,Jim Gaffigan: King Baby,2009,Stand-Up Comedy,Movie,,,,,,no candidate
s5818,Jim Gaffigan: Mr. Universe,2012,Stand-Up Comedy,Movie,,,,,,no candidate
s5819,Jim Gaffigan: Obsessed,2014,Stand-Up Comedy,Movie,168174,Jim Gaffigan: Cinco (2017),80.0,0.0,1.0,"subset match, insufficient evidence (score 80, margin 80)"
s5821,Lavell Crawford: Can a Brother Get Some Love?,2011,Stand-Up Comedy,Movie,,,,,,no candidate
s5822,Children of God,1994,Documentaries,Movie,29,"City of Lost Children, The (Cité des enfants perdus, La) (1995)",84.6,84.6,0.0,genre conflict
s5825,Interview with a Serial Killer,2008,Documentaries,Movie,55205,Interview (2007),100.0,75.0,0.0,genre conflict
s5827,Real Crime: Diamond Geezers,2008,Documentaries,Movie,,,,,,no candidate
s5829,Tallulah,2016,"Dramas, Independent Movies",Movie,,,,,,no candidate
s5831,Rebirth,2016,"Dramas, Thrillers",Movie,,,,,,no candidate
s5832,Tony Robbins: I Am Not Your Guru,2016,Documentaries,Movie,167064,I Am Not Your Negro (2017),81.2,0.0,1.0,"subset match, insufficient evidence (score 81, margin 81)"
s5833,Gridlocked,2015,Action & Adventure,Movie,,,,,,no candidate
s5834,Brahman Naman,2016,"Comedies, Independent Movies, International Movies",Movie,,,,,,no candidate
s5838,X: Past Is Present,2015,"Dramas, Independent Movies, International Movies",Movie,,,,,,no candidate
s5840,Sofía Niño de Rivera: Exposed,2016,Stand-Up Comedy,Movie,151501,Exposed (2016),100.0,0.0,0.0,genre conflict
s5849,Special Correspondents,2016,Comedies,Movie,,,,,,no candidate
s5850,Team Foxcatcher,2016,"Documentaries, Sports Movies",Movie,,,,,,no candidate
s5851,Patton Oswalt: Talking for Clapping,2016,Stand-Up Comedy,Movie,,,,,,no candidate
s5852,Belgica,2016,"Dramas, International Movies",Movie,,,,,,no candidate
s5855,Frank and Cindy,2007,"Documentaries, Music & Musicals",Movie,,,,,,no candidate
s5858,Kung Fu Panda: Secrets of the Scroll,2016,"Children & Family Movies, Comedies",Movie,149406,Kung Fu Panda 3 (2016),92.9,0.0,0.0,genre conflict
s5860,Jimmy Carr: Funny Business,2016,Stand-Up Comedy,Movie,,,,,,no candidate
s5861,My Beautiful Broken Brain,2016,"Documentaries, International Movies",Movie,,,,,,no candidate
s5862,Pee-wee's Big Holiday,2016,"Children & Family Movies, Comedies, Cult Movies",Movie,,,,,,no candidate
s5865,"Crouching Tiger, Hidden Dragon: Sword of Destiny",2016,"Action & Adventure, Romantic Movies",Movie,,,,,,no candidate
s5866,Marvel Super Hero Adventures: Frost Fight!,2015,"Children & Family Movies, Sci-Fi & Fantasy",Movie,171023,The Hero (2017),100.0,0.0,0.0,genre conflict
s5869,Hannibal Buress: Comedy Camisado,2016,Stand-Up Comedy,Movie,,,,,,no candidate
s5873,Ricardo O'Farrill Abrazo Genial,2016,Stand-Up Comedy,Movie,,,,,,no candidate
s5874,Ip Man,2008,"Action & Adventure, Dramas, International Movies",Movie,37477,"Man, The (2005)",100.0,100.0,0.2,MovieLens title nested inside Netflix title (likely different film)
s5875,Ip Man 2,2010,"Action & Adventure, International Movies",Movie,65514,Ip Man (2008),100.0,100.0,0.25,MovieLens title nested inside Netflix title (likely different film)
s5877,Marco Polo: One Hundred Eyes,2015,Movies,Movie,,,,,,no candidate
s5879,Mike Epps: Don't Take It Personal,2015,Stand-Up Comedy,Movie,175303,It (2017),100.0,0.0,0.0,genre conflict
s5881,"Trailer Park Boys: Drunk, High and Unemployed: Live in Austin",2015,"Comedies, International Movies",Movie,,,,,,no candidate
s5884,Naomi and Ely's No Kiss List,2015,"Comedies, Dramas, LGBTQ Movies",Movie,,,,,,no candidate
s5887,Manson Family Vacation,2015,"Comedies, Dramas, Independent Movies",Movie,104925,"Family, The (2013)",100.0,100.0,0.0,genre conflict
s5888,Walt Disney Animation Studios Short Films Collection,2015,Children & Family Movies,Movie,,,,,,no candidate
s5890,Results,2015,"Comedies, Independent Movies",Movie,,,,,,no candidate
s5891,Anthony Jeselnik: Thoughts and Prayers,2015,Stand-Up Comedy,Movie,,,,,,no candidate
s5894,Winter on Fire: Ukraine's Fight for Freedom,2015,"Documentaries, International Movies",Movie,109191,Winter's Tale (2014),76.2,0.0,0.0,genre conflict
s5895,Anjelah Johnson: Not Fancy,2015,Stand-Up Comedy,Movie,,,,,,no candidate
s5897,Keith Richards: Under the Influence,2015,"Documentaries, Music & Musicals",Movie,109848,Under the Skin (2013),78.3,0.0,0.0,genre conflict
s5898,Cowspiracy: The Sustainability Secret,2014,Documentaries,Movie,,,,,,no candidate
s5899,6 Years,2015,"Dramas, Independent Movies, Romantic Movies",Movie,105844,12 Years a Slave (2013),83.3,83.3,0.5,"subset match, insufficient evidence (score 83, margin 0)"
s5900,Demetri Martin: Live (At the Time),2015,Stand-Up Comedy,Movie,,,,,,no candidate
s5902,Tig,2015,"Documentaries, Stand-Up Comedy",Movie,,,,,,no candidate
s5905,Chris Tucker Live,2015,Stand-Up Comedy,Movie,,,,,,no candidate
s5906,Ralphie May: Imperfectly Yours,2015,Stand-Up Comedy,Movie,,,,,,no candidate
s5908,Advantageous,2015,"Dramas, Independent Movies, Sci-Fi & Fantasy",Movie,,,,,,no candidate
s5910,The Perfect Dictatorship,2014,"Comedies, Dramas, International Movies",Movie,144714,The Perfect Guy (2015),77.8,77.8,0.5,"subset match, insufficient evidence (score 78, margin 0)"
s5912,Jen Kirkman: I'm Gonna Die Alone (And I Feel Fine),2015,Stand-Up Comedy,Movie,,,,,,no candidate
s5913,The Other One: The Long Strange Trip of Bob Weir,2015,"Documentaries, Music & Musicals",Movie,,,,,,no candidate
s5914,Chris D'Elia: Incorrigible,2015,Stand-Up Comedy,Movie,,,,,,no candidate
s5916,Aziz Ansari Live at Madison Square Garden,2015,Stand-Up Comedy,Movie,173197,The Square (2017),100.0,0.0,0.0,genre conflict
s5917,My Own Man,2015,Documentaries,Movie,,,,,,no candidate
s5918,Ralphie May: Unruly,2015,Stand-Up Comedy,Movie,,,,,,no candidate
s5919,Virunga: Gorillas in Peril,2015,Documentaries,Movie,117364,Virunga (2014),100.0,0.0,0.5,MovieLens title nested inside Netflix title (likely different film)
s5921,BoJack Horseman Christmas Special: Sabrina's Christmas Wish,2014,Movies,Movie,,,,,,no candidate
s5925,Chelsea Peretti: One of the Greats,2014,Stand-Up Comedy,Movie,,,,,,no candidate
s5927,E-Team,2014,Documentaries,Movie,,,,,,no candidate
s5928,Wyatt Cenac: Brooklyn,2014,Stand-Up Comedy,Movie,127108,Brooklyn (2015),100.0,0.0,0.0,genre conflict
s5929,Chelsea Handler: Uganda Be Kidding Me Live,2014,Stand-Up Comedy,Movie,,,,,,no candidate
s5930,Print the Legend,2014,Documentaries,Movie,141688,Legend (2015),100.0,76.9,0.0,genre conflict
s5931,Mission Blue,2014,Documentaries,Movie,,,,,,no candidate
s5932,The Battered Bastards of Baseball,2014,"Documentaries, Sports Movies",Movie,,,,,,no candidate
s5933,From One Second to the Next,2013,Documentaries,Movie,,,,,,no candidate
s5935,Mitt,2014,Documentaries,Movie,,,,,,no candidate
s5936,The Square,2013,"Documentaries, International Movies",Movie,,,,,,year mismatch on exact title
s5937,Shrek the Musical,2013,"Children & Family Movies, Comedies, Music & Musicals",Movie,,,,,,no candidate
s5938,The Short Game,2013,"Children & Family Movies, Documentaries, Sports Movies",Movie,,,,,,no candidate
s5939,Aziz Ansari: Buried Alive,2013,Stand-Up Comedy,Movie,78088,Buried (2010),100.0,0.0,0.0,genre conflict
s5943,A Stoning in Fulham County,1988,Dramas,Movie,,,,,,no candidate
s5944,Adam: His Song Continues,1986,Dramas,Movie,,,,,,no candidate
s5945,Hard Lessons,1986,Dramas,Movie,,,,,,no candidate
s5946,In Defense of a Married Man,1990,Dramas,Movie,,,,,,no candidate
s5947,Quiet Victory: The Charlie Wedemeyer Story,1988,"Dramas, Sports Movies",Movie,,,,,,no candidate
s5948,Strange Voices,1987,Dramas,Movie,,,,,,no candidate
s5949,The Ryan White Story,1989,Dramas,Movie,,,,,,no candidate
s5950,Too Young the Hero,1988,Dramas,Movie,,,,,,no candidate
s5951,Triumph of the Heart,1991,"Dramas, Sports Movies",Movie,5345,Triumph of the Spirit (1989),82.9,0.0,1.0,"subset match, insufficient evidence (score 83, margin 83)"
s5952,Unspeakable Acts,1990,Dramas,Movie,,,,,,no candidate
s5953,Victim of Beauty,1991,"Dramas, Thrillers",Movie,5455,"Object of Beauty, The (1991)",75.0,0.0,0.33,"subset match, insufficient evidence (score 75, margin 75)"
s5954,Joseph: King of Dreams,2000,"Children & Family Movies, Dramas, Faith & Spirituality",Movie,2446,In Dreams (1999),80.0,0.0,0.0,genre conflict
s5956,Splatter,2009,Horror Movies,Movie,63826,Splinter (2008),75.0,0.0,0.33,score 75 < 90
s5957,Just Another Love Story,2007,"Dramas, International Movies",Movie,,,,,,no candidate
s5958,To and From New York,2006,"Dramas, Independent Movies, Thrillers",Movie,,,,,,no candidate
s5959,9,2009,"Action & Adventure, Independent Movies, Sci-Fi & Fantasy",Movie,69953,9to5: Days in Porn (a.k.a. 9 to 5: Days in Porn) (2008),100.0,100.0,0.0,genre conflict
s5962,706,2019,"Horror Movies, International Movies",Movie,,,,,,no candidate
s5963,1920,2008,"Horror Movies, International Movies, Thrillers",Movie,,,,,,no candidate
s5964,Oct-01,2014,"Dramas, International Movies, Thrillers",Movie,,,,,,no candidate
s5966,22-Jul,2018,"Dramas, Thrillers",Movie,,,,,,no candidate
s5967,15-Aug,2019,"Comedies, Dramas, Independent Movies",Movie,,,,,,no candidate
s5968,'89,2017,Sports Movies,Movie,,,,,,no candidate
s5969,​Goli Soda 2,2018,"Action & Adventure, Dramas, International Movies",Movie,,,,,,no candidate
s5970,​Maj Rati ​​Keteki,2017,"Dramas, International Movies",Movie,,,,,,no candidate
s5971,​Mayurakshi,2017,"Dramas, International Movies",Movie,,,,,,no candidate
s5972,(T)ERROR,2015,Documentaries,Movie,,,,,,no candidate
s5973,#cats_the_mewvie,2020,"Documentaries, International Movies",Movie,,,,,,no candidate
s5974,#Roxy,2018,"Comedies, Romantic Movies",Movie,,,,,,no candidate
s5976,Ég man þig,2017,"Horror Movies, International Movies",Movie,,,,,,no candidate
s5977,Çok Filim Hareketler Bunlar,2010,"Comedies, International Movies",Movie,,,,,,no candidate
s5978,Æon Flux,2005,"Action & Adventure, Sci-Fi & Fantasy",Movie,37386,Aeon Flux (2005),87.5,0.0,0.5,"subset match, insufficient evidence (score 88, margin 88)"
s5980,1 Chance 2 Dance,2014,"Dramas, Romantic Movies",Movie,,,,,,no candidate
s5981,1 Mile to You,2017,"Dramas, Romantic Movies, Sports Movies",Movie,,,,,,no candidate
s5983,100 Days Of Solitude,2018,"Documentaries, International Movies",Movie,,,,,,no candidate
s5984,100 Years: One Woman's Fight for Justice,2016,Documentaries,Movie,,,,,,no candidate
s5986,12 ROUND GUN,2017,"Dramas, Independent Movies, Sports Movies",Movie,,,,,,no candidate
s5988,13 Cameras,2015,"Horror Movies, Independent Movies, Thrillers",Movie,170957,Cars 3 (2017),75.0,0.0,0.0,genre conflict
s5990,13TH: A Conversation with Oprah Winfrey & Ava DuVernay,2017,Movies,Movie,164917,13th (2016),100.0,0.0,,MovieLens title nested inside Netflix title (likely different film)
s5991,14 Blades,2010,"Action & Adventure, International Movies",Movie,52245,Blades of Glory (2007),80.0,0.0,0.0,genre conflict
s5992,14 Cameras,2018,"Horror Movies, Thrillers",Movie,,,,,,no candidate
s5995,1BR,2019,"Horror Movies, Independent Movies, Thrillers",Movie,,,,,,no candidate
s5996,1st Summoning,2018,"Horror Movies, Independent Movies",Movie,,,,,,no candidate
s5998,2015 Dream Concert,2015,"International Movies, Music & Musicals",Movie,,,,,,no candidate
s5999,2036 Origin Unknown,2018,Sci-Fi & Fantasy,Movie,,,,,,no candidate
s6000,20th Century Women,2016,"Dramas, Independent Movies",Movie,,,,,,no candidate
s6003,2307: Winter's Dream,2016,"Action & Adventure, Independent Movies, Sci-Fi & Fantasy",Movie,109191,Winter's Tale (2014),76.2,0.0,0.17,"subset match, insufficient evidence (score 76, margin 76)"
s6004,24 Hours to Live,2017,Action & Adventure,Movie,138210,13 Hours (2016),76.9,0.0,0.0,genre conflict
s6005,"27, el club de los malditos",2018,"Action & Adventure, Comedies, International Movies",Movie,,,,,,no candidate
s6006,27: Gone Too Soon,2017,Documentaries,Movie,,,,,,no candidate
s6008,3 Deewarein,2003,"Dramas, International Movies, Thrillers",Movie,,,,,,no candidate
s6009,3 Generations,2015,"Dramas, LGBTQ Movies",Movie,,,,,,no candidate
s6010,3 Heroines,2016,"Dramas, International Movies, Sports Movies",Movie,,,,,,no candidate
s6011,3 Seconds Divorce,2018,"Documentaries, Faith & Spirituality",Movie,,,,,,no candidate
s6012,30 Days of Luxury,2016,"Comedies, International Movies",Movie,,,,,,no candidate
s6014,300 Miles to Heaven,1989,"Dramas, International Movies",Movie,,,,,,no candidate
s6015,42 Grams,2017,Documentaries,Movie,,,,,,no candidate
s6016,4th Man Out,2015,"Comedies, LGBTQ Movies",Movie,,,,,,no candidate
s6017,5 Cowok Jagoan,2017,"Action & Adventure, Comedies, International Movies",Movie,,,,,,no candidate
s6021,5CM,2012,"Dramas, International Movies",Movie,,,,,,no candidate
s6022,6 Days,2017,"Action & Adventure, Dramas, International Movies",Movie,109569,3 Days to Kill (2014),80.0,80.0,0.5,"subset match, insufficient evidence (score 80, margin 0)"
s6023,6-5=2,2014,"Horror Movies, International Movies, Thrillers",Movie,,,,,,no candidate
s6024,68 Kill,2017,"Comedies, Independent Movies, Thrillers",Movie,,,,,,no candidate
s6026,7 Din Mohabbat In,2018,"Comedies, International Movies, Music & Musicals",Movie,,,,,,no candidate
s6028,A Bad Moms Christmas,2017,Comedies,Movie,161580,Bad Moms (2016),100.0,100.0,,MovieLens title nested inside Netflix title (likely different film)
s6029,A Billion Colour Story,2016,"Dramas, Independent Movies, International Movies",Movie,,,,,,no candidate
s6030,A Boy Called Po,2016,"Dramas, Sci-Fi & Fantasy",Movie,,,,,,no candidate
s6033,A Dangerous Woman,1993,"Dramas, Romantic Movies",Movie,31,Dangerous Minds (1995),80.0,0.0,0.5,score 80 < 90
s6034,A Family Affair,2015,"Documentaries, International Movies",Movie,104925,"Family, The (2013)",100.0,0.0,0.0,genre conflict
s6035,A Family Man,2016,Dramas,Movie,104925,"Family, The (2013)",100.0,0.0,0.0,genre conflict
s6036,A Flying Jatt,2016,"Action & Adventure, International Movies, Sci-Fi & Fantasy",Movie,,,,,,no candidate
s6037,A Glimpse Inside the Mind of Charles Swan III,2012,"Comedies, Independent Movies",Movie,134853,Inside Out (2015),75.0,75.0,,"subset match, insufficient evidence (score 75, margin 0)"
s6039,A Gray State,2017,Documentaries,Movie,,,,,,no candidate
s6041,A Haunting at Silver Falls: The Return,2019,"Horror Movies, Independent Movies",Movie,,,,,,no candidate
s6042,A Holiday Engagement,2011,"Children & Family Movies, Comedies, Romantic Movies",Movie,,,,,,no candidate
s6043,A Kind of Murder,2016,Thrillers,Movie,,,,,,no candidate
s6044,A Leaf of Faith,2018,Documentaries,Movie,,,,,,no candidate
s6046,A Mission in an Old Movie,2012,"Comedies, International Movies",Movie,100083,Movie 43 (2013),76.9,0.0,,"subset match, insufficient evidence (score 77, margin 77)"
s6047,A Most Violent Year,2014,"Dramas, Thrillers",Movie,,,,,,no candidate
s6048,A Murder in the Park,2014,Documentaries,Movie,,,,,,no candidate
s6049,A new Capitalism,2017,"Documentaries, International Movies",Movie,,,,,,no candidate
s6051,A Noble Intention,2015,"Dramas, International Movies",Movie,,,,,,no candidate
s6052,A Patch of Fog,2015,"Dramas, Thrillers",Movie,,,,,,no candidate
s6053,A Perfect Man,2013,"Dramas, Independent Movies, Romantic Movies",Movie,147410,A Perfect Day (2015),81.8,77.8,0.33,score 82 < 90
s6054,A Princess for Christmas,2011,"Children & Family Movies, Dramas, Romantic Movies",Movie,72294,"Christmas Carol, A (2009)",75.0,0.0,0.4,"subset match, insufficient evidence (score 75, margin 75)"
s6055,A Russell Peters Christmas,2011,Stand-Up Comedy,Movie,72294,"Christmas Carol, A (2009)",75.0,0.0,0.0,genre conflict
s6056,A Scandall,2016,"International Movies, Thrillers",Movie,,,,,,no candidate
s6059,A Sort of Homecoming,2015,"Dramas, Independent Movies",Movie,,,,,,no candidate
s6060,A Tale of Love and Darkness,2015,"Dramas, International Movies",Movie,140162,Love (2015),100.0,0.0,0.5,MovieLens title nested inside Netflix title (likely different film)
s6064,A Wednesday,2008,"Action & Adventure, Dramas, International Movies",Movie,,,,,,no candidate
s6065,A Week in Watts,2017,Documentaries,Movie,,,,,,no candidate
s6069,A.M.I.,2019,Horror Movies,Movie,,,,,,no candidate
s6070,A.X.L.,2018,"Action & Adventure, Children & Family Movies, Independent Movies",Movie,,,,,,no candidate
s6071,Aşk Tesadüfleri Sever,2011,"Dramas, International Movies, Romantic Movies",Movie,,,,,,no candidate
s6072,Aadu 2,2017,"Comedies, International Movies",Movie,,,,,,no candidate
s6073,Aajcha Divas Majha,2013,"Comedies, Dramas, International Movies",Movie,,,,,,no candidate
s6074,Aarakshan,2011,"Dramas, International Movies",Movie,,,,,,no candidate
s6075,Aashayein,2010,"Dramas, International Movies",Movie,,,,,,no candidate
s6076,Aata Pita,2010,"Comedies, Dramas, International Movies",Movie,,,,,,no candidate
s6077,Abby Sen,2015,"Comedies, Dramas, International Movies",Movie,,,,,,no candidate
s6078,Abdo Mota,2012,"Action & Adventure, Dramas, International Movies",Movie,,,,,,no candidate
s6079,Abhinetri,2016,"Comedies, International Movies, Sci-Fi & Fantasy",Movie,,,,,,no candidate
s6081,Abominable Christmas,2012,"Children & Family Movies, Comedies",Movie,72294,"Christmas Carol, A (2009)",75.0,0.0,0.25,score 75 < 90
s6083,Abzurdah,2015,"Dramas, International Movies",Movie,,,,,,no candidate
s6084,Acapulco La vida va,2016,"Comedies, Dramas, International Movies",Movie,,,,,,no candidate
s6085,Across The Line,2015,"Dramas, Sports Movies",Movie,,,,,,no candidate
s6088,Act of Vengeance,2010,"Action & Adventure, International Movies",Movie,92938,Ghost Rider: Spirit of Vengeance (2012),85.7,0.0,0.25,"subset match, insufficient evidence (score 86, margin 86)"
s6089,Acts of Violence,2018,Action & Adventure,Movie,,,,,,no candidate
s6091,Addicted to Life,2014,"Action & Adventure, Documentaries, International Movies",Movie,,,,,,no candidate
s6092,Adore,2013,"Dramas, Independent Movies, International Movies",Movie,,,,,,no candidate
s6093,Adrishya,2017,"Horror Movies, Independent Movies, International Movies",Movie,,,,,,no candidate
s6094,Adventures in Public School,2018,Comedies,Movie,,,,,,no candidate
s6096,After Porn Ends,2012,Documentaries,Movie,,,,,,no candidate
s6097,After Porn Ends 3,2018,Documentaries,Movie,,,,,,no candidate
s6098,Afterschool,2008,"Dramas, Independent Movies",Movie,,,,,,no candidate
s6099,Aftershock,2012,"Action & Adventure, Horror Movies",Movie,,,,,,no candidate
s6100,Agatha and the Truth of Murder,2018,Dramas,Movie,148482,Truth (2015),100.0,0.0,1.0,MovieLens title nested inside Netflix title (likely different film)
s6104,Ahista Ahista,2006,"Dramas, International Movies, Romantic Movies",Movie,,,,,,no candidate
s6105,Ai Weiwei: Never Sorry,2012,Documentaries,Movie,,,,,,no candidate
s6107,Aisa Yeh Jahaan,2015,"Dramas, Independent Movies, International Movies",Movie,,,,,,no candidate
s6108,Aitraaz,2004,"International Movies, Music & Musicals, Romantic Movies",Movie,,,,,,no candidate
s6109,Alarmoty in the Land of Fire,2017,"Comedies, International Movies",Movie,,,,,,no candidate
s6110,Albion: The Enchanted Stallion,2016,Children & Family Movies,Movie,,,,,,no candidate
s6111,Alejandro Sanz: What I Was Is What I Am,2018,"Documentaries, International Movies, Music & Musicals",Movie,,,,,,no candidate
s6113,Alien Contact: Outer Space,2017,Documentaries,Movie,,,,,,no candidate
s6114,Aliens Ate My Homework,2018,"Children & Family Movies, Comedies, Sci-Fi & Fantasy",Movie,,,,,,no candidate
s6115,Alive and Kicking,2016,Documentaries,Movie,158022,Kicking Off (2016),77.8,0.0,0.0,genre conflict
s6116,All About Nina,2018,"Comedies, Dramas, Independent Movies",Movie,,,,,,no candidate
s6118,All Good Ones Get Away,2019,"International Movies, Thrillers",Movie,,,,,,no candidate
s6119,All Hallows' Eve,2016,"Children & Family Movies, Independent Movies",Movie,,,,,,no candidate
s6120,All Light Will End,2018,"Horror Movies, Thrillers",Movie,,,,,,no candidate
s6122,All the Devil's Men,2018,Action & Adventure,Movie,,,,,,no candidate
s6123,Alone in Berlin,2016,Dramas,Movie,,,,,,no candidate
s6125,Alpha and Omega 2: A Howl-iday Adventure,2013,Children & Family Movies,Movie,80553,Howl (2010),100.0,0.0,0.0,genre conflict
s6126,Alpha and Omega: The Legend of the Saw Tooth Cave,2014,Children & Family Movies,Movie,141688,Legend (2015),100.0,0.0,0.0,genre conflict
s6128,AlphaGo,2017,Documentaries,Movie,185031,Alpha (2018),83.3,0.0,0.0,genre conflict
s6129,Always a Bridesmaid,2019,"Comedies, Romantic Movies",Movie,,,,,,no candidate
s6130,Amar Akbar & Tony,2015,"Comedies, Dramas, International Movies",Movie,,,,,,no candidate
s6131,Amar Akbar Anthony,1977,"Action & Adventure, Classic Movies, Comedies",Movie,,,,,,no candidate
s6132,Amar's Hands,2011,"Dramas, International Movies",Movie,,,,,,no candidate
s6134,American Anarchist,2016,Documentaries,Movie,126420,American Heist (2015),81.2,76.2,0.0,genre conflict
s6135,American Assassin,2017,Action & Adventure,Movie,176751,American Made (2017),76.2,0.0,0.0,genre conflict
s6137,American Circumcision,2017,Documentaries,Movie,176751,American Made (2017),76.2,0.0,0.0,genre conflict
s6139,American Experience: Ruby Ridge,2017,Documentaries,Movie,176751,American Made (2017),76.2,0.0,0.0,genre conflict
s6141,American Experience: The Island Murder,2018,Documentaries,Movie,176751,American Made (2017),76.2,0.0,0.0,genre conflict
s6142,American Hangman,2019,Thrillers,Movie,176751,American Made (2017),76.2,0.0,0.5,score 76 < 90
s6145,American Honey,2016,"Dramas, Independent Movies",Movie,126420,American Heist (2015),78.6,76.2,0.0,genre conflict
s6146,American Masters: Ted Williams,2018,"Documentaries, Sports Movies",Movie,176751,American Made (2017),76.2,75.0,0.0,genre conflict
s6148,American Psycho,2000,"Comedies, Cult Movies, Dramas",Movie,2389,Psycho (1998),100.0,100.0,0.0,genre conflict
s6149,American Warfighter,2019,Dramas,Movie,176751,American Made (2017),76.2,0.0,0.0,genre conflict
s6151,An American in Madras,2013,"Documentaries, International Movies",Movie,80126,"American, The (2010)",100.0,75.7,0.0,genre conflict
s6154,An American Tail: The Mystery of the Night Monster,1999,Children & Family Movies,Movie,2706,American Pie (1999),80.0,77.8,0.0,genre conflict
s6155,An American Tail: The Treasures of Manhattan Island,2000,Children & Family Movies,Movie,2706,American Pie (1999),80.0,0.0,0.0,genre conflict
s6156,An Hour and a Half,2012,"Dramas, International Movies",Movie,,,,,,no candidate
s6158,An Interview with God,2018,"Dramas, Faith & Spirituality",Movie,,,,,,no candidate
s6159,An Upper Egyptian,2014,"Comedies, Dramas, International Movies",Movie,,,,,,no candidate
s6160,Anarkali of Aarah,2017,"Dramas, Independent Movies, International Movies",Movie,,,,,,no candidate
s6161,Anchor and Hope,2017,"Comedies, Dramas, LGBTQ Movies",Movie,,,,,,no candidate
s6163,Anesthesia,2015,"Dramas, Independent Movies",Movie,,,,,,no candidate
s6166,Angry Indian Goddesses,2015,"Dramas, Independent Movies, International Movies",Movie,,,,,,no candidate
s6169,Ankur Arora Murder Case,2013,"Dramas, International Movies, Thrillers",Movie,,,,,,no candidate
s6170,Annabelle Hooper and the Ghosts of Nantucket,2016,Children & Family Movies,Movie,114713,Annabelle (2014),100.0,0.0,0.0,genre conflict
s6171,Another Forever,2016,"Dramas, Independent Movies, International Movies",Movie,,,,,,no candidate
s6172,Ant-Man and the Wasp,2018,"Action & Adventure, Comedies, Sci-Fi & Fantasy",Movie,122900,Ant-Man (2015),100.0,100.0,0.75,MovieLens title nested inside Netflix title (likely different film)
s6173,Antar: Son of Shadad,2017,"Comedies, International Movies",Movie,109897,Son of God (2014),75.0,0.0,,"subset match, insufficient evidence (score 75, margin 75)"
s6174,Antariksha Ke Rakhwale,2018,Children & Family Movies,Movie,,,,,,no candidate
s6176,Antidote,2018,"Action & Adventure, Horror Movies",Movie,,,,,,no candidate
s6177,Anwar,2007,"Dramas, Independent Movies, International Movies",Movie,,,,,,no candidate
s6179,Apache Warrior,2017,Documentaries,Movie,,,,,,no candidate
s6180,APEX: The Story of the Hypercar,2016,Documentaries,Movie,,,,,,no candidate
s6182,April and the Extraordinary World,2015,"Action & Adventure, Comedies, International Movies",Movie,145080,Extraordinary Tales (2015),81.2,0.0,0.0,genre conflict
s6183,"Aram, Aram",2015,"Dramas, Independent Movies",Movie,,,,,,no candidate
s6184,Are We Done Yet?,2018,"Comedies, Dramas, International Movies",Movie,,,,,,year mismatch on exact title
s6185,Arisan 2,2011,"Comedies, Dramas, International Movies",Movie,,,,,,no candidate
s6187,Arthur Christmas,2011,"Children & Family Movies, Comedies",Movie,86293,Arthur (2011),100.0,100.0,0.0,genre conflict
s6190,Assimilate,2019,"Horror Movies, Sci-Fi & Fantasy, Thrillers",Movie,,,,,,no candidate
s6191,Asura: The City of Madness,2016,"Action & Adventure, Dramas, International Movies",Movie,,,,,,no candidate
s6192,At All Costs,2016,"Documentaries, Sports Movies",Movie,,,,,,no candidate
s6193,At First Light,2018,"Dramas, Sci-Fi & Fantasy",Movie,,,,,,no candidate
s6194,ATM,2012,"Comedies, International Movies, Romantic Movies",Movie,,,,,,no candidate
s6196,Attacking the Devil: Harold Evans and the Last Nazi War Crime,2014,"Documentaries, International Movies",Movie,,,,,,no candidate
s6197,Attitude Test,2016,"Comedies, Independent Movies, International Movies",Movie,,,,,,no candidate
s6198,Auschwitz: Blueprints of Genocide,1994,Documentaries,Movie,,,,,,no candidate
s6202,Avicii: True Stories,2017,"Documentaries, International Movies, Music & Musicals",Movie,,,,,,no candidate
s6203,Azhar,2016,"Dramas, International Movies, Sports Movies",Movie,,,,,,no candidate
s6204,B.A. Pass,2013,"Dramas, Independent Movies, International Movies",Movie,,,,,,no candidate
s6207,Bachelor Girls,2016,"Documentaries, International Movies",Movie,,,,,,no candidate
s6208,Back and Forth,2016,"Comedies, Dramas, International Movies",Movie,,,,,,no candidate
s6209,Backcountry,2014,"Horror Movies, Independent Movies, Thrillers",Movie,,,,,,no candidate
s6210,Backfire,2019,"Dramas, Independent Movies, Thrillers",Movie,,,,,,no candidate
s6211,Backtrack,2015,"Dramas, Thrillers",Movie,,,,,,no candidate
s6215,Bad Match,2017,Thrillers,Movie,,,,,,no candidate
s6216,Bad Rap,2016,"Documentaries, Music & Musicals",Movie,,,,,,no candidate
s6218,Badha,2006,"Dramas, International Movies",Movie,,,,,,no candidate
s6219,Badland,2019,Dramas,Movie,,,,,,no candidate
s6222,Balto 2: Wolf Quest,2001,Children & Family Movies,Movie,,,,,,no candidate
s6223,Balto 3: Wings of Change,2004,Children & Family Movies,Movie,,,,,,no candidate
s6224,Balu Mahi,2017,"International Movies, Romantic Movies",Movie,,,,,,no candidate
s6225,Bana Masal Anlatma,2015,"Comedies, International Movies, Romantic Movies",Movie,,,,,,no candidate
s6226,Band Aid,2017,"Comedies, Dramas, Independent Movies",Movie,,,,,,no candidate
s6227,Band of Robbers,2015,"Action & Adventure, Comedies, Independent Movies",Movie,,,,,,no candidate
s6228,Bang Rajan 2,2010,"Action & Adventure, International Movies",Movie,,,,,,no candidate
s6230,Bangkok Hell,2002,"Dramas, International Movies",Movie,,,,,,no candidate
s6231,Bangkok Traffic (Love) Story,2009,"Comedies, International Movies, Romantic Movies",Movie,,,,,,no candidate
s6232,Barça Dreams,2015,"Documentaries, International Movies, Sports Movies",Movie,,,,,,no candidate
s6233,Barah Aana,2009,"Dramas, International Movies",Movie,,,,,,no candidate
s6234,Barbecue,2017,"Documentaries, International Movies",Movie,,,,,,no candidate
s6235,Barbie & Her Sisters in a Pony Tale,2013,Children & Family Movies,Movie,106920,Her (2013),100.0,100.0,0.0,genre conflict
s6236,Barbie in A Mermaid Tale,2010,Children & Family Movies,Movie,,,,,,no candidate
s6237,Barbie in Princess Power,2015,Children & Family Movies,Movie,,,,,,no candidate
s6238,Barbie in Rock 'N Royals,2015,Children & Family Movies,Movie,,,,,,no candidate
s6239,Barbie Star Light Adventure,2016,Children & Family Movies,Movie,,,,,,no candidate
s6240,Barbie: A Fairy Secret,2010,Children & Family Movies,Movie,,,,,,no candidate
s6241,Barbie: Princess Charm School,2011,Children & Family Movies,Movie,,,,,,no candidate
s6242,Barbie: Spy Squad,2016,Children & Family Movies,Movie,134368,Spy (2015),100.0,0.0,0.0,genre conflict
s6243,Barbie: The Princess & the Popstar,2012,Children & Family Movies,Movie,72737,"Princess and the Frog, The (2009)",86.5,0.0,0.2,"subset match, insufficient evidence (score 86, margin 86)"
s6244,Barbie: Video Game Hero,2017,Children & Family Movies,Movie,171023,The Hero (2017),100.0,0.0,0.0,genre conflict
s6246,Barrio Universitario,2013,"Comedies, International Movies",Movie,,,,,,no candidate
s6247,Barsaat,1995,"Action & Adventure, International Movies, Music & Musicals",Movie,3677,Baraka (1992),76.9,0.0,0.0,genre conflict
s6252,Bathtubs Over Broadway,2018,"Documentaries, Music & Musicals",Movie,,,,,,no candidate
s6255,Bawarchi,1972,"Classic Movies, Comedies, Dramas",Movie,,,,,,no candidate
s6256,Bazaar,1982,"Dramas, Independent Movies, International Movies",Movie,,,,,,no candidate
s6257,Be Here Now,2015,Documentaries,Movie,,,,,,no candidate
s6258,Be Somebody,2016,"Comedies, Dramas, Romantic Movies",Movie,,,,,,no candidate
s6260,Beak & Brain: Genius Birds From Down Under,2013,"Documentaries, International Movies",Movie,160400,Genius (2016),100.0,0.0,0.0,genre conflict
s6261,Bean: The Ultimate Disaster Movie,1997,"Comedies, International Movies",Movie,1665,Bean (1997),100.0,0.0,,MovieLens title nested inside Netflix title (likely different film)
s6262,Beary Tales,2013,"Children & Family Movies, Documentaries, International Movies",Movie,,,,,,no candidate
s6268,Bebe's Kids,1992,Comedies,Movie,175,Kids (1995),100.0,100.0,,MovieLens title nested inside Netflix title (likely different film)
s6269,Because of Soccer,2008,"Comedies, Dramas, International Movies",Movie,,,,,,no candidate
s6270,Because We're Heading Out,2016,"Comedies, International Movies",Movie,,,,,,no candidate
s6273,Before the Flood,2016,Documentaries,Movie,,,,,,no candidate
s6274,"Behind ""The Cove"": The Quiet Japanese Speak Out",2015,"Documentaries, International Movies",Movie,,,,,,no candidate
s6275,Behind the Curtain: Todrick Hall,2017,"Documentaries, LGBTQ Movies, Music & Musicals",Movie,,,,,,no candidate
s6278,Beiimaan Love,2016,"Dramas, International Movies, Romantic Movies",Movie,140162,Love (2015),100.0,0.0,1.0,MovieLens title nested inside Netflix title (likely different film)
s6279,Being AP,2015,"Documentaries, International Movies, Sports Movies",Movie,96821,"Perks of Being a Wallflower, The (2012)",76.9,0.0,0.0,genre conflict
s6281,Below Her Mouth,2016,"Dramas, Independent Movies, International Movies",Movie,106920,Her (2013),100.0,0.0,0.33,MovieLens title nested inside Netflix title (likely different film)
s6283,Beneath the Leaves,2019,"Independent Movies, Thrillers",Movie,,,,,,no candidate
s6284,Benji: Off the Leash,2004,"Children & Family Movies, Dramas",Movie,,,,,,no candidate
s6285,Benji's Very Own Christmas Story,1978,Children & Family Movies,Movie,107013,"Christmas Carol, A (1977)",75.0,0.0,0.0,genre conflict
s6286,Berlin Kaplani,2012,"Comedies, International Movies, Sports Movies",Movie,,,,,,no candidate
s6287,"Berlin, I Love You",2019,"Dramas, International Movies, Romantic Movies",Movie,,,,,,no candidate
s6288,Best Neighbors,2014,"Comedies, International Movies",Movie,111113,Neighbors (2014),100.0,78.3,,MovieLens title nested inside Netflix title (likely different film)
s6290,Bewafaa,2005,"Dramas, International Movies, Romantic Movies",Movie,,,,,,no candidate
s6291,Bewildered Bolbol,2010,"Comedies, International Movies, Romantic Movies",Movie,,,,,,no candidate
s6293,Beyond All Boundaries,2013,"Documentaries, International Movies, Sports Movies",Movie,,,,,,no candidate
s6294,Beyond the Clouds,2018,"Dramas, Independent Movies, International Movies",Movie,,,,,,no candidate
s6297,Bhagam Bhag,2006,"Comedies, International Movies, Romantic Movies",Movie,,,,,,no candidate
s6298,Bheemayan,2018,Children & Family Movies,Movie,,,,,,no candidate
s6299,Bhool Bhulaiyaa,2007,"Dramas, International Movies, Thrillers",Movie,,,,,,no candidate
s6300,Bhoot,2003,"Horror Movies, International Movies, Thrillers",Movie,,,,,,no candidate
s6301,Bhouri,2017,"Dramas, Independent Movies, International Movies",Movie,,,,,,no candidate
s6303,Big Bear,2017,Comedies,Movie,,,,,,no candidate
s6307,Big Kill,2018,Action & Adventure,Movie,,,,,,no candidate
s6308,Big Time,2017,Documentaries,Movie,,,,,,no candidate
s6309,Bigger Fatter Liar,2017,"Children & Family Movies, Comedies",Movie,,,,,,no candidate
s6310,Biggie & Tupac,2002,"Documentaries, Music & Musicals",Movie,,,,,,no candidate
s6313,Billy Graham: An Extraordinary Journey,2018,"Documentaries, Faith & Spirituality",Movie,145080,Extraordinary Tales (2015),81.2,0.0,0.0,genre conflict
s6314,Bilu Rakkhosh,2017,"Dramas, International Movies",Movie,,,,,,no candidate
s6315,Bioscope,2015,"Dramas, International Movies, LGBTQ Movies",Movie,,,,,,no candidate
s6316,Birthmarked,2018,"Comedies, Independent Movies, International Movies",Movie,,,,,,no candidate
s6317,Bitch,2017,"Comedies, Dramas, Independent Movies",Movie,140267,The Witch (2015),80.0,0.0,0.0,genre conflict
s6318,Bitcoin Heist,2016,"Action & Adventure, Comedies, International Movies",Movie,,,,,,no candidate
s6321,Bittoo Boss,2012,"Comedies, Dramas, International Movies",Movie,,,,,,no candidate
s6322,Black & Privileged: Volume 1,2019,Dramas,Movie,,,,,,no candidate
s6325,Black Man White Skin,2015,"Documentaries, International Movies",Movie,,,,,,no candidate
s6327,Black Site Delta,2017,Action & Adventure,Movie,,,,,,no candidate
s6329,Black Snow,2017,"Dramas, International Movies, Thrillers",Movie,,,,,,no candidate
s6331,Blackway,2015,Thrillers,Movie,102993,"Way, Way Back, The (2013)",87.5,75.0,0.0,genre conflict
s6332,Blaze,2018,"Dramas, Independent Movies, Music & Musicals",Movie,,,,,,year mismatch on exact title
s6333,Bleed for This,2016,"Dramas, Sports Movies",Movie,,,,,,no candidate
s6334,Blinky Bill: The Movie,2015,Children & Family Movies,Movie,100083,Movie 43 (2013),76.9,0.0,0.0,genre conflict
s6335,Blockbuster,2017,"Comedies, Independent Movies, International Movies",Movie,133771,The Lobster (2015),77.8,0.0,,score 78 < 90
s6337,Blood Father,2016,"Action & Adventure, International Movies",Movie,,,,,,no candidate
s6346,Blurred Lines: Inside the Art World,2017,Documentaries,Movie,134853,Inside Out (2015),75.0,0.0,0.0,genre conflict
s6347,Bob Lazar: Area 51 & Flying Saucers,2018,Documentaries,Movie,,,,,,no candidate
s6349,Bob's Broken Sleigh,2015,Children & Family Movies,Movie,96373,Broken (2012),100.0,0.0,0.0,genre conflict
s6350,Bobbi Jene,2017,Documentaries,Movie,,,,,,no candidate
s6351,Bobby,1973,"Classic Movies, Dramas, International Movies",Movie,,,,,,year mismatch on exact title
s6352,Bobby Robson: More Than a Manager,2018,"Documentaries, International Movies, Sports Movies",Movie,,,,,,no candidate
s6353,Bobby Sands: 66 Days,2016,Documentaries,Movie,,,,,,no candidate
s6354,Bokeh,2017,"Dramas, Independent Movies, Sci-Fi & Fantasy",Movie,,,,,,no candidate
s6356,Bombshell: The Hedy Lamarr Story,2017,Documentaries,Movie,,,,,,no candidate
s6357,Bon Bini Holland,2015,"Comedies, International Movies",Movie,,,,,,no candidate
s6360,Boom,2003,"Action & Adventure, Dramas, International Movies",Movie,37380,Doom (2005),75.0,75.0,0.2,score 75 < 90
s6363,Born Strong,2017,"Documentaries, Sports Movies",Movie,,,,,,no candidate
s6364,Born to Be Free,2016,"Documentaries, International Movies",Movie,,,,,,no candidate
s6366,Bottom of the World,2017,"Dramas, Independent Movies, Thrillers",Movie,,,,,,no candidate
s6367,Boy and the World,2013,Children & Family Movies,Movie,86000,Boy (2010),100.0,78.6,0.0,genre conflict
s6368,Boy Bye,2016,"Comedies, Romantic Movies",Movie,,,,,,no candidate
s6370,Brampton's Own,2018,"Dramas, Romantic Movies, Sports Movies",Movie,,,,,,no candidate
s6371,Bratz: The Movie,2007,"Children & Family Movies, Comedies",Movie,148775,Wizards of Waverly Place: The Movie (2009),75.0,75.0,0.17,"subset match, insufficient evidence (score 75, margin 0)"
s6373,Brave New Jersey,2016,"Comedies, Independent Movies",Movie,,,,,,no candidate
s6375,Breaking Free,2015,"Documentaries, International Movies, LGBTQ Movies",Movie,98203,"Twilight Saga: Breaking Dawn - Part 2, The (2012)",76.2,0.0,0.0,genre conflict
s6376,Breath,2018,"Dramas, Sports Movies",Movie,,,,,,no candidate
s6378,Bring It On: Worldwide Showdown,2017,Comedies,Movie,175303,It (2017),100.0,0.0,,MovieLens title nested inside Netflix title (likely different film)
s6380,Brooklyn's Finest,2009,"Dramas, Thrillers",Movie,,,,,,no candidate
s6381,Brotherhood of Blades II: The Infernal Battlefield,2017,"Action & Adventure, International Movies",Movie,,,,,,no candidate
s6383,Bruno and Boots: Go Jump in the Pool,2016,"Children & Family Movies, Comedies",Movie,,,,,,no candidate
s6384,Bruno and Boots: The Wizzle War,2017,"Children & Family Movies, Comedies",Movie,,,,,,no candidate
s6385,Bruno and Boots: This Can't Be Happening at Macdonald Hall,2017,"Children & Family Movies, Comedies",Movie,,,,,,no candidate
s6387,Buffalo Boys,2018,"Action & Adventure, International Movies",Movie,,,,,,no candidate
s6388,Bugs,2016,"Documentaries, International Movies",Movie,,,,,,no candidate
s6389,Bullitt County,2018,"Independent Movies, Thrillers",Movie,,,,,,no candidate
s6392,Burlesque: Heart of the Glitter Tribe,2017,Documentaries,Movie,117466,In the Heart of the Sea (2015),77.4,0.0,0.0,genre conflict
s6393,Burning,2018,"Dramas, Independent Movies, International Movies",Movie,,,,,,no candidate
s6395,Bushwick,2017,"Action & Adventure, Independent Movies",Movie,,,,,,no candidate
s6397,Cézanne et moi,2016,"Dramas, Independent Movies, International Movies",Movie,,,,,,no candidate
s6398,Cabin Fever,2016,"Horror Movies, Thrillers",Movie,,,,,,year mismatch on exact title
s6400,Cahaya Dari Timur Beta Maluku,2014,"Dramas, International Movies, Sports Movies",Movie,,,,,,no candidate
s6401,Caida del Cielo,2016,"Comedies, International Movies, Romantic Movies",Movie,,,,,,no candidate
s6403,Cake,2018,"Comedies, Dramas, International Movies",Movie,,,,,,year mismatch on exact title
s6404,Calendar Girls,2015,"Dramas, International Movies",Movie,,,,,,year mismatch on exact title
s6406,Calico Critters: A Town of Dreams,2017,Children & Family Movies,Movie,,,,,,no candidate
s6407,Calico Critters: The Treasure of Calico Village,2017,Children & Family Movies,Movie,,,,,,no candidate
s6410,Camera Store,2016,"Comedies, Dramas",Movie,,,,,,no candidate
s6411,Camp Cool Kids,2017,"Children & Family Movies, Comedies, Dramas",Movie,,,,,,no candidate
s6416,Candyman,1992,"Cult Movies, Horror Movies",Movie,606,Candyman: Farewell to the Flesh (1995),100.0,100.0,0.5,"subset match, insufficient evidence (score 100, margin 0)"
s6418,Capital in the Twenty-First Century,2019,Documentaries,Movie,,,,,,no candidate
s6419,Cappuccino,2017,"Comedies, Dramas, International Movies",Movie,,,,,,no candidate
s6420,Cardboard Gangsters,2016,"Dramas, International Movies",Movie,,,,,,no candidate
s6422,Caregiver,2008,"Dramas, International Movies",Movie,,,,,,no candidate
s6425,Carriers,2009,"Horror Movies, Sci-Fi & Fantasy, Thrillers",Movie,,,,,,no candidate
s6426,Casa de mi Padre,2012,Comedies,Movie,,,,,,no candidate
s6429,Casino Tycoon,1992,"Action & Adventure, Dramas, International Movies",Movie,16,Casino (1995),100.0,0.0,0.25,MovieLens title nested inside Netflix title (likely different film)
s6430,Casino Tycoon 2,1992,"Action & Adventure, Dramas, International Movies",Movie,16,Casino (1995),100.0,0.0,0.25,MovieLens title nested inside Netflix title (likely different film)
s6433,Catching the Sun,2015,Documentaries,Movie,,,,,,no candidate
s6434,Cats & Dogs: The Revenge of Kitty Galore,2010,"Children & Family Movies, Comedies",Movie,,,,,,no candidate
s6435,Catwalk: Tales from the Cat Show Circuit,2018,"Documentaries, International Movies",Movie,,,,,,no candidate
s6436,Cave,2016,"Action & Adventure, International Movies, Thrillers",Movie,123947,Cake (2014),75.0,0.0,0.0,genre conflict
s6437,Celluloid Man,2012,"Documentaries, International Movies",Movie,,,,,,no candidate
s6439,Chaar Sahibzaade,2014,"Dramas, Faith & Spirituality, International Movies",Movie,,,,,,no candidate
s6440,Chal Dhar Pakad,2010,"Comedies, Dramas, International Movies",Movie,,,,,,no candidate
s6441,Chal Mere Bhai,2000,"Comedies, International Movies, Romantic Movies",Movie,,,,,,no candidate
s6442,Chalay Thay Saath,2017,"Comedies, Dramas, International Movies",Movie,,,,,,no candidate
s6443,Chandani: The Daughter of the Elephant Whisperer,2010,"Documentaries, International Movies",Movie,,,,,,no candidate
s6444,Change in the Air,2018,Dramas,Movie,,,,,,no candidate
s6445,Chaotic Love Poems,2016,"Dramas, International Movies, Romantic Movies",Movie,140162,Love (2015),100.0,0.0,1.0,MovieLens title nested inside Netflix title (likely different film)
s6446,Chappaquiddick,2017,Dramas,Movie,,,,,,no candidate
s6448,Charlie's Angels: Full Throttle,2003,"Action & Adventure, Comedies",Movie,3977,Charlie's Angels (2000),100.0,100.0,0.33,MovieLens title nested inside Netflix title (likely different film)
s6450,Chashme Buddoor,2013,"Comedies, International Movies, Music & Musicals",Movie,,,,,,no candidate
s6453,Chasing the Dragon,2017,"Action & Adventure, Dramas, International Movies",Movie,,,,,,no candidate
s6454,Chasing Trane,2016,"Documentaries, Music & Musicals",Movie,,,,,,no candidate
s6455,Chauthi Koot,2015,"Dramas, Independent Movies, International Movies",Movie,,,,,,no candidate
s6459,Chernobyl Diaries,2012,"Horror Movies, Thrillers",Movie,,,,,,no candidate
s6462,Chhota Bheem Aur Kaala Yodha,2018,Movies,Movie,,,,,,no candidate
s6463,Chhota Bheem Ka Romani Adventure,2018,Children & Family Movies,Movie,,,,,,no candidate
s6464,Chhota Bheem Ka Troll Se Takkar,2018,Movies,Movie,,,,,,no candidate
s6465,Chhota Bheem Kungfu Dhamaka,2019,Children & Family Movies,Movie,,,,,,no candidate
s6466,Chicken Kokkachi,2017,"Comedies, International Movies",Movie,,,,,,no candidate
s6468,Chief Daddy,2018,"Comedies, Dramas, International Movies",Movie,,,,,,no candidate
s6469,Child's Play,1988,"Cult Movies, Horror Movies",Movie,1993,Child's Play 3 (1991),100.0,100.0,0.33,"subset match, insufficient evidence (score 100, margin 0)"
s6471,China Salesman,2017,"Action & Adventure, International Movies",Movie,,,,,,no candidate
s6472,Chingo Bling: They Can't Deport Us All,2017,Stand-Up Comedy,Movie,,,,,,no candidate
s6473,Chittagong,2012,"Dramas, Independent Movies, International Movies",Movie,,,,,,no candidate
s6475,Chloe,2009,"Independent Movies, Thrillers",Movie,65126,Choke (2008),80.0,0.0,0.0,genre conflict
s6476,Chris Brown: Welcome to My Life,2017,"Documentaries, Music & Musicals",Movie,132800,Welcome to Me (2014),87.0,0.0,0.0,genre conflict
s6477,Christian Mingle,2014,"Comedies, Faith & Spirituality, Romantic Movies",Movie,,,,,,no candidate
s6479,Christmas Crush,2012,"Comedies, Romantic Movies",Movie,72294,"Christmas Carol, A (2009)",80.0,77.4,0.0,genre conflict
s6480,Christmas in the Smokies,2015,"Children & Family Movies, Dramas, Romantic Movies",Movie,,,,,,no candidate
s6482,Christopher Robin,2018,"Children & Family Movies, Comedies, Dramas",Movie,,,,,,no candidate
s6483,Chronicle of an Escape,2006,"Dramas, International Movies, Thrillers",Movie,,,,,,no candidate
s6485,Chupan Chupai,2017,"Comedies, International Movies",Movie,,,,,,no candidate
s6486,Chupke Chupke,1975,"Classic Movies, Comedies, International Movies",Movie,,,,,,no candidate
s6490,City of Tiny Lights,2016,"Dramas, International Movies, Thrillers",Movie,160571,Lights Out (2016),75.0,0.0,0.0,genre conflict
s6492,Clarence Clemons: Who Do I Think I Am?,2019,"Documentaries, Music & Musicals",Movie,,,,,,no candidate
s6494,Class of '61,1993,Dramas,Movie,,,,,,no candidate
s6495,Class Rank,2018,Comedies,Movie,,,,,,no candidate
s6497,Cleopatra Jones,1973,"Action & Adventure, Classic Movies",Movie,,,,,,no candidate
s6500,Clive Davis: The Soundtrack of Our Lives,2017,"Documentaries, Music & Musicals",Movie,,,,,,no candidate
s6501,Closed Circuit,2013,"Dramas, Thrillers",Movie,,,,,,no candidate
s6503,Clouds of Sils Maria,2014,"Dramas, International Movies",Movie,,,,,,no candidate
s6512,Code Name: The Cleaner,2007,"Action & Adventure, Comedies",Movie,,,,,,no candidate
s6513,Coffee with D,2017,"Comedies, Independent Movies, International Movies",Movie,,,,,,no candidate
s6516,Colkatay Columbus,2016,"Comedies, Dramas, Independent Movies",Movie,,,,,,no candidate
s6518,Colours of Passion,2008,"Dramas, International Movies",Movie,,,,,,no candidate
s6519,Come and Find Me,2016,"Dramas, Thrillers",Movie,,,,,,no candidate
s6522,Command and Control,2017,Documentaries,Movie,,,,,,no candidate
s6523,Company,2002,"Action & Adventure, Dramas, International Movies",Movie,4156,Company Man (2000),100.0,100.0,0.0,genre conflict
s6524,Compulsion,2016,"Dramas, Thrillers",Movie,,,,,,no candidate
s6526,Concrete Football,2016,"Documentaries, International Movies, Sports Movies",Movie,,,,,,no candidate
s6528,Conjuring Spirit,2014,"Horror Movies, International Movies, Thrillers",Movie,103688,"Conjuring, The (2013)",100.0,90.0,1.0,MovieLens title nested inside Netflix title (likely different film)
s6529,Conor McGregor: Notorious,2017,"Documentaries, Sports Movies",Movie,,,,,,no candidate
s6530,Consequences ,2014,"Dramas, International Movies, Thrillers",Movie,,,,,,no candidate
s6531,Contract,2008,"Action & Adventure, Dramas, Independent Movies",Movie,,,,,,no candidate
s6532,Convict,2014,"Dramas, International Movies",Movie,,,,,,no candidate
s6535,Cop and a Half: New Recruit,2017,"Children & Family Movies, Comedies",Movie,,,,,,no candidate
s6536,Cop Watchers,2016,"Documentaries, International Movies",Movie,,,,,,no candidate
s6538,Counterfeiting in Suburbia,2018,"Dramas, Thrillers",Movie,,,,,,no candidate
s6540,Covered: Alive in Asia,2016,"Documentaries, Faith & Spirituality, Music & Musicals",Movie,,,,,,no candidate
s6542,CRD,2016,"Comedies, Dramas, Independent Movies",Movie,146656,Creed (2015),75.0,0.0,1.0,score 75 < 90
s6545,Cult of Chucky,2017,Horror Movies,Movie,,,,,,no candidate
s6546,Cutie and the Boxer,2013,Documentaries,Movie,,,,,,no candidate
s6547,Daagdi Chaawl,2015,"Action & Adventure, Dramas, International Movies",Movie,,,,,,no candidate
s6548,Dabbe 6: The Return,2015,"Horror Movies, International Movies",Movie,,,,,,no candidate
s6549,Dad,1989,Dramas,Movie,49110,Mom and Dad Save the World (1992),100.0,100.0,0.0,genre conflict
s6552,Daddy Issues,2019,"Dramas, Independent Movies, LGBTQ Movies",Movie,,,,,,no candidate
s6553,Daemonium,2015,"Action & Adventure, Horror Movies, International Movies",Movie,,,,,,no candidate
s6554,Daffedar,2017,"Dramas, International Movies",Movie,,,,,,no candidate
s6555,Dagh Ujala,2015,"Dramas, Independent Movies, International Movies",Movie,,,,,,no candidate
s6558,Dance Academy: The Comeback,2017,"Dramas, International Movies",Movie,,,,,,no candidate
s6559,Dancing Quietly,2016,"Dramas, Independent Movies, International Movies",Movie,,,,,,no candidate
s6562,Danny Says,2015,"Documentaries, Music & Musicals",Movie,,,,,,no candidate
s6564,Dare to Be Wild,2015,"Dramas, Independent Movies, Romantic Movies",Movie,118900,Wild (2014),100.0,0.0,0.5,MovieLens title nested inside Netflix title (likely different film)
s6565,Dark Chocolate (Bengali Version),2016,"Dramas, International Movies, Thrillers",Movie,,,,,,no candidate
s6566,Dark Crimes,2016,"Dramas, Thrillers",Movie,100810,Dark Skies (2013),76.2,0.0,0.25,"subset match, insufficient evidence (score 76, margin 76)"
s6568,Darna Mana Hai,2003,"Horror Movies, International Movies, Thrillers",Movie,,,,,,no candidate
s6570,Darra,2016,"Dramas, International Movies",Movie,,,,,,no candidate
s6574,Dayveon,2017,"Dramas, Independent Movies",Movie,,,,,,no candidate
s6575,De Film van Dylan Haegens,2018,"Comedies, International Movies",Movie,,,,,,no candidate
s6576,De Palma,2015,Documentaries,Movie,,,,,,no candidate
s6577,Dead in a Week (Or Your Money Back),2018,Comedies,Movie,,,,,,no candidate
s6578,Deadline: Sirf 24 Ghante,2006,"Independent Movies, International Movies, Thrillers",Movie,,,,,,no candidate
s6579,Deadly Scholars,2018,"Dramas, Thrillers",Movie,,,,,,no candidate
s6580,Dean,2016,"Comedies, Dramas, Independent Movies",Movie,113313,"Den, The (2013)",85.7,75.0,0.0,genre conflict
s6581,Dear Dad,2016,"Comedies, Dramas, Independent Movies",Movie,,,,,,no candidate
s6582,Dear Dracula,2012,"Children & Family Movies, Comedies",Movie,,,,,,no candidate
s6583,Dear Santa,2011,"Comedies, Romantic Movies",Movie,,,,,,no candidate
s6585,Death House,2017,Horror Movies,Movie,174815,The House (2017),100.0,76.2,0.0,genre conflict
s6586,Deathgrip,2017,"International Movies, Sports Movies",Movie,,,,,,no candidate
s6589,Deewangee,2002,"International Movies, Thrillers",Movie,,,,,,no candidate
s6590,Defying the Nazis: The Sharps' War,2016,Documentaries,Movie,,,,,,no candidate
s6591,Delirium,2018,"Horror Movies, Thrillers",Movie,,,,,,year mismatch on exact title
s6592,Democrats,2014,"Documentaries, International Movies",Movie,,,,,,no candidate
s6593,Den of Thieves,2018,Action & Adventure,Movie,,,,,,no candidate
s6594,Denis Leary: No Cure For Cancer,1992,Stand-Up Comedy,Movie,219,"Cure, The (1995)",100.0,100.0,0.0,genre conflict
s6595,Desolate,2018,"Dramas, Thrillers",Movie,,,,,,no candidate
s6596,Desolation,2017,"Horror Movies, Thrillers",Movie,142222,Demolition (2016),80.0,0.0,0.0,genre conflict
s6597,Detention Letter,2017,"Action & Adventure, International Movies",Movie,,,,,,no candidate
s6598,Detour,2016,Thrillers,Movie,,,,,,year mismatch on exact title
s6599,Deviant Love,2019,Thrillers,Movie,,,,,,no candidate
s6600,Devil's Bride,2016,"Dramas, International Movies",Movie,,,,,,no candidate
s6601,Devil's Gate,2017,"Horror Movies, Sci-Fi & Fantasy, Thrillers",Movie,,,,,,no candidate
s6603,Devrai,2004,"Dramas, International Movies",Movie,,,,,,no candidate
s6605,Dhamaal,2007,"Action & Adventure, Comedies, International Movies",Movie,,,,,,no candidate
s6606,Di Renjie zhi Sidatianwang,2018,"Action & Adventure, International Movies, Sci-Fi & Fantasy",Movie,,,,,,no candidate
s6607,Diana: 7 Days That Shook the World,2017,Documentaries,Movie,,,,,,no candidate
s6608,Diana: In Her Own Words,2017,"Documentaries, International Movies",Movie,,,,,,no candidate
s6609,Diary of a Chambermaid,2015,"Dramas, International Movies",Movie,,,,,,no candidate
s6611,Dil Hai Tumhaara,2002,"Dramas, International Movies, Music & Musicals",Movie,,,,,,no candidate
s6615,Disciples Of The 36th Chamber,1985,"Action & Adventure, International Movies",Movie,,,,,,no candidate
s6616,Discovering Bigfoot,2017,Documentaries,Movie,,,,,,no candidate
s6617,Dismissed,2017,Thrillers,Movie,,,,,,no candidate
s6621,Dog Eat Dog,2016,"Dramas, Thrillers",Movie,,,,,,no candidate
s6622,Dolphin Kick,2019,Children & Family Movies,Movie,,,,,,no candidate
s6623,Dolphin Tale 2,2014,"Children & Family Movies, Dramas",Movie,,,,,,no candidate
s6624,Domino,2019,"International Movies, Thrillers",Movie,,,,,,year mismatch on exact title
s6625,Don Quixote: The Ingenious Gentleman of La Mancha,2015,"Comedies, Independent Movies",Movie,,,,,,no candidate
s6626,Don Verdean,2015,Comedies,Movie,,,,,,no candidate
s6628,Don't Crack Under Pressure,2015,"Action & Adventure, Documentaries, International Movies",Movie,,,,,,no candidate
s6629,Don't Crack Under Pressure II,2016,"Action & Adventure, Documentaries, International Movies",Movie,,,,,,no candidate
s6630,Don't Crack Under Pressure III,2017,"Action & Adventure, Documentaries, International Movies",Movie,,,,,,no candidate
s6631,Don't Knock Twice,2016,"Horror Movies, International Movies",Movie,142074,Knock Knock (2015),100.0,0.0,0.33,MovieLens title nested inside Netflix title (likely different film)
s6632,Don't Look Down,2016,"Documentaries, International Movies",Movie,,,,,,no candidate
s6633,Don't Think Twice,2016,"Comedies, Dramas, Independent Movies",Movie,,,,,,no candidate
s6637,Doubles Cause Troubles,1989,"Action & Adventure, Comedies, International Movies",Movie,117630,Double Trouble (1992),77.8,0.0,0.2,score 78 < 90
s6639,Down The Fence,2017,Documentaries,Movie,,,,,,no candidate
s6640,Dr. Seuss' The Cat in the Hat,2003,"Children & Family Movies, Comedies",Movie,6951,"Cat in the Hat, The (2003)",100.0,75.0,0.5,MovieLens title nested inside Netflix title (likely different film)
s6641,Dr. Seuss' The Grinch,2018,"Children & Family Movies, Comedies",Movie,,,,,,no candidate
s6645,Dragonheart: Battle for the Heartfire,2017,"Action & Adventure, Sci-Fi & Fantasy",Movie,,,,,,no candidate
s6646,Dragonkala Ka Rahasya,2018,Children & Family Movies,Movie,,,,,,no candidate
s6648,Dream Big: Engineering Our World,2017,Documentaries,Movie,,,,,,no candidate
s6649,Dream Boat,2017,"Documentaries, International Movies, LGBTQ Movies",Movie,,,,,,no candidate
s6650,Dries,2017,"Documentaries, International Movies",Movie,,,,,,no candidate
s6651,Driven to Dance,2018,Dramas,Movie,,,,,,no candidate
s6654,Dukhtar,2014,"Dramas, Independent Movies, International Movies",Movie,,,,,,no candidate
s6655,Dum,2003,"Action & Adventure, Dramas, International Movies",Movie,35015,Duma (2005),85.7,75.0,0.67,score 86 < 90
s6657,E-Cigarettes: Miracle or Menace?,2016,Documentaries,Movie,,,,,,no candidate
s6658,Earth to Echo,2014,"Children & Family Movies, Sci-Fi & Fantasy",Movie,,,,,,no candidate
s6662,East Side Sushi,2015,Dramas,Movie,,,,,,no candidate
s6667,Eeda,2018,"Dramas, International Movies, Romantic Movies",Movie,,,,,,no candidate
s6668,Eh Janam Tumhare Lekhe,2015,"Dramas, International Movies",Movie,,,,,,no candidate
s6669,Ek Cup Chya,2009,"Dramas, Independent Movies, International Movies",Movie,,,,,,no candidate
s6670,Ek Hasina Thi,2004,"Dramas, International Movies, Thrillers",Movie,,,,,,no candidate
s6671,El último testigo,2012,Action & Adventure,Movie,,,,,,no candidate
s6676,El Che,2017,"Documentaries, International Movies",Movie,,,,,,no candidate
s6678,El fin de ETA,2017,"Documentaries, International Movies",Movie,,,,,,no candidate
s6680,El Viaje: Márama y Rombai,2016,"Children & Family Movies, Documentaries, International Movies",Movie,,,,,,no candidate
s6681,Elephants Dream 4 Hour,2006,"International Movies, Sci-Fi & Fantasy",Movie,,,,,,no candidate
s6682,Elizabeth at 90: A Family Tribute,2016,Documentaries,Movie,104925,"Family, The (2013)",100.0,0.0,0.0,genre conflict
s6683,Elizabeth Harvest,2019,"Dramas, Sci-Fi & Fantasy",Movie,,,,,,no candidate
s6684,Elles étaient en guerre (1914-1918),2014,"Documentaries, International Movies",Movie,,,,,,no candidate
s6685,Elles étaient en guerre 1939-1945,2015,"Documentaries, International Movies",Movie,,,,,,no candidate
s6686,Elles ont toutes une histoire,2016,"Documentaries, International Movies",Movie,,,,,,no candidate
s6687,Elstree 1976,2015,Documentaries,Movie,,,,,,no candidate
s6688,Emelie,2016,"Horror Movies, Thrillers",Movie,,,,,,no candidate
s6689,Emma' (Mother),2016,"Dramas, International Movies",Movie,176419,Mother! (2017),100.0,0.0,0.25,MovieLens title nested inside Netflix title (likely different film)
s6690,Emo the Musical,2016,"Dramas, International Movies, Music & Musicals",Movie,,,,,,no candidate
s6692,Empire of Scents,2014,"Documentaries, International Movies",Movie,,,,,,no candidate
s6695,Encounter: The Killing,2002,"Dramas, Independent Movies, International Movies",Movie,,,,,,no candidate
s6697,End of Watch,2012,Action & Adventure,Movie,95720,"Watch, The (2012)",100.0,100.0,0.0,genre conflict
s6700,Enlighten Us,2016,Documentaries,Movie,,,,,,no candidate
s6701,Entanglement,2018,"Dramas, Independent Movies, Romantic Movies",Movie,,,,,,no candidate
s6703,Equals,2015,"Dramas, Romantic Movies, Sci-Fi & Fantasy",Movie,128366,Patton Oswalt: Tragedy Plus Comedy Equals Time (2014),100.0,0.0,0.0,genre conflict
s6705,"Escape from the ""Liberty"" Cinema",1990,"Comedies, Dramas, Independent Movies",Movie,2751,From the Hip (1987),80.0,0.0,0.5,"subset match, insufficient evidence (score 80, margin 80)"
s6706,Esperando La Carroza,1985,"Comedies, Cult Movies, International Movies",Movie,,,,,,no candidate
s6707,Estar o no estar,2016,"Dramas, International Movies, Romantic Movies",Movie,,,,,,no candidate
s6708,Ethirmarai,2018,"International Movies, Music & Musicals, Thrillers",Movie,,,,,,no candidate
s6709,Euphoria,2018,"Dramas, International Movies, LGBTQ Movies",Movie,,,,,,no candidate
s6713,Every Time I Die,2019,"Dramas, Independent Movies, Thrillers",Movie,,,,,,no candidate
s6714,Everybody Knows,2019,"Dramas, International Movies, Thrillers",Movie,156371,Everybody Wants Some (2016),75.0,0.0,0.0,genre conflict
s6721,Exit Afghanistan,2013,"Documentaries, International Movies",Movie,,,,,,no candidate
s6722,Exit Strategy,2012,"Comedies, Romantic Movies",Movie,,,,,,no candidate
s6724,Expo,2019,"Action & Adventure, Dramas, Independent Movies",Movie,,,,,,no candidate
s6726,Eyyvah Eyyvah,2010,"Comedies, International Movies",Movie,,,,,,no candidate
s6727,Eyyvah Eyyvah 2,2011,"Comedies, International Movies, Romantic Movies",Movie,,,,,,no candidate
s6728,Eyyvah Eyyvah 3,2014,"Comedies, International Movies",Movie,,,,,,no candidate
s6730,F the Prom,2017,"Comedies, Romantic Movies",Movie,,,,,,no candidate
s6731,Face 2 Face,2017,"Dramas, Independent Movies",Movie,136654,The Face of an Angel (2015),80.0,0.0,1.0,"subset match, insufficient evidence (score 80, margin 80)"
s6734,Fakta Ladh Mhana,2011,"Action & Adventure, Dramas, International Movies",Movie,,,,,,no candidate
s6735,Fall Girls,2019,Comedies,Movie,,,,,,no candidate
s6737,Familiye,2017,"Dramas, Independent Movies, International Movies",Movie,,,,,,no candidate
s6738,Famous in Ahmedabad,2015,"Documentaries, International Movies",Movie,,,,,,no candidate
s6739,Fanatic,2019,Thrillers,Movie,,,,,,no candidate
s6740,Fandry,2014,"Dramas, Independent Movies, International Movies",Movie,,,,,,no candidate
s6741,Farce,2017,"Comedies, International Movies",Movie,,,,,,no candidate
s6744,Fear and Loathing in Las Vegas,1998,"Comedies, Cult Movies, Dramas",Movie,662,Fear (1996),100.0,100.0,0.0,genre conflict
s6746,Feel Rich,2017,Documentaries,Movie,,,,,,no candidate
s6748,Fifty,2015,"Dramas, International Movies",Movie,125916,Fifty Shades of Grey (2015),100.0,100.0,0.5,"subset match, insufficient evidence (score 100, margin 0)"
s6749,Figaro Pho,2008,"Children & Family Movies, Comedies",Movie,,,,,,no candidate
s6750,Figures of Speech,2016,Documentaries,Movie,,,,,,no candidate
s6752,Filmworker,2017,Documentaries,Movie,,,,,,no candidate
s6753,Filosofi Kopi The Movie,2015,"Dramas, International Movies",Movie,100083,Movie 43 (2013),76.9,0.0,0.0,genre conflict
s6755,Final Destination 2,2003,"Horror Movies, Thrillers",Movie,3409,Final Destination (2000),100.0,100.0,0.33,MovieLens title nested inside Netflix title (likely different film)
s6757,Fire at Sea,2016,"Documentaries, International Movies",Movie,,,,,,no candidate
s6759,First Impression,2018,"Comedies, Romantic Movies",Movie,,,,,,no candidate
s6760,First Kill,2017,Action & Adventure,Movie,,,,,,no candidate
s6761,FirstBorn,2016,"Horror Movies, International Movies",Movie,,,,,,no candidate
s6762,Fishpeople,2017,"Documentaries, Sports Movies",Movie,,,,,,no candidate
s6763,Fishtail,2015,Documentaries,Movie,,,,,,no candidate
s6765,Fittest in Dubai,2019,"Documentaries, International Movies, Sports Movies",Movie,,,,,,no candidate
s6768,Flash of Genius,2008,Dramas,Movie,,,,,,no candidate
s6769,Flimflam,2016,"Comedies, International Movies",Movie,,,,,,no candidate
s6770,Flock of Four,2018,"Dramas, Independent Movies, Music & Musicals",Movie,,,,,,no candidate
s6772,Flying Guillotine 2,1978,"Action & Adventure, International Movies",Movie,7899,Master of the Flying Guillotine (Du bi quan wang da po xue di zi) (1975),94.4,0.0,0.5,"subset match, insufficient evidence (score 94, margin 94)"
s6773,Follow Me,2017,"Documentaries, International Movies",Movie,,,,,,no candidate
s6776,Footprints: The Path of Your Life,2015,"Documentaries, Faith & Spirituality, International Movies",Movie,97938,Life of Pi (2012),82.4,0.0,0.0,genre conflict
s6777,For Colored Girls,2010,Dramas,Movie,,,,,,no candidate
s6778,For Grace,2015,Documentaries,Movie,,,,,,no candidate
s6779,For Greater Glory,2012,"Dramas, International Movies",Movie,,,,,,no candidate
s6780,For Love or Money,2019,Comedies,Movie,,,,,,year mismatch on exact title
s6781,For the Birds,2018,Documentaries,Movie,,,,,,year mismatch on exact title
s6782,For the Love of Benji,1977,Children & Family Movies,Movie,3672,Benji (1974),100.0,100.0,0.5,MovieLens title nested inside Netflix title (likely different film)
s6784,Forbidden Games: The Justin Fashanu Story,2017,"Documentaries, International Movies, LGBTQ Movies",Movie,,,,,,no candidate
s6787,Forever Chape,2018,"Documentaries, International Movies, Sports Movies",Movie,,,,,,no candidate
s6788,Forever Pure,2016,"Documentaries, International Movies, Sports Movies",Movie,,,,,,no candidate
s6790,Forks Over Knives,2011,Documentaries,Movie,,,,,,no candidate
s6797,Freak Show,2018,"Comedies, Dramas, Independent Movies",Movie,,,,,,no candidate
s6798,Fred Claus,2007,"Children & Family Movies, Comedies",Movie,,,,,,no candidate
s6799,Free Willy,1993,"Children & Family Movies, Dramas",Movie,169,Free Willy 2: The Adventure Home (1995),100.0,100.0,0.67,"subset match, insufficient evidence (score 100, margin 0)"
s6800,Freeway: Crack in the System,2015,Documentaries,Movie,,,,,,no candidate
s6801,Freezer's Campaign,2016,"Comedies, International Movies",Movie,107962,Freezer (2014),100.0,0.0,,MovieLens title nested inside Netflix title (likely different film)
s6802,French Dirty,2015,"Dramas, Independent Movies",Movie,164647,Dirty 30 (2016),76.9,0.0,0.0,genre conflict
s6803,Freshman Year,2019,"Dramas, Faith & Spirituality",Movie,,,,,,no candidate
s6806,Friend Request,2016,"Horror Movies, International Movies",Movie,,,,,,no candidate
s6808,From Japan to Egypt,2017,"Children & Family Movies, Comedies, Dramas",Movie,,,,,,no candidate
s6810,Froning: The Fittest Man in History,2016,"Documentaries, International Movies, Sports Movies",Movie,,,,,,no candidate
s6812,Frozen Planet: On Thin Ice,2011,Movies,Movie,106696,Frozen (2013),100.0,100.0,,MovieLens title nested inside Netflix title (likely different film)
s6813,Frozen Planet: The Epic Journey,2011,Movies,Movie,106696,Frozen (2013),100.0,100.0,,MovieLens title nested inside Netflix title (likely different film)
s6815,Full Out,2015,"Children & Family Movies, Dramas, Sports Movies",Movie,,,,,,no candidate
s6816,Functional Fitness,2016,Documentaries,Movie,,,,,,no candidate
s6817,Furie,2019,"Action & Adventure, Dramas, International Movies",Movie,,,,,,no candidate
s6818,Furthest Witness,2017,"Dramas, Thrillers",Movie,,,,,,no candidate
s6820,Gabriel and the Mountain,2017,"Dramas, Independent Movies, International Movies",Movie,,,,,,no candidate
s6822,Gagarin: First in Space,2013,"Dramas, International Movies",Movie,,,,,,no candidate
s6824,Galih dan Ratna,2017,"Dramas, International Movies, Romantic Movies",Movie,,,,,,no candidate
s6829,Garuda Di Dadaku,2009,"Children & Family Movies, Dramas, Sports Movies",Movie,,,,,,no candidate
s6830,Garuda in My Heart 2,2011,"Children & Family Movies, Dramas, Sports Movies",Movie,,,,,,no candidate
s6831,Gehenna: Where Death Lives,2016,"Horror Movies, Thrillers",Movie,,,,,,no candidate
s6832,Gelo,2016,"Dramas, International Movies",Movie,,,,,,no candidate
s6833,Gemini,2018,Dramas,Movie,,,,,,no candidate
s6834,Gender Revolution: A Journey with Katie Couric,2017,"Documentaries, LGBTQ Movies",Movie,,,,,,no candidate
s6838,George of the Jungle 2,2003,"Children & Family Movies, Comedies",Movie,6158,"Jungle Book 2, The (2003)",76.2,0.0,0.5,"subset match, insufficient evidence (score 76, margin 76)"
s6841,Get Santa,2014,"Children & Family Movies, Comedies",Movie,,,,,,no candidate
s6844,Getting Played,2005,"Comedies, Romantic Movies",Movie,,,,,,no candidate
s6845,Ghayal,1990,"Action & Adventure, Dramas, International Movies",Movie,,,,,,no candidate
s6846,Ghost House,2017,Horror Movies,Movie,174815,The House (2017),100.0,0.0,0.0,genre conflict
s6849,Ghost Tears,2014,"Action & Adventure, Anime Features, International Movies",Movie,160080,Ghostbusters (2016),78.3,0.0,0.17,score 78 < 90
s6852,Ghulam-E-Musthafa,1997,"Action & Adventure, Dramas, International Movies",Movie,,,,,,no candidate
s6853,Gie,2005,"Dramas, International Movies",Movie,,,,,,no candidate
s6855,Ginger & Rosa,2012,"Dramas, Independent Movies",Movie,,,,,,no candidate
s6856,"Girl, Boy, Bakla, Tomboy",2013,"Comedies, International Movies",Movie,86000,Boy (2010),100.0,100.0,,MovieLens title nested inside Netflix title (likely different film)
s6859,God Bless the Broken Road,2018,"Children & Family Movies, Dramas, Faith & Spirituality",Movie,,,,,,no candidate
s6860,God Knows Where I Am,2016,Documentaries,Movie,,,,,,no candidate
s6861,God of War,2017,"Action & Adventure, International Movies",Movie,109897,Son of God (2014),75.0,75.0,0.0,genre conflict
s6863,God's Not Dead: A Light in Darkness,2018,"Dramas, Faith & Spirituality",Movie,,,,,,no candidate
s6864,God's Own Country,2017,"Dramas, Independent Movies, International Movies",Movie,,,,,,no candidate
s6865,Gol Maal,1979,"Classic Movies, Comedies, International Movies",Movie,,,,,,no candidate
s6866,Golden Time,2013,"International Movies, Sci-Fi & Fantasy",Movie,,,,,,no candidate
s6868,Goldie,2019,Dramas,Movie,,,,,,no candidate
s6870,Goldstone,2016,Thrillers,Movie,,,,,,no candidate
s6871,Golmaal: Fun Unlimited,2006,"Comedies, International Movies",Movie,135777,Golmaal (2006),100.0,0.0,,MovieLens title nested inside Netflix title (likely different film)
s6873,Gone are the Days,2018,Independent Movies,Movie,,,,,,no candidate
s6875,Good Kids,2016,"Comedies, Independent Movies",Movie,,,,,,no candidate
s6876,Good Kill,2014,Dramas,Movie,,,,,,no candidate
s6877,Good Kisser,2019,"Comedies, Dramas, Independent Movies",Movie,,,,,,no candidate
s6878,Good Luck,2012,"Dramas, International Movies",Movie,,,,,,no candidate
s6880,Good People,2014,"Action & Adventure, Thrillers",Movie,,,,,,no candidate
s6882,Gook,2017,"Dramas, Independent Movies",Movie,,,,,,no candidate
s6884,Goosebumps 2: Haunted Halloween,2018,"Children & Family Movies, Comedies",Movie,144620,Goosebumps (2015),100.0,0.0,0.0,genre conflict
s6888,Gour Hari Dastaan: The Freedom File,2015,"Dramas, Independent Movies, International Movies",Movie,,,,,,no candidate
s6892,Grand Masti,2013,"Comedies, International Movies, Music & Musicals",Movie,,,,,,no candidate
s6893,Grass,2017,"Comedies, Independent Movies",Movie,,,,,,year mismatch on exact title
s6897,Green Room,2015,"Horror Movies, Thrillers",Movie,140174,Room (2015),100.0,100.0,0.0,genre conflict
s6898,Green White Green (And All the Beautiful Colours in My Mosaic of Madness),2016,"Comedies, Independent Movies, International Movies",Movie,,,,,,no candidate
s6899,Gringo: The Dangerous Life of John McAfee,2016,Documentaries,Movie,,,,,,no candidate
s6900,Growing Up Coy,2016,"Documentaries, LGBTQ Movies",Movie,,,,,,no candidate
s6901,Gun Runners,2015,"Documentaries, International Movies, Sports Movies",Movie,105351,Runner Runner (2013),75.0,0.0,0.0,genre conflict
s6903,Guy Martin: Last Flight of the Vulcan Bomber,2015,"Documentaries, International Movies",Movie,97923,Flight (2012),100.0,0.0,0.0,genre conflict
s6904,Héroes,2015,"Comedies, International Movies",Movie,103233,LEGO Batman: The Movie - DC Heroes Unite (2013),100.0,100.0,,"subset match, insufficient evidence (score 100, margin 0)"
s6905,Hükümet Kadin,2013,"Comedies, International Movies",Movie,,,,,,no candidate
s6906,Hükümet Kadin 2,2013,"Comedies, International Movies",Movie,,,,,,no candidate
s6908,Haapus,2010,"Comedies, Dramas, International Movies",Movie,,,,,,no candidate
s6909,Hadi İnşallah,2014,"Comedies, International Movies, Romantic Movies",Movie,,,,,,no candidate
s6911,HALO Legends,2009,"Action & Adventure, Anime Features, Sci-Fi & Fantasy",Movie,,,,,,no candidate
s6912,Halo: The Fall of Reach,2015,"Action & Adventure, Sci-Fi & Fantasy",Movie,,,,,,no candidate
s6913,Hamara Dil Aapke Paas Hai,2000,"Dramas, International Movies, Music & Musicals",Movie,,,,,,no candidate
s6915,Hamza's Suitcase,2017,"Comedies, International Movies",Movie,,,,,,no candidate
s6916,Hangman,2017,Thrillers,Movie,,,,,,no candidate
s6917,Hank: Five Years from the Brink,2013,Documentaries,Movie,128832,The Last Five Years (2014),80.0,76.9,0.0,genre conflict
s6919,Hans Zimmer: Live in Prague,2017,"International Movies, Music & Musicals",Movie,,,,,,no candidate
s6921,Happy Hunting,2017,"Horror Movies, Independent Movies",Movie,,,,,,no candidate
s6922,Happy Times,2014,"Comedies, International Movies, Romantic Movies",Movie,,,,,,no candidate
s6925,Hard Tide,2015,"Dramas, Independent Movies",Movie,101884,Dark Tide (2012),77.8,0.0,0.33,score 78 < 90
s6927,Harlem Globetrotters: The Team That Changed the World,2005,"Documentaries, Sports Movies",Movie,,,,,,no candidate
s6930,Harold and Lillian: A Hollywood Love Story,2015,Documentaries,Movie,140162,Love (2015),100.0,0.0,0.0,genre conflict
s6932,Harriet the Spy: Blog Wars,2010,"Children & Family Movies, Comedies",Movie,,,,,,no candidate
s6934,Harry and Snowman,2015,"Documentaries, Sports Movies",Movie,,,,,,no candidate
s6935,Harry Benson: Shoot First,2016,Documentaries,Movie,,,,,,no candidate
s6937,Haseena Maan Jaayegi,1999,"Action & Adventure, Comedies, Dramas",Movie,,,,,,no candidate
s6939,Haunters: The Art of the Scare,2017,"Documentaries, Horror Movies",Movie,,,,,,no candidate
s6940,Haunting on Fraternity Row,2018,"Horror Movies, Independent Movies",Movie,,,,,,no candidate
s6941,Have You Seen the Listers?,2017,"Documentaries, International Movies",Movie,,,,,,no candidate
s6943,Havenhurst,2016,"Horror Movies, Thrillers",Movie,,,,,,no candidate
s6945,He Named Me Malala,2015,Documentaries,Movie,,,,,,no candidate
s6946,He's Out There,2018,"Horror Movies, Thrillers",Movie,,,,,,no candidate
s6947,Head Count,2018,"Horror Movies, Independent Movies",Movie,,,,,,no candidate
s6949,Heal,2017,Documentaries,Movie,,,,,,no candidate
s6951,Heartthrob,2017,Thrillers,Movie,,,,,,no candidate
s6953,Hedgehogs,2016,Children & Family Movies,Movie,,,,,,no candidate
s6955,Hell and Back,2015,"Action & Adventure, Comedies, Independent Movies",Movie,,,,,,no candidate
s6960,Her Only Choice,2018,Dramas,Movie,,,,,,no candidate
s6961,Hera Pheri,1976,"Action & Adventure, Comedies, Dramas",Movie,,,,,,no candidate
s6962,Here Alone,2016,Horror Movies,Movie,,,,,,no candidate
s6963,Hero,1997,"Action & Adventure, International Movies",Movie,169904,Guyver: Dark Hero (1994),100.0,100.0,0.0,genre conflict
s6965,Hickok,2017,Action & Adventure,Movie,,,,,,no candidate
s6967,Hide & Seek,2010,"Horror Movies, International Movies, Thrillers",Movie,,,,,,year mismatch on exact title
s6968,Hide and Seek,2016,"International Movies, Thrillers",Movie,,,,,,year mismatch on exact title
s6969,Highly Strung,2015,"Documentaries, International Movies, Music & Musicals",Movie,,,,,,no candidate
s6973,Hiroshima: The Real History,2015,Documentaries,Movie,,,,,,no candidate
s6974,Hisss,2010,"Horror Movies, International Movies, Thrillers",Movie,,,,,,no candidate
s6976,History of Joy,2017,"Dramas, International Movies",Movie,140928,Joy (2015),100.0,83.3,0.5,MovieLens title nested inside Netflix title (likely different film)
s6979,Hitler's Olympics,2016,"Documentaries, Sports Movies",Movie,,,,,,no candidate
s6980,Hitler's Steel Beast,2017,"Documentaries, International Movies",Movie,,,,,,no candidate
s6981,Ho Mann Jahaan,2015,"Dramas, International Movies, Romantic Movies",Movie,,,,,,no candidate
s6983,Hokkabaz,2006,"Comedies, Dramas, International Movies",Movie,,,,,,no candidate
s6984,Holding the Man,2015,"Dramas, International Movies, LGBTQ Movies",Movie,,,,,,no candidate
s6985,Holidays,2016,"Comedies, Horror Movies",Movie,,,,,,no candidate
s6986,Holy Hell,2016,Documentaries,Movie,,,,,,no candidate
s6987,Holy Man 2,2008,"Comedies, Faith & Spirituality, International Movies",Movie,37477,"Man, The (2005)",100.0,76.9,,MovieLens title nested inside Netflix title (likely different film)
s6988,Holy Man 3,2010,"Comedies, Faith & Spirituality, International Movies",Movie,,,,,,no candidate
s6989,Hombanna,2017,"Dramas, International Movies",Movie,,,,,,no candidate
s6990,Homeland,2019,"Dramas, Independent Movies, International Movies",Movie,,,,,,no candidate
s6991,Honey 2,2011,"Dramas, Romantic Movies",Movie,112454,Honey (Miele) (2013),83.3,0.0,0.5,"subset match, insufficient evidence (score 83, margin 83)"
s6992,Honey: Rise Up and Dance,2018,Dramas,Movie,,,,,,no candidate
s6993,Hoodwinked Too! Hood vs. Evil,2011,"Children & Family Movies, Comedies",Movie,,,,,,no candidate
s6994,Hope Aur Hum,2018,"Children & Family Movies, Comedies, Dramas",Movie,,,,,,no candidate
s6995,Hope Springs Eternal,2018,Dramas,Movie,,,,,,no candidate
s6996,Hope: One in a Billion,2017,"Documentaries, International Movies, Sports Movies",Movie,,,,,,no candidate
s7000,Horror Story,2013,"Horror Movies, International Movies",Movie,,,,,,no candidate
s7001,Hostage to the Devil,2016,"Documentaries, International Movies",Movie,,,,,,no candidate
s7002,Hostages,2017,"Documentaries, International Movies",Movie,,,,,,no candidate
s7003,Hostiles,2017,Dramas,Movie,,,,,,no candidate
s7004,Hot Bot,2016,Comedies,Movie,,,,,,no candidate
s7005,Hot Property,2016,"Comedies, Independent Movies",Movie,,,,,,no candidate
s7008,Hotel Pacific,1975,"Classic Movies, Dramas, International Movies",Movie,,,,,,no candidate
s7009,Hotel Transylvania 3: Summer Vacation,2018,"Children & Family Movies, Comedies",Movie,136598,Vacation (2015),100.0,94.7,0.0,genre conflict
s7011,House of Z,2016,Documentaries,Movie,174815,The House (2017),100.0,0.0,0.0,genre conflict
s7012,"Houston, We Have a Problem!",2016,"Comedies, Independent Movies, International Movies",Movie,,,,,,no candidate
s7013,How the Beatles Changed the World,2017,"Documentaries, Music & Musicals",Movie,143896,How To Change The World (2015),78.6,0.0,0.5,score 79 < 90
s7015,How to Be a Latin Lover,2017,Comedies,Movie,,,,,,no candidate
s7016,How to Be a Player,1997,Comedies,Movie,,,,,,no candidate
s7020,How to Win the US Presidency,2016,Documentaries,Movie,,,,,,no candidate
s7021,Hridaynath,2012,"Dramas, International Movies",Movie,,,,,,no candidate
s7023,Hum Saath-Saath Hain,1999,"Dramas, International Movies, Music & Musicals",Movie,,,,,,no candidate
s7024,Humko Deewana Kar Gaye,2006,"International Movies, Music & Musicals, Romantic Movies",Movie,,,,,,no candidate
s7026,Hungerford,2014,"Horror Movies, Independent Movies, International Movies",Movie,,,,,,no candidate
s7027,Hunt to Kill,2010,Action & Adventure,Movie,,,,,,no candidate
s7028,Hunter's Prayer,2015,"Action & Adventure, Independent Movies",Movie,,,,,,no candidate
s7031,Hurricane Bianca,2016,"Comedies, Independent Movies, LGBTQ Movies",Movie,,,,,,no candidate
s7032,Hurricane Bianca: From Russia With Hate,2018,"Comedies, Independent Movies, LGBTQ Movies",Movie,,,,,,no candidate
s7035,Hypersomnia,2016,"Horror Movies, International Movies, Thrillers",Movie,,,,,,no candidate
s7036,I Am,2010,"Dramas, Independent Movies, International Movies",Movie,56174,I Am Legend (2007),100.0,100.0,0.0,genre conflict
s7037,I Am Bolt,2016,"Documentaries, Sports Movies",Movie,,,,,,no candidate
s7038,I Am Jane Doe,2017,Documentaries,Movie,,,,,,no candidate
s7039,I Am Maris,2018,Documentaries,Movie,,,,,,no candidate
s7041,I Am Not Madame Bovary,2016,"Comedies, Dramas, International Movies",Movie,,,,,,no candidate
s7042,I Am Sun Mu,2015,"Documentaries, International Movies",Movie,,,,,,no candidate
s7043,I Am Vengeance,2018,Action & Adventure,Movie,,,,,,no candidate
s7046,I Dream Of Dance,2017,"Children & Family Movies, Documentaries",Movie,,,,,,no candidate
s7047,I Fine... Thank You... Love You,2014,"Comedies, International Movies, Romantic Movies",Movie,140162,Love (2015),100.0,75.0,0.5,MovieLens title nested inside Netflix title (likely different film)
s7048,"I, Daniel Blake",2016,"Dramas, Independent Movies",Movie,,,,,,no candidate
s7049,I'll See You in My Dreams,2015,"Comedies, Dramas, Independent Movies",Movie,,,,,,no candidate
s7050,I'm in Love with a Church Girl,2013,"Dramas, Faith & Spirituality, Romantic Movies",Movie,140162,Love (2015),100.0,75.0,1.0,MovieLens title nested inside Netflix title (likely different film)
s7052,Ice Guardians,2016,"Documentaries, International Movies, Sports Movies",Movie,141131,Guardians (2016),100.0,100.0,,MovieLens title nested inside Netflix title (likely different film)
s7054,Ideachi Kalpana,2010,"Comedies, International Movies, Romantic Movies",Movie,,,,,,no candidate
s7057,Iliza Shlesinger: War Paint,2013,Stand-Up Comedy,Movie,131826,Iliza Shlesinger: Freezing Hot (2015),76.2,0.0,1.0,"subset match, insufficient evidence (score 76, margin 76)"
s7059,Immoral Tales,1974,"Dramas, International Movies, Romantic Movies",Movie,,,,,,no candidate
s7061,In Search of Fellini,2017,"Action & Adventure, Dramas",Movie,,,,,,no candidate
s7062,In The Deep,2017,"Horror Movies, International Movies, Thrillers",Movie,170411,Dave Chappelle: Deep in the Heart of Texas (2017),100.0,0.0,0.0,genre conflict
s7063,Incir Receli 2,2014,"Dramas, International Movies, Romantic Movies",Movie,,,,,,no candidate
s7064,Incoming,2019,"Action & Adventure, Sci-Fi & Fantasy",Movie,,,,,,no candidate
s7065,Incomplete,2017,"Dramas, International Movies, Romantic Movies",Movie,,,,,,no candidate
s7066,Inconceivable,2017,Thrillers,Movie,,,,,,no candidate
s7067,Incorruptible,2015,Documentaries,Movie,,,,,,no candidate
s7068,Incredibles 2 (Spanish Version),2018,"Children & Family Movies, Comedies",Movie,187541,Incredibles 2 (2018),100.0,0.0,0.25,MovieLens title nested inside Netflix title (likely different film)
s7069,INDIA,2014,"Dramas, Independent Movies, International Movies",Movie,,,,,,no candidate
s7071,Indiana Jones and the Kingdom of the Crystal Skull,2008,"Action & Adventure, Children & Family Movies, Sci-Fi & Fantasy",Movie,54736,"Kingdom, The (2007)",100.0,100.0,0.14,MovieLens title nested inside Netflix title (likely different film)
s7075,Indiscretion,2016,"Dramas, Thrillers",Movie,,,,,,no candidate
s7076,Inequality for All,2013,Documentaries,Movie,,,,,,no candidate
s7077,Influx,2016,"Documentaries, International Movies",Movie,,,,,,no candidate
s7080,Insan,2005,"Action & Adventure, Dramas, International Movies",Movie,,,,,,no candidate
s7085,Instructions Not Included,2013,"Comedies, Dramas, International Movies",Movie,,,,,,no candidate
s7087,Internet Famous,2016,Comedies,Movie,,,,,,no candidate
s7089,Inuyasha the Movie - L'isola del fuoco scarlatto,2004,"Action & Adventure, Anime Features, International Movies",Movie,,,,,,no candidate
s7090,Inuyasha the Movie - La spada del dominatore del mondo,2003,"Action & Adventure, Anime Features, International Movies",Movie,,,,,,no candidate
s7091,InuYasha: The Movie 2: The Castle Beyond the Looking Glass,2002,"Action & Adventure, Anime Features, International Movies",Movie,3327,Beyond the Mat (1999),83.3,83.3,0.0,genre conflict
s7093,Invisible Essence: The Little Prince,2018,Documentaries,Movie,143245,The Little Prince (2015),100.0,0.0,0.0,genre conflict
s7094,Inxeba,2017,"Dramas, Independent Movies, International Movies",Movie,,,,,,no candidate
s7095,Iqbal,2006,"Dramas, Independent Movies, International Movies",Movie,,,,,,no candidate
s7096,Irada Pakka,2010,"Comedies, Dramas, International Movies",Movie,,,,,,no candidate
s7097,Iron Cowboy: The Story of the 50.50.50,2018,"Documentaries, Sports Movies",Movie,,,,,,no candidate
s7098,Iron Man & Captain America: Heroes United,2014,"Children & Family Movies, Sci-Fi & Fantasy",Movie,142056,Iron Man & Hulk: Heroes United (2013),91.2,88.9,0.0,genre conflict
s7100,Ishqedarriyaan,2015,"Dramas, International Movies, Romantic Movies",Movie,,,,,,no candidate
s7103,Issaq,2013,"Dramas, International Movies, Music & Musicals",Movie,,,,,,no candidate
s7105,It's Fine,2012,"Comedies, International Movies, Music & Musicals",Movie,,,,,,no candidate
s7106,It's Now or Never,2015,"Comedies, International Movies, Romantic Movies",Movie,175303,It (2017),100.0,0.0,0.0,genre conflict
s7107,"It's Okay, Buddy",2017,"Comedies, International Movies, Music & Musicals",Movie,175303,It (2017),100.0,0.0,0.0,genre conflict
s7108,Iverson,2014,"Documentaries, Sports Movies",Movie,,,,,,no candidate
s7110,Jaan-E-Mann: Let's Fall in Love... Again,2006,"Dramas, International Movies, Romantic Movies",Movie,59387,"Fall, The (2006)",100.0,76.9,0.25,MovieLens title nested inside Netflix title (likely different film)
s7111,Jack and the Cuckoo-Clock Heart,2013,"Children & Family Movies, Music & Musicals",Movie,90890,Jack and Jill (2011),76.2,0.0,0.0,genre conflict
s7112,Jack of all Trades,2018,"Documentaries, Sports Movies",Movie,,,,,,no candidate
s7115,Jackpot,2015,"Comedies, Dramas, International Movies",Movie,,,,,,no candidate
s7116,Jail,2009,"Dramas, International Movies",Movie,,,,,,no candidate
s7117,Jake's Buccaneer Blast,2014,Movies,Movie,,,,,,no candidate
s7118,Jal,2013,"Dramas, Independent Movies, International Movies",Movie,,,,,,no candidate
s7119,Jalpari: The Desert Mermaid,2012,"Dramas, Independent Movies, International Movies",Movie,,,,,,no candidate
s7120,Janaan,2016,"Comedies, Dramas, International Movies",Movie,,,,,,no candidate
s7123,Jealousy and medicine,1973,"Dramas, International Movies, Romantic Movies",Movie,,,,,,no candidate
s7125,Jeremy Scott: The People's Designer,2015,Documentaries,Movie,,,,,,no candidate
s7128,Jesus: Countdown to Calvary,2018,"Documentaries, Faith & Spirituality",Movie,,,,,,no candidate
s7129,Jewel's Catch One,2016,"Documentaries, LGBTQ Movies",Movie,,,,,,no candidate
s7131,Jimi Hendrix,1973,"Documentaries, Music & Musicals",Movie,,,,,,no candidate
s7134,Jis Desh Men Ganga Behti Hai,1960,"Action & Adventure, Dramas, International Movies",Movie,,,,,,no candidate
s7135,Joe Cocker: Mad Dog with Soul,2017,"Documentaries, International Movies, Music & Musicals",Movie,,,,,,no candidate
s7136,John & Jane,2005,"Documentaries, International Movies",Movie,5108,John Q (2002),80.0,76.2,0.0,genre conflict
s7138,John Day,2013,"International Movies, Thrillers",Movie,74688,Dear John (2010),82.4,80.0,0.0,genre conflict
s7139,John Mellencamp: Plain Spoken,2017,"Documentaries, Music & Musicals",Movie,,,,,,no candidate
s7140,Jonathan,2018,"Dramas, Independent Movies, Sci-Fi & Fantasy",Movie,,,,,,no candidate
s7142,Jora 10 Numbaria,2017,"Action & Adventure, International Movies",Movie,,,,,,no candidate
s7145,Judwaa,1997,"Comedies, International Movies, Romantic Movies",Movie,,,,,,no candidate
s7146,Judy Moody and the Not Bummer Summer,2011,"Children & Family Movies, Comedies",Movie,,,,,,no candidate
s7147,Jugaad,2017,Documentaries,Movie,,,,,,no candidate
s7150,Jumping the Broom,2011,"Comedies, Romantic Movies",Movie,,,,,,no candidate
s7154,"Justice, My Foot!",1992,"Action & Adventure, Comedies, International Movies",Movie,,,,,,no candidate
s7155,Justin Bieber: Never Say Never,2011,"Documentaries, Music & Musicals",Movie,,,,,,no candidate
s7159,Kaabil,2017,"Dramas, International Movies",Movie,,,,,,no candidate
s7160,Kaakan,2015,"Dramas, International Movies, Romantic Movies",Movie,,,,,,no candidate
s7161,Kaalia,1981,"Action & Adventure, Dramas, International Movies",Movie,,,,,,no candidate
s7162,Kaaliyan,2017,"Dramas, International Movies",Movie,,,,,,no candidate
s7163,Kabali (Hindi Version),2016,"Action & Adventure, Dramas, International Movies",Movie,,,,,,no candidate
s7164,Kacche Dhaagey,2016,"Dramas, International Movies, Romantic Movies",Movie,,,,,,no candidate
s7165,Kahlil Gibran's The Prophet,2014,"Children & Family Movies, Dramas",Movie,,,,,,no candidate
s7166,Kajraare,2010,"Dramas, International Movies, Music & Musicals",Movie,,,,,,no candidate
s7167,Kaleidoscope,2016,Thrillers,Movie,,,,,,no candidate
s7168,Kalki,2017,"Dramas, Independent Movies, International Movies",Movie,,,,,,no candidate
s7169,Kanika,2017,"Horror Movies, International Movies, Thrillers",Movie,,,,,,no candidate
s7170,Karzzzz,2008,"International Movies, Music & Musicals, Romantic Movies",Movie,,,,,,no candidate
s7172,Katha,1982,"Comedies, Dramas, Independent Movies",Movie,,,,,,no candidate
s7173,Katt Williams: Live,2006,Stand-Up Comedy,Movie,,,,,,no candidate
s7174,Kaviyude Osyath,2017,"Dramas, International Movies",Movie,,,,,,no candidate
s7175,Kay Dyache Bola,2005,"Comedies, Dramas, International Movies",Movie,,,,,,no candidate
s7180,Kevin Hart: Let Me Explain,2013,Stand-Up Comedy,Movie,80831,Let Me In (2010),80.0,0.0,0.0,genre conflict
s7181,Kevin Hart: Seriously Funny,2010,Stand-Up Comedy,Movie,,,,,,no candidate
s7182,Kevyn Aucoin: Beauty & the Beast in Me,2017,"Documentaries, LGBTQ Movies",Movie,168366,Beauty and the Beast (2017),100.0,86.7,0.0,genre conflict
s7184,Khalnayak,1993,"Action & Adventure, Dramas, International Movies",Movie,,,,,,no candidate
s7187,Khosla Ka Ghosla,2006,"Comedies, Dramas, International Movies",Movie,,,,,,no candidate
s7189,Khubsoorat,1980,"Classic Movies, Comedies, Dramas",Movie,,,,,,no candidate
s7190,Khushi,2003,"Comedies, International Movies, Music & Musicals",Movie,,,,,,no candidate
s7191,Kia and Cosmos,2018,"Dramas, Independent Movies, International Movies",Movie,171495,Cosmos,100.0,0.0,,MovieLens title nested inside Netflix title (likely different film)
s7192,Kickboxer: Retaliation,2017,Action & Adventure,Movie,,,,,,no candidate
s7193,Kickboxer: Vengeance,2016,Action & Adventure,Movie,,,,,,no candidate
s7195,Kid Kulafu,2015,"Dramas, International Movies, Sports Movies",Movie,,,,,,no candidate
s7201,Kill Hitler! The Luck of the Devil,2015,"Documentaries, International Movies",Movie,,,,,,no candidate
s7202,Kill Ratio,2016,Action & Adventure,Movie,,,,,,no candidate
s7206,Kills on Wheels,2016,"Action & Adventure, Dramas, International Movies",Movie,,,,,,no candidate
s7207,Kilo Two Bravo,2014,"Dramas, Independent Movies, Thrillers",Movie,,,,,,no candidate
s7208,King Jack,2015,"Dramas, Independent Movies",Movie,,,,,,no candidate
s7213,Kis Kisko Pyaar Karoon,2015,"Comedies, International Movies",Movie,,,,,,no candidate
s7217,KL Zombi,2013,"Comedies, Horror Movies, International Movies",Movie,,,,,,no candidate
s7220,Know Your Enemy - Japan,1945,"Classic Movies, Documentaries",Movie,,,,,,no candidate
s7222,Koko: The Gorilla Who Talks,2016,Documentaries,Movie,,,,,,no candidate
s7224,Kon-Tiki,2012,"Action & Adventure, Dramas, International Movies",Movie,,,,,,no candidate
s7225,Koshish,1972,"International Movies, Romantic Movies",Movie,,,,,,no candidate
s7226,Kraftidioten,2014,"Comedies, International Movies, Thrillers",Movie,,,,,,no candidate
s7227,Krish Trish and Baltiboy,2009,Children & Family Movies,Movie,,,,,,no candidate
s7228,Krish Trish and Baltiboy: Battle of Wits,2013,Children & Family Movies,Movie,,,,,,no candidate
s7229,Krish Trish and Baltiboy: Best Friends Forever,2016,Children & Family Movies,Movie,,,,,,no candidate
s7230,Krish Trish and Baltiboy: Comics of India,2012,Children & Family Movies,Movie,,,,,,no candidate
s7231,Krish Trish and Baltiboy: Face Your Fears,2017,Children & Family Movies,Movie,,,,,,no candidate
s7232,Krish Trish and Baltiboy: Oversmartness Never Pays,2017,Children & Family Movies,Movie,,,,,,no candidate
s7233,Krish Trish and Baltiboy: Part II,2010,Children & Family Movies,Movie,,,,,,no candidate
s7234,Krish Trish and Baltiboy: The Greatest Trick,2013,Children & Family Movies,Movie,,,,,,no candidate
s7235,Krisha,2015,"Dramas, Independent Movies",Movie,,,,,,no candidate
s7237,Kristy,2013,Horror Movies,Movie,,,,,,no candidate
s7238,Krystal,2017,"Comedies, Dramas",Movie,,,,,,no candidate
s7239,Kuldip Patwal: I Didn't Do It!,2017,"Dramas, Independent Movies, International Movies",Movie,175303,It (2017),100.0,0.0,0.0,genre conflict
s7241,Kung Fu Magoo,2010,"Children & Family Movies, Comedies",Movie,,,,,,no candidate
s7242,Kung Fu Panda: Holiday,2010,"Children & Family Movies, Comedies",Movie,59784,Kung Fu Panda (2008),100.0,92.9,0.25,MovieLens title nested inside Netflix title (likely different film)
s7243,Kung Fu Yoga,2017,"Action & Adventure, Comedies, International Movies",Movie,134170,Kung Fury (2015),76.2,0.0,0.2,"subset match, insufficient evidence (score 76, margin 76)"
s7244,Kuppivala,2017,"Dramas, International Movies, Romantic Movies",Movie,,,,,,no candidate
s7247,Kurtulus Son Durak,2012,"Comedies, Dramas, International Movies",Movie,,,,,,no candidate
s7248,Kya Kehna,2000,"Dramas, International Movies, Romantic Movies",Movie,,,,,,no candidate
s7249,Kygo: Live at the Hollywood Bowl,2017,Music & Musicals,Movie,,,,,,no candidate
s7250,Kyun! Ho Gaya Na,2004,"International Movies, Romantic Movies",Movie,,,,,,no candidate
s7251,La Última Fiesta,2016,"Comedies, International Movies",Movie,,,,,,no candidate
s7252,LA 92,2017,Documentaries,Movie,,,,,,no candidate
s7254,La Coppia dei Campioni,2016,"Comedies, International Movies",Movie,,,,,,no candidate
s7260,Laal Rang,2016,"Dramas, International Movies, Thrillers",Movie,,,,,,no candidate
s7261,Laddaland,2011,"Horror Movies, International Movies",Movie,,,,,,no candidate
s7262,Lady Bloodfight,2016,Action & Adventure,Movie,,,,,,no candidate
s7263,Lady in the Water,2006,"Sci-Fi & Fantasy, Thrillers",Movie,43333,Water (2005),100.0,100.0,0.0,genre conflict
s7264,Lady-Like,2018,"Comedies, Independent Movies",Movie,,,,,,no candidate
s7266,Lalbaug Parel: Zali Mumbai Sonyachi,2010,"Dramas, International Movies",Movie,,,,,,no candidate
s7268,Larceny,2017,Action & Adventure,Movie,,,,,,no candidate
s7270,Last Ferry,2019,"Dramas, Independent Movies, LGBTQ Movies",Movie,,,,,,no candidate
s7272,Last Night,2010,"Dramas, Independent Movies, Romantic Movies",Movie,76293,Date Night (2010),80.0,0.0,0.25,score 80 < 90
s7273,Le K Benzema,2017,"Documentaries, International Movies, Sports Movies",Movie,,,,,,no candidate
s7274,Le serment des Hitler,2014,"Documentaries, International Movies",Movie,,,,,,no candidate
s7276,LeapFrog: Letter Factory,2003,Children & Family Movies,Movie,,,,,,no candidate
s7277,LeapFrog: Numberland,2011,Movies,Movie,,,,,,no candidate
s7278,LeapFrog: Phonics Farm,2011,Movies,Movie,,,,,,no candidate
s7279,"LeapFrog: Sing-along, Read-along",2011,Children & Family Movies,Movie,,,,,,no candidate
s7281,Lechmi,2017,"Comedies, Horror Movies, International Movies",Movie,,,,,,no candidate
s7282,Left Behind,2014,"Action & Adventure, Faith & Spirituality, Sci-Fi & Fantasy",Movie,,,,,,no candidate
s7284,Legend of the Naga Pearls,2017,"Action & Adventure, International Movies, Sci-Fi & Fantasy",Movie,141688,Legend (2015),100.0,0.0,0.0,genre conflict
s7285,Legendary Weapons of China,1982,"Action & Adventure, Cult Movies, International Movies",Movie,,,,,,no candidate
s7287,Legion,2010,"Action & Adventure, Horror Movies, Sci-Fi & Fantasy",Movie,54686,"Last Legion, The (2007)",100.0,100.0,0.5,"subset match, insufficient evidence (score 100, margin 0)"
s7290,LEGO House - Home of the Brick,2018,"Documentaries, International Movies",Movie,130520,Home (2015),100.0,100.0,0.0,genre conflict
s7291,LEGO Ninjago: Masters of Spinjitzu: Day of the Departed,2016,"Action & Adventure, Children & Family Movies",Movie,,,,,,no candidate
s7293,Leo the Lion,2013,"Children & Family Movies, Comedies",Movie,165551,Lion (2016),100.0,0.0,0.0,genre conflict
s7294,"Les Bleus - Une autre histoire de France, 1996-2016",2016,"Documentaries, International Movies, Sports Movies",Movie,,,,,,no candidate
s7295,Let There Be Light,1946,"Classic Movies, Documentaries",Movie,,,,,,no candidate
s7297,Lez Bomb,2018,"Comedies, LGBTQ Movies",Movie,,,,,,no candidate
s7300,Life in the Doghouse,2018,"Documentaries, LGBTQ Movies",Movie,,,,,,no candidate
s7303,Lifechanger,2018,"Horror Movies, Independent Movies, Thrillers",Movie,,,,,,no candidate
s7304,Lifeline,1997,"Action & Adventure, International Movies",Movie,,,,,,no candidate
s7305,Like Arrows,2018,"Dramas, Faith & Spirituality",Movie,,,,,,no candidate
s7307,Lila & Eve,2015,"Dramas, Thrillers",Movie,,,,,,no candidate
s7309,Lincoln,2012,Dramas,Movie,84392,"Lincoln Lawyer, The (2011)",100.0,100.0,0.33,"subset match, insufficient evidence (score 100, margin 0)"
s7310,Lion's Heart,2013,"Action & Adventure, International Movies",Movie,165551,Lion (2016),100.0,0.0,0.0,genre conflict
s7311,Listen Up! The Lives of Quincy Jones,1990,"Documentaries, Music & Musicals",Movie,,,,,,no candidate
s7312,Little Dragon Maiden,1983,"Action & Adventure, International Movies, Romantic Movies",Movie,,,,,,no candidate
s7314,Little Lunch: The Halloween Horror Story,2016,"Children & Family Movies, Comedies",Movie,,,,,,no candidate
s7315,Little Lunch: The Nightmare Before Graduation,2016,"Children & Family Movies, Comedies",Movie,,,,,,no candidate
s7316,Little Men,2016,"Dramas, Independent Movies",Movie,143245,The Little Prince (2015),75.0,75.0,0.0,genre conflict
s7318,Little Singham aur Kaal ka Mahajaal,2018,"Children & Family Movies, Comedies",Movie,,,,,,no candidate
s7319,Little Singham Bandarpur Mein Hu Ha Hu,2019,"Children & Family Movies, Comedies",Movie,,,,,,no candidate
s7320,Little Singham in London,2019,"Children & Family Movies, Comedies",Movie,,,,,,no candidate
s7321,Little Sister,2016,"Comedies, Dramas, Independent Movies",Movie,,,,,,no candidate
s7323,Lizzie Borden Took an Ax,2014,Thrillers,Movie,,,,,,no candidate
s7324,Lo and Behold: Reveries of the Connected World,2016,Documentaries,Movie,,,,,,no candidate
s7330,Loco Love,2017,"Dramas, Independent Movies, International Movies",Movie,140162,Love (2015),100.0,0.0,0.5,MovieLens title nested inside Netflix title (likely different film)
s7335,Long Time Running,2017,"Documentaries, International Movies, Music & Musicals",Movie,,,,,,no candidate
s7336,"Look Out, Officer",1990,"Action & Adventure, Comedies, International Movies",Movie,,,,,,no candidate
s7337,Look Who's Back,2015,"Comedies, International Movies",Movie,,,,,,no candidate
s7338,Lorai: Play to Live,2015,"Dramas, International Movies, Sports Movies",Movie,,,,,,no candidate
s7340,Los Niños Héroes de Chapultepec,2017,"Documentaries, International Movies",Movie,,,,,,no candidate
s7342,Losing Sight of Shore,2017,"Documentaries, Sports Movies",Movie,,,,,,no candidate
s7345,Love Dot Com: The Social Experiment,2019,"Comedies, Romantic Movies",Movie,,,,,,no candidate
s7346,Love In A Puff,2010,"Comedies, Dramas, International Movies",Movie,,,,,,no candidate
s7347,Love Ni Bhavai,2017,"Comedies, International Movies, Romantic Movies",Movie,140162,Love (2015),100.0,0.0,0.5,MovieLens title nested inside Netflix title (likely different film)
s7348,Love on Delivery,1994,"Action & Adventure, Comedies, International Movies",Movie,,,,,,no candidate
s7351,Love Shot,2018,"Dramas, Thrillers",Movie,140162,Love (2015),100.0,0.0,0.33,MovieLens title nested inside Netflix title (likely different film)
s7352,Love Station,2011,"Comedies, International Movies, Romantic Movies",Movie,,,,,,no candidate
s7353,Love You... Love You Not,2015,"Comedies, International Movies, Romantic Movies",Movie,140162,Love (2015),100.0,0.0,0.5,MovieLens title nested inside Netflix title (likely different film)
s7356,LoveTrue,2016,Documentaries,Movie,,,,,,no candidate
s7357,Loving Annabelle,2006,"Dramas, Independent Movies, LGBTQ Movies",Movie,,,,,,no candidate
s7358,Loving You,1995,"Dramas, International Movies",Movie,12,Dracula: Dead and Loving It (1995),75.0,0.0,0.0,genre conflict
s7359,Lucha: Playing the Impossible,2016,"Documentaries, International Movies, Sports Movies",Movie,,,,,,no candidate
s7361,Lucky: No Time for Love,2005,"Dramas, International Movies, Romantic Movies",Movie,,,,,,no candidate
s7362,Lupt,2018,"Horror Movies, International Movies, Thrillers",Movie,,,,,,no candidate
s7363,Lusers,2015,"Comedies, International Movies, Sports Movies",Movie,,,,,,no candidate
s7364,Ma Chu Ka,2017,"International Movies, Thrillers",Movie,,,,,,no candidate
s7365,Maacher Jhol,2017,"Dramas, International Movies",Movie,,,,,,no candidate
s7366,Mac & Devin Go to High School,2012,Comedies,Movie,107630,High School (2010),100.0,0.0,,MovieLens title nested inside Netflix title (likely different film)
s7367,Macchli Jal Ki Rani Hai,2014,"Horror Movies, International Movies",Movie,,,,,,no candidate
s7370,Mad Money,2008,Comedies,Movie,,,,,,no candidate
s7371,Mad Ron's Prevues from Hell,1987,"Cult Movies, Horror Movies",Movie,,,,,,no candidate
s7372,Mad World,2016,"Dramas, International Movies",Movie,109895,Bad Words (2013),77.8,76.2,0.0,genre conflict
s7373,Madaari,2016,"Dramas, Independent Movies, International Movies",Movie,,,,,,no candidate
s7374,Maddman: The Steve Madden Story,2017,Documentaries,Movie,,,,,,no candidate
s7375,Madre,2016,"International Movies, Thrillers",Movie,,,,,,no candidate
s7378,Magic Snowflake,2013,Children & Family Movies,Movie,124404,"Snowflake, the White Gorilla (2011)",75.0,0.0,0.25,"subset match, insufficient evidence (score 75, margin 75)"
s7379,Magnetic,2018,"Action & Adventure, Documentaries, International Movies",Movie,,,,,,no candidate
s7380,Magnus,2016,"Children & Family Movies, Documentaries, International Movies",Movie,,,,,,no candidate
s7381,Mahabharat,2013,"Action & Adventure, Dramas, International Movies",Movie,,,,,,no candidate
s7385,Mahjong Heroes,1981,"Comedies, International Movies",Movie,,,,,,no candidate
s7387,Maine Pyaar Kyun Kiya,2005,"Comedies, International Movies, Music & Musicals",Movie,,,,,,no candidate
s7388,Maine Pyar Kiya,1989,"Dramas, International Movies, Music & Musicals",Movie,,,,,,no candidate
s7389,Mala Kahich Problem Nahi,2017,"Dramas, International Movies",Movie,,,,,,no candidate
s7390,Malicious,2018,Horror Movies,Movie,,,,,,no candidate
s7394,Mandi,1983,"Dramas, Independent Movies, International Movies",Movie,,,,,,no candidate
s7395,Mandobasar Galpo,2017,"Dramas, International Movies, Romantic Movies",Movie,,,,,,no candidate
s7396,Manglehorn,2014,"Dramas, Independent Movies",Movie,,,,,,no candidate
s7397,Mango Dreams,2016,"Dramas, Independent Movies",Movie,,,,,,no candidate
s7398,Manhattan Romance,2014,"Comedies, Independent Movies, Romantic Movies",Movie,,,,,,no candidate
s7399,Manolo: The Boy Who Made Shoes for Lizards,2017,"Documentaries, International Movies",Movie,,,,,,no candidate
s7401,Mantostaan,2017,"Dramas, Independent Movies, International Movies",Movie,,,,,,no candidate
s7402,Mantra,2017,"Dramas, Independent Movies, International Movies",Movie,,,,,,no candidate
s7403,Mara,2017,"Horror Movies, Thrillers",Movie,,,,,,no candidate
s7406,Mark Gatiss: A Study in Sherlock,2016,Movies,Movie,,,,,,no candidate
s7408,Maroon,2016,"Dramas, Independent Movies, International Movies",Movie,,,,,,no candidate
s7411,Martial Arts of Shaolin,1986,"Action & Adventure, International Movies",Movie,,,,,,no candidate
s7413,Martin Luther: The Idea that Changed the World,2017,"Documentaries, Faith & Spirituality",Movie,,,,,,no candidate
s7414,Martyrs of Marriage,2016,"Documentaries, International Movies",Movie,,,,,,no candidate
s7415,Marvel & ESPN Films Present: 1 of 1: Genesis,2014,"Documentaries, Sports Movies",Movie,,,,,,no candidate
s7416,Marvel's Iron Man & Hulk: Heroes United,2013,"Action & Adventure, Sci-Fi & Fantasy",Movie,142056,Iron Man & Hulk: Heroes United (2013),100.0,88.9,0.4,MovieLens title nested inside Netflix title (likely different film)
s7417,Mary and the Witch's Flower,2017,"Anime Features, Children & Family Movies",Movie,140267,The Witch (2015),100.0,0.0,0.0,genre conflict
s7418,Mary Poppins Returns,2018,"Children & Family Movies, Music & Musicals",Movie,,,,,,no candidate
s7420,Masoom,1983,"Dramas, Independent Movies, International Movies",Movie,,,,,,no candidate
s7421,Master,2016,"Action & Adventure, International Movies",Movie,,,,,,year mismatch on exact title
s7422,Mater,2017,"Dramas, Independent Movies, International Movies",Movie,,,,,,no candidate
s7423,Matichya Chuli,2006,"Comedies, Dramas, International Movies",Movie,,,,,,no candidate
s7424,Max Rose,2013,"Dramas, Independent Movies",Movie,,,,,,no candidate
s7425,May We Chat,2014,"Dramas, International Movies",Movie,,,,,,no candidate
s7426,May You Prosper,2017,"Comedies, International Movies, Music & Musicals",Movie,,,,,,no candidate
s7427,Maya Angelou: And Still I Rise,2016,Documentaries,Movie,,,,,,no candidate
s7428,Maynard,2017,Documentaries,Movie,,,,,,no candidate
s7429,Maza Pati Karodpati,1988,"Comedies, International Movies, Romantic Movies",Movie,,,,,,no candidate
s7430,Me and the Alien,2016,"Comedies, Dramas, International Movies",Movie,127202,Me and Earl and the Dying Girl (2015),76.9,0.0,1.0,"subset match, insufficient evidence (score 77, margin 77)"
s7431,Mean Dreams,2016,"Dramas, Independent Movies, Thrillers",Movie,,,,,,no candidate
s7433,Meditation Park,2017,Dramas,Movie,,,,,,no candidate
s7434,Medium,1985,"Horror Movies, International Movies, Thrillers",Movie,,,,,,no candidate
s7435,Meet the Trumps: From Immigrant to President,2017,Documentaries,Movie,,,,,,no candidate
s7438,Melle,2017,"Dramas, International Movies, Romantic Movies",Movie,161966,Elle (2016),88.9,0.0,0.0,genre conflict
s7440,Melvin Goes to Dinner,2003,"Comedies, Dramas, Independent Movies",Movie,,,,,,no candidate
s7441,Memoir of a Murderer,2017,"Dramas, International Movies, Thrillers",Movie,,,,,,no candidate
s7442,Memory Games,2018,Documentaries,Movie,,,,,,no candidate
s7445,Menorca,2016,"Dramas, Independent Movies",Movie,,,,,,no candidate
s7449,Merry Men: The Real Yoruba Demons,2018,"Comedies, International Movies",Movie,,,,,,no candidate
s7451,Mi Shivajiraje Bhosale Boltoy,2009,"Comedies, International Movies, Sci-Fi & Fantasy",Movie,,,,,,no candidate
s7452,MI-5,2015,"Action & Adventure, Dramas, International Movies",Movie,,,,,,no candidate
s7453,Middle School: The Worst Years of My Life,2016,"Children & Family Movies, Comedies",Movie,,,,,,no candidate
s7459,Minnaminugu the FireFly,2017,"Dramas, International Movies",Movie,,,,,,no candidate
s7462,Mirror Mirror,2012,"Children & Family Movies, Comedies",Movie,174053,Black Mirror: White Christmas (2014),100.0,100.0,0.0,genre conflict
s7463,Mirzya,2016,"Dramas, International Movies, Music & Musicals",Movie,,,,,,no candidate
s7465,Miss Hokusai,2015,Anime Features,Movie,,,,,,no candidate
s7466,Miss Julie,2014,"Dramas, International Movies",Movie,,,,,,no candidate
s7467,Miss Me This Christmas,2017,Romantic Movies,Movie,,,,,,no candidate
s7470,Miss Sharon Jones!,2015,"Documentaries, Music & Musicals",Movie,,,,,,no candidate
s7471,Miss Stevens,2016,"Dramas, Independent Movies",Movie,,,,,,no candidate
s7472,Mission Control: The Unsung Heroes of Apollo,2017,Documentaries,Movie,,,,,,no candidate
s7473,Mission of Honor,2018,"Action & Adventure, Dramas",Movie,,,,,,no candidate
s7474,Mission: Destroy Love,2014,"Comedies, International Movies, Romantic Movies",Movie,140162,Love (2015),100.0,0.0,0.5,MovieLens title nested inside Netflix title (likely different film)
s7475,Mississippi Grind,2015,"Dramas, Independent Movies",Movie,,,,,,no candidate
s7476,Moh Maya Money,2016,"Dramas, Independent Movies, International Movies",Movie,,,,,,no candidate
s7477,Mohawk,2017,"Action & Adventure, Horror Movies, Independent Movies",Movie,,,,,,no candidate
s7479,Mokalik (Mechanic),2019,"Dramas, International Movies",Movie,,,,,,no candidate
s7487,Monkey Up,2016,"Children & Family Movies, Comedies",Movie,,,,,,no candidate
s7488,Monopoly (The Bank Of Luck),2017,"Comedies, International Movies",Movie,,,,,,no candidate
s7489,Monster Family,2017,Children & Family Movies,Movie,,,,,,no candidate
s7490,Monster High 13 Wishes,2013,Children & Family Movies,Movie,,,,,,no candidate
s7491,"Monster High: Boo York, Boo York",2015,"Children & Family Movies, Music & Musicals",Movie,,,,,,no candidate
s7492,Monster High: Escape from Skull Shores,2012,Children & Family Movies,Movie,,,,,,no candidate
s7493,Monster High: Freaky Fusion,2014,Children & Family Movies,Movie,,,,,,no candidate
s7494,Monster High: Friday Night Frights,2013,Children & Family Movies,Movie,,,,,,no candidate
s7495,Monster High: Fright On!,2011,Children & Family Movies,Movie,,,,,,no candidate
s7496,"Monster High: Frights, Camera, Action!",2014,Children & Family Movies,Movie,,,,,,no candidate
s7497,Monster High: Ghouls Rule,2012,Children & Family Movies,Movie,,,,,,no candidate
s7498,Monster High: Great Scarrier Reef,2016,Children & Family Movies,Movie,,,,,,no candidate
s7499,Monster High: Haunted,2015,Children & Family Movies,Movie,,,,,,no candidate
s7500,Monster High: New Ghoul at School,2010,Children & Family Movies,Movie,107630,High School (2010),100.0,0.0,0.0,genre conflict
s7501,"Monster High: Scaris, City of Frights",2013,Children & Family Movies,Movie,,,,,,no candidate
s7502,Monster High: Why Do Ghouls Fall in Love?,2013,Children & Family Movies,Movie,140162,Love (2015),100.0,0.0,0.0,genre conflict
s7504,Monster-in-Law,2005,"Comedies, Romantic Movies",Movie,7160,Monster (2003),100.0,100.0,0.0,genre conflict
s7508,Moonlight,2016,"Dramas, Independent Movies, LGBTQ Movies",Movie,113225,Magic in the Moonlight (2014),100.0,100.0,0.33,"subset match, insufficient evidence (score 100, margin 0)"
s7510,Moor,2015,"Dramas, Independent Movies, International Movies",Movie,,,,,,no candidate
s7511,Morris from America,2016,"Dramas, Independent Movies, International Movies",Movie,,,,,,no candidate
s7512,Mortified Nation,2013,Documentaries,Movie,,,,,,no candidate
s7513,Morya,2011,"Dramas, International Movies",Movie,,,,,,no candidate
s7514,Motu Patlu: King of Kings,2016,"Children & Family Movies, Comedies",Movie,,,,,,no candidate
s7515,Mountain,2017,"Action & Adventure, Documentaries, International Movies",Movie,146210,Blue Mountain State: The Rise of Thadland (2015),100.0,0.0,0.0,genre conflict
s7517,Mr. Church,2016,Dramas,Movie,,,,,,no candidate
s7519,Mr. Gaga: A True Story of Love and Dance,2015,"Documentaries, International Movies",Movie,127136,True Story (2015),100.0,100.0,0.0,genre conflict
s7520,Mr. Virgin,1984,"Comedies, Dramas, International Movies",Movie,,,,,,no candidate
s7523,Ms. Mammy,2012,"Comedies, International Movies",Movie,,,,,,no candidate
s7525,Mujhse Shaadi Karogi,2004,"Comedies, International Movies, Romantic Movies",Movie,,,,,,no candidate
s7526,Mune: Guardian of the Moon,2014,Children & Family Movies,Movie,,,,,,no candidate
s7528,Murder Party,2007,"Comedies, Cult Movies, Horror Movies",Movie,,,,,,no candidate
s7532,My Babysitter's a Vampire: The Movie,2010,"Children & Family Movies, Comedies",Movie,100083,Movie 43 (2013),76.9,0.0,0.0,genre conflict
s7533,My Brother ... Nikhil,2005,"Dramas, Independent Movies, International Movies",Movie,,,,,,no candidate
s7534,My Daddy is in Heaven,2017,"Dramas, Faith & Spirituality",Movie,,,,,,no candidate
s7535,My Dog is My Guide,2013,"Comedies, International Movies",Movie,,,,,,no candidate
s7536,My Entire High School Sinking Into the Sea,2016,"Comedies, Independent Movies",Movie,,,,,,no candidate
s7537,My Ex-Ex,2015,"Comedies, Romantic Movies",Movie,,,,,,no candidate
s7538,My Honor Was Loyalty,2015,Dramas,Movie,,,,,,no candidate
s7540,My Life as a Zucchini,2016,"Comedies, Dramas, International Movies",Movie,,,,,,no candidate
s7542,My Little Pony Equestria Girls: Friendship Games,2015,"Children & Family Movies, Comedies",Movie,,,,,,no candidate
s7543,My Little Pony Equestria Girls: Rainbow Rocks,2014,"Children & Family Movies, Comedies",Movie,,,,,,no candidate
s7544,My Only Mother,2013,"Comedies, Dramas, International Movies",Movie,,,,,,no candidate
s7545,"My Schoolmate, the Barbarian",2001,"Action & Adventure, Comedies, International Movies",Movie,,,,,,no candidate
s7549,My True Friend,2012,"Action & Adventure, Dramas, International Movies",Movie,,,,,,no candidate
s7550,My Week with Marilyn,2011,"Dramas, Romantic Movies",Movie,,,,,,no candidate
s7551,My Wife and My Wifey,2014,"Comedies, International Movies",Movie,,,,,,no candidate
s7553,Mythily Veendum Varunnu,2017,"Horror Movies, International Movies",Movie,,,,,,no candidate
s7555,Naga The Eternal Yogi,2016,"Documentaries, International Movies",Movie,,,,,,no candidate
s7556,Nails,2017,Horror Movies,Movie,,,,,,no candidate
s7557,Naledi: A Baby Elephant's Tale,2016,Documentaries,Movie,,,,,,no candidate
s7558,Namak Halaal,1982,"Action & Adventure, Comedies, International Movies",Movie,,,,,,no candidate
s7559,Namour,2016,"Dramas, Independent Movies",Movie,163134,Your Name. (2016),80.0,0.0,0.25,score 80 < 90
s7560,Naruto Shippuden : Blood Prison,2011,"Action & Adventure, Anime Features, International Movies",Movie,,,,,,no candidate
s7561,Natalia Valdebenito: Gritona,2017,Stand-Up Comedy,Movie,,,,,,no candidate
s7562,National Bird,2016,Documentaries,Movie,,,,,,no candidate
s7564,National Parks Adventure,2016,Documentaries,Movie,,,,,,no candidate
s7566,Natsamrat - Asa Nat Hone Nahi,2016,"Dramas, International Movies",Movie,,,,,,no candidate
s7567,Natural Born Pranksters,2016,Comedies,Movie,,,,,,no candidate
s7568,Natural Selection,2015,"Dramas, Independent Movies",Movie,,,,,,no candidate
s7571,Nature: Raising the Dinosaur Giant,2016,Documentaries,Movie,136016,The Good Dinosaur (2015),76.2,0.0,0.0,genre conflict
s7576,Nazi Concentration Camps,1945,"Classic Movies, Documentaries",Movie,,,,,,no candidate
s7578,Neruda,2016,"Dramas, International Movies",Movie,,,,,,no candidate
s7579,Never Heard,2018,"Dramas, Faith & Spirituality",Movie,,,,,,no candidate
s7580,New York Minute,2004,"Children & Family Movies, Comedies",Movie,,,,,,no candidate
s7581,Newtown,2016,Documentaries,Movie,,,,,,no candidate
s7582,Next,2007,"Action & Adventure, Sci-Fi & Fantasy",Movie,147380,Doctor Who: The Next Doctor (2008),100.0,100.0,0.33,"subset match, insufficient evidence (score 100, margin 0)"
s7583,Nibunan,2017,"Action & Adventure, Dramas, International Movies",Movie,,,,,,no candidate
s7584,Night Comes On,2018,"Dramas, Independent Movies",Movie,170945,It Comes at Night (2017),88.0,0.0,0.0,genre conflict
s7585,Night Moves,2013,"Dramas, Independent Movies, Thrillers",Movie,127204,The Overnight (2015),80.0,0.0,0.0,genre conflict
s7588,Nights in Rodanthe,2008,"Dramas, Romantic Movies",Movie,,,,,,no candidate
s7591,No Entry,2005,"Comedies, International Movies",Movie,,,,,,no candidate
s7592,No Estoy Loca,2018,"Comedies, Dramas, International Movies",Movie,,,,,,no candidate
s7595,Norm of the North: Family Vacation,2020,Children & Family Movies,Movie,,,,,,no candidate
s7596,Norm of the North: Keys to the Kingdom,2019,Children & Family Movies,Movie,,,,,,no candidate
s7597,Norm of the North: King Sized Adventure,2019,"Children & Family Movies, Comedies",Movie,,,,,,no candidate
s7599,Not Alone,2017,Documentaries,Movie,,,,,,no candidate
s7600,NOVA: Bird Brain,2017,"Children & Family Movies, Documentaries",Movie,,,,,,no candidate
s7601,NOVA: Black Hole Apocalypse,2018,Documentaries,Movie,122924,X-Men: Apocalypse (2016),76.9,0.0,0.0,genre conflict
s7602,NOVA: Building Chernobyl's MegaTomb,2017,Documentaries,Movie,,,,,,no candidate
s7603,NOVA: Chinese Chariot Revealed,2017,Documentaries,Movie,,,,,,no candidate
s7604,NOVA: Day the Dinosaurs Died,2017,Documentaries,Movie,,,,,,no candidate
s7605,NOVA: Death Dive to Saturn,2017,Documentaries,Movie,,,,,,no candidate
s7606,NOVA: Decoding the Weather Machine,2018,Documentaries,Movie,173209,War Machine (2017),77.8,0.0,0.0,genre conflict
s7607,NOVA: Eclipse Over America,2017,Documentaries,Movie,,,,,,no candidate
s7608,NOVA: Extreme Animal Weapons,2017,Documentaries,Movie,,,,,,no candidate
s7609,NOVA: First Face of America,2018,Documentaries,Movie,,,,,,no candidate
s7610,NOVA: Holocaust Escape Tunnel,2017,Documentaries,Movie,,,,,,no candidate
s7611,NOVA: Killer Floods,2017,Documentaries,Movie,,,,,,no candidate
s7612,NOVA: Killer Hurricanes,2017,Documentaries,Movie,,,,,,no candidate
s7613,NOVA: Killer Volcanoes,2017,Documentaries,Movie,,,,,,no candidate
s7614,NOVA: Poisoned Water,2017,Documentaries,Movie,,,,,,no candidate
s7615,NOVA: Prediction by the Numbers,2018,Documentaries,Movie,,,,,,no candidate
s7616,NOVA: Secrets of the Shining Knight,2017,Documentaries,Movie,,,,,,no candidate
s7617,NOVA: Thai Cave Rescue,2018,Documentaries,Movie,,,,,,no candidate
s7618,NOVA: The Impossible Flight,2018,Documentaries,Movie,,,,,,no candidate
s7619,Nova: Ultimate Mars Challenge,2012,Movies,Movie,,,,,,no candidate
s7620,November Criminals,2017,"Dramas, Thrillers",Movie,,,,,,no candidate
s7622,Now More Than Ever: The History of Chicago,2016,"Documentaries, Music & Musicals",Movie,,,,,,no candidate
s7623,Nowhere Boy,2009,Dramas,Movie,59995,Boy A (2007),100.0,100.0,0.5,MovieLens title nested inside Netflix title (likely different film)
s7626,Numbered,2012,"Documentaries, International Movies",Movie,,,,,,no candidate
s7627,Numero Zero. The Roots of Italian Rap,2015,"Documentaries, International Movies, Music & Musicals",Movie,,,,,,no candidate
s7631,Nymphomaniac: Volume 1,2013,"Dramas, Independent Movies, International Movies",Movie,108727,Nymphomaniac: Volume I (2013),95.2,95.0,1.0,ambiguous (margin 0)
s7634,Oasis: Supersonic,2016,"Documentaries, International Movies, Music & Musicals",Movie,,,,,,no candidate
s7635,Obvious Child,2014,"Comedies, Dramas, Independent Movies",Movie,,,,,,no candidate
s7637,Occupation,2018,"Action & Adventure, Sci-Fi & Fantasy",Movie,,,,,,no candidate
s7638,Ocean's Eleven,1960,"Action & Adventure, Classic Movies, Comedies",Movie,4954,Ocean's Eleven (a.k.a. Ocean's 11) (1960),100.0,0.0,0.0,genre conflict
s7642,Off Course,2015,"Comedies, International Movies",Movie,160569,Ice Age: Collision Course (2016),75.0,0.0,,"subset match, insufficient evidence (score 75, margin 75)"
s7643,Officer Downe,2016,Action & Adventure,Movie,,,,,,no candidate
s7644,Oh My Ghost 2,2011,"Comedies, Horror Movies, International Movies",Movie,,,,,,no candidate
s7645,Oh My Ghost 3,2012,"Comedies, Horror Movies, International Movies",Movie,,,,,,no candidate
s7646,Oh My Ghost 4,2015,"Comedies, Horror Movies, International Movies",Movie,,,,,,no candidate
s7648,Oklahoma City,2017,Documentaries,Movie,,,,,,no candidate
s7651,Omar and Salma 3,2012,"Comedies, International Movies, Romantic Movies",Movie,,,,,,no candidate
s7652,On the Wrong Track,1983,"Action & Adventure, International Movies",Movie,,,,,,no candidate
s7653,On Yoga The Architecture of Peace,2017,"Documentaries, Faith & Spirituality",Movie,,,,,,no candidate
s7654,Onaatah,2016,"Dramas, International Movies",Movie,,,,,,no candidate
s7655,Once In A Lifetime Sessions with Moby,2018,"Documentaries, Music & Musicals",Movie,,,,,,no candidate
s7656,Once In A Lifetime Sessions with Nile Rodgers,2018,"Documentaries, Music & Musicals",Movie,,,,,,no candidate
s7657,Once In A Lifetime Sessions with Noel Gallagher,2018,"Documentaries, Music & Musicals",Movie,,,,,,no candidate
s7658,Once In A Lifetime Sessions with TLC,2018,"Documentaries, Music & Musicals",Movie,,,,,,no candidate
s7659,Once Upon a Time in London,2019,"Dramas, International Movies",Movie,,,,,,no candidate
s7661,One Day,2016,"Dramas, International Movies, Romantic Movies",Movie,,,,,,year mismatch on exact title
s7662,One Direction: This Is Us,2013,"Documentaries, Music & Musicals",Movie,99117,This Is 40 (2012),82.4,0.0,0.0,genre conflict
s7663,One Heart: The A.R. Rahman Concert Film,2017,"Documentaries, International Movies, Music & Musicals",Movie,,,,,,no candidate
s7664,One Last Thing,2018,Dramas,Movie,,,,,,no candidate
s7665,One More Shot,2017,Documentaries,Movie,,,,,,no candidate
s7666,One Night Stand,2016,"Dramas, International Movies, Music & Musicals",Movie,114762,Two Night Stand (2014),86.7,75.0,0.0,genre conflict
s7669,Only the Dead,2015,"Documentaries, International Movies",Movie,122896,Pirates of the Caribbean: Dead Men Tell No Tales (2017),76.2,0.0,,"subset match, insufficient evidence (score 76, margin 76)"
s7671,Operation Chromite,2016,"Action & Adventure, Dramas, International Movies",Movie,,,,,,no candidate
s7673,Operation Mekong,2016,"Action & Adventure, International Movies",Movie,,,,,,no candidate
s7674,Operation Odessa,2018,Documentaries,Movie,,,,,,no candidate
s7677,Operation Red Sea,2018,"Action & Adventure, International Movies",Movie,,,,,,no candidate
s7678,Operator,2016,"Comedies, Dramas, Independent Movies",Movie,,,,,,no candidate
s7679,Opium and the Kung Fu Master,1984,"Action & Adventure, International Movies",Movie,,,,,,no candidate
s7681,Oru Vishsheshapetta Biryani Kissa,2017,"Comedies, Dramas, International Movies",Movie,,,,,,no candidate
s7682,OtherLife,2017,"Dramas, Independent Movies, International Movies",Movie,,,,,,no candidate
s7683,Ottaal,2014,"Dramas, International Movies",Movie,,,,,,no candidate
s7684,Our Godfather,2019,"Documentaries, International Movies",Movie,,,,,,no candidate
s7685,Our House,2018,"Horror Movies, Thrillers",Movie,174815,The House (2017),100.0,0.0,0.0,genre conflict
s7686,Our Shining Days,2017,"Comedies, Dramas, International Movies",Movie,,,,,,no candidate
s7687,Outlawed,2018,Action & Adventure,Movie,,,,,,no candidate
s7688,P,2006,"Horror Movies, International Movies",Movie,8919,P.S. (2004),100.0,100.0,0.0,genre conflict
s7689,P Se PM Tak,2015,"Comedies, Independent Movies, International Movies",Movie,,,,,,no candidate
s7691,P.S. I Love You,2007,"Dramas, Romantic Movies",Movie,8919,P.S. (2004),100.0,100.0,0.5,MovieLens title nested inside Netflix title (likely different film)
s7692,Paathi,2017,"Dramas, International Movies",Movie,,,,,,no candidate
s7693,Pablo Escobar: Angel or Demon?,2007,"Documentaries, International Movies",Movie,47725,Angel-A (2005),100.0,0.0,0.0,genre conflict
s7695,Pahuyut Fighting Beat,2007,"Action & Adventure, International Movies",Movie,,,,,,no candidate
s7697,Paint It Black,2016,Dramas,Movie,175303,It (2017),100.0,0.0,0.0,genre conflict
s7698,Painted Faces,1988,"Dramas, International Movies",Movie,,,,,,no candidate
s7700,Palio,2015,"Documentaries, International Movies, Sports Movies",Movie,,,,,,no candidate
s7701,Palm Trees in the Snow,2015,"Dramas, International Movies, Romantic Movies",Movie,,,,,,no candidate
s7702,Panic Room,2002,Thrillers,Movie,4055,Panic (2000),100.0,100.0,0.0,genre conflict
s7703,Papa the Great,2000,"Comedies, Dramas, International Movies",Movie,,,,,,no candidate
s7704,Paper Year,2018,"Dramas, Independent Movies, Romantic Movies",Movie,,,,,,no candidate
s7707,Pardes,1997,"Dramas, International Movies, Romantic Movies",Movie,,,,,,no candidate
s7708,Pareeth Pandaari,2017,"Dramas, Independent Movies, International Movies",Movie,,,,,,no candidate
s7713,Patiala House,2011,"Dramas, International Movies, Sports Movies",Movie,,,,,,no candidate
s7714,Patient Seventeen,2017,Documentaries,Movie,,,,,,no candidate
s7716,Patron Mutlu Son Istiyor,2014,"Comedies, International Movies, Romantic Movies",Movie,,,,,,no candidate
s7718,Paulettante Veedu,2016,"Dramas, International Movies",Movie,,,,,,no candidate
s7720,Paying Guests,2009,"Comedies, International Movies",Movie,,,,,,no candidate
s7721,Pee Mak,2013,"Comedies, Horror Movies, International Movies",Movie,,,,,,no candidate
s7723,Pee-wee's Playhouse: Christmas Special,1988,Movies,Movie,,,,,,no candidate
s7724,Pekak,2016,"Dramas, International Movies",Movie,,,,,,no candidate
s7727,People You May Know,2016,"Dramas, LGBTQ Movies",Movie,,,,,,no candidate
s7728,Perfect Bid: The Contestant Who Knew Too Much,2017,Documentaries,Movie,144714,The Perfect Guy (2015),77.8,77.8,0.0,genre conflict
s7729,Perfect Stranger,2007,Thrillers,Movie,33815,"Perfect Man, The (2005)",77.8,75.9,0.0,genre conflict
s7731,Personal Shopper,2016,"Dramas, International Movies, Thrillers",Movie,,,,,,no candidate
s7732,Peter and the Farm,2016,Documentaries,Movie,,,,,,no candidate
s7733,Peter Rabbit,2018,"Children & Family Movies, Comedies",Movie,,,,,,no candidate
s7734,Phamous,2018,"Dramas, International Movies, Thrillers",Movie,,,,,,no candidate
s7735,Phantom Boy,2015,"Action & Adventure, Dramas, International Movies",Movie,181315,Phantom Thread (2017),77.8,0.0,0.25,"subset match, insufficient evidence (score 78, margin 78)"
s7737,Phir Se,2015,"International Movies, Romantic Movies",Movie,,,,,,no candidate
s7738,Phobia 2,2009,"Horror Movies, International Movies",Movie,,,,,,no candidate
s7739,Phone Swap,2012,"Comedies, International Movies, Romantic Movies",Movie,,,,,,no candidate
s7740,Phullu,2017,"Dramas, Independent Movies, International Movies",Movie,,,,,,no candidate
s7741,Pick of the Litter,2018,"Children & Family Movies, Documentaries",Movie,,,,,,no candidate
s7742,Pierre Jackson,2018,Romantic Movies,Movie,,,,,,no candidate
s7743,Pimpal,2017,"Dramas, Independent Movies, International Movies",Movie,,,,,,no candidate
s7745,Pitaah,2002,"Dramas, International Movies, Music & Musicals",Movie,,,,,,no candidate
s7746,"Pizza, birra, faso",1998,"Dramas, International Movies",Movie,,,,,,no candidate
s7747,"Plaire, aimer et courir vite",2018,"Dramas, Independent Movies, International Movies",Movie,,,,,,no candidate
s7750,Planet Hulk,2010,"Action & Adventure, Sci-Fi & Fantasy",Movie,72701,Planet 51 (2009),80.0,78.3,0.29,"subset match, insufficient evidence (score 80, margin 2)"
s7751,Planetarium,2016,"Dramas, International Movies",Movie,,,,,,no candidate
s7753,Playing for Time,1980,Dramas,Movie,,,,,,no candidate
s7754,Playing Hard,2018,"Documentaries, International Movies",Movie,,,,,,no candidate
s7755,Pope Francis: A Man of His Word,2018,"Documentaries, Faith & Spirituality, International Movies",Movie,,,,,,no candidate
s7758,Porto,2016,"Dramas, Independent Movies, Romantic Movies",Movie,,,,,,no candidate
s7759,Postcards from London,2018,"Dramas, Independent Movies, LGBTQ Movies",Movie,,,,,,no candidate
s7775,"Power Rangers Samurai: Christmas Together, Friends Forever (Christmas Special)",2011,Movies,Movie,72294,"Christmas Carol, A (2009)",75.0,0.0,,"subset match, insufficient evidence (score 75, margin 75)"
s7776,Power Rangers Samurai: Clash of the Red Rangers,2011,Children & Family Movies,Movie,81229,Red (2010),100.0,77.4,0.0,genre conflict
s7777,Power Rangers Samurai: Party Monsters (Halloween Special),2011,Movies,Movie,80917,Monsters (2010),100.0,85.7,,MovieLens title nested inside Netflix title (likely different film)
s7779,Power Rangers Super Megaforce: The Legendary Battle (Extended),2014,Movies,Movie,130842,Power/Rangers (2015),100.0,100.0,,MovieLens title nested inside Netflix title (likely different film)
s7781,Power Rangers Super Samurai: Stuck on Christmas,2012,"Children & Family Movies, Sci-Fi & Fantasy",Movie,130842,Power/Rangers (2015),100.0,100.0,0.2,MovieLens title nested inside Netflix title (likely different film)
s7782,Power Rangers Super Samurai: Trickster Treat,2012,Movies,Movie,130842,Power/Rangers (2015),100.0,100.0,,MovieLens title nested inside Netflix title (likely different film)
s7788,Power Rangers: Megaforce: Raising Spirits,2013,Children & Family Movies,Movie,130842,Power/Rangers (2015),100.0,0.0,0.0,genre conflict
s7789,Power Rangers: Megaforce: The Robo Knight Before Christmas,2013,Children & Family Movies,Movie,130842,Power/Rangers (2015),100.0,0.0,0.0,genre conflict
s7790,Prague,2013,"Dramas, Independent Movies, International Movies",Movie,,,,,,no candidate
s7791,Prelude to War,1942,"Classic Movies, Documentaries",Movie,,,,,,no candidate
s7792,Premachi Goshta,2013,"International Movies, Romantic Movies",Movie,,,,,,no candidate
s7793,Prescription Thugs,2015,Documentaries,Movie,,,,,,no candidate
s7795,Prince Charming,1984,"Comedies, International Movies, Romantic Movies",Movie,,,,,,no candidate
s7797,Princess Cyd,2017,"Dramas, Independent Movies, LGBTQ Movies",Movie,,,,,,no candidate
s7798,Professor Mack,2018,"Comedies, Romantic Movies",Movie,,,,,,no candidate
s7800,Prosecuting Evil: The Extraordinary World of Ben Ferencz,2019,Documentaries,Movie,,,,,,no candidate
s7802,Pukar,2000,"Action & Adventure, Dramas, International Movies",Movie,,,,,,no candidate
s7804,Punjab 1984,2014,"Dramas, International Movies",Movie,,,,,,no candidate
s7805,Pusher,2012,Action & Adventure,Movie,66171,Push (2009),80.0,0.0,0.0,genre conflict
s7806,Pyaar Ka Punchnama,2011,"Comedies, Dramas, International Movies",Movie,,,,,,no candidate
s7808,Q Ball,2019,"Documentaries, Sports Movies",Movie,,,,,,no candidate
s7812,Queen of the Desert,2015,Dramas,Movie,,,,,,no candidate
s7815,R.L. Stine's Mostly Ghostly,2008,"Children & Family Movies, Comedies",Movie,,,,,,no candidate
s7819,Radical: the Controversial Saga of Dada Figueiredo,2013,"Documentaries, International Movies, Sports Movies",Movie,,,,,,no candidate
s7820,Radiopetti,2015,"Dramas, International Movies",Movie,,,,,,no candidate
s7822,Rahasya,2015,"Dramas, International Movies",Movie,,,,,,no candidate
s7823,Raiders!: The Story of the Greatest Fan Film Ever Made,2015,Documentaries,Movie,,,,,,no candidate
s7824,Railroad Tigers,2016,"Action & Adventure, Comedies, International Movies",Movie,173751,Tiger Raid (2016),80.0,0.0,0.0,genre conflict
s7825,Raja Hindustani,1996,"Dramas, International Movies, Romantic Movies",Movie,,,,,,no candidate
s7826,Rajnigandha,1974,"Comedies, Dramas, Independent Movies",Movie,,,,,,no candidate
s7827,Ralph Breaks the Internet: Wreck-It Ralph 2,2018,"Children & Family Movies, Comedies",Movie,175303,It (2017),100.0,0.0,0.0,genre conflict
s7828,Ram Teri Ganga Maili,1985,"Classic Movies, Dramas, International Movies",Movie,,,,,,no candidate
s7830,Ramen Shop,2018,"Dramas, International Movies",Movie,,,,,,no candidate
s7831,Ramji Londonwaley,2005,"Comedies, Dramas, International Movies",Movie,,,,,,no candidate
s7832,Rampant,2018,"Action & Adventure, Horror Movies, International Movies",Movie,,,,,,no candidate
s7833,Ranbhool,2010,"Horror Movies, International Movies, Thrillers",Movie,,,,,,no candidate
s7834,Rangreza,2017,"Dramas, International Movies, Music & Musicals",Movie,,,,,,no candidate
s7835,Rats,2016,Documentaries,Movie,,,,,,no candidate
s7837,Reaction,2011,"Dramas, International Movies",Movie,,,,,,no candidate
s7838,Ready,2011,"Comedies, International Movies, Romantic Movies",Movie,140956,Ready Player One,100.0,75.0,0.0,genre conflict
s7842,Recall,2018,Dramas,Movie,,,,,,no candidate
s7844,Red Christmas,2016,Horror Movies,Movie,119964,A Merry Friggin' Christmas (2014),81.8,81.8,0.0,genre conflict
s7846,Red Oleanders Raktokarobi,2017,"Dramas, International Movies",Movie,,,,,,no candidate
s7847,Red Trees,2017,"Documentaries, International Movies",Movie,,,,,,no candidate
s7849,Refugee,2016,Documentaries,Movie,,,,,,no candidate
s7850,Regatta,2015,"Action & Adventure, Dramas, International Movies",Movie,,,,,,no candidate
s7852,Reincarnated,2012,"Documentaries, Music & Musicals",Movie,,,,,,no candidate
s7853,Rembat,2015,"Action & Adventure, Comedies, International Movies",Movie,,,,,,no candidate
s7854,Remember,2015,"Action & Adventure, Dramas",Movie,,,,,,no candidate
s7856,Rememory,2017,"Dramas, Sci-Fi & Fantasy",Movie,,,,,,no candidate
s7859,Residente,2017,"Documentaries, Music & Musicals",Movie,,,,,,no candidate
s7860,Restless Creature: Wendy Whelan,2016,Documentaries,Movie,,,,,,no candidate
s7861,Return To The 36th Chamber,1980,"Action & Adventure, Comedies, International Movies",Movie,,,,,,no candidate
s7862,Revelations,2016,"Dramas, International Movies",Movie,,,,,,no candidate
s7866,Revolutionary Road,2008,"Dramas, Romantic Movies",Movie,63072,"Road, The (2009)",100.0,100.0,0.25,MovieLens title nested inside Netflix title (likely different film)
s7867,Rezeta,2012,"Dramas, Independent Movies, International Movies",Movie,,,,,,no candidate
s7870,Ringan,2015,"Dramas, International Movies",Movie,,,,,,no candidate
s7872,Rise of the Zombie,2013,"Horror Movies, International Movies",Movie,146210,Blue Mountain State: The Rise of Thadland (2015),75.9,75.9,0.0,genre conflict
s7874,Rivaaz,2011,"Dramas, Independent Movies, International Movies",Movie,,,,,,no candidate
s7875,Road to Sangam,2010,"Dramas, Independent Movies, International Movies",Movie,63072,"Road, The (2009)",100.0,0.0,0.33,MovieLens title nested inside Netflix title (likely different film)
s7876,Road to Yesterday,2015,"Dramas, International Movies",Movie,,,,,,no candidate
s7877,Roberto Saviano: Writing Under Police Protection,2016,"Documentaries, International Movies",Movie,,,,,,no candidate
s7878,Robin Hood: The Rebellion,2018,"Action & Adventure, Independent Movies, International Movies",Movie,,,,,,no candidate
s7881,Rocky II,1979,"Dramas, Sports Movies",Movie,1954,Rocky (1976),100.0,100.0,1.0,MovieLens title nested inside Netflix title (likely different film)
s7885,Roger Corman's Death Race 2050,2017,"Action & Adventure, Sci-Fi & Fantasy",Movie,152071,Race (2016),100.0,0.0,0.0,genre conflict
s7886,Roh's Beauty,2014,"Dramas, International Movies",Movie,,,,,,no candidate
s7887,Roll Red Roll,2018,Documentaries,Movie,,,,,,no candidate
s7888,Rolling Papers,2015,Documentaries,Movie,,,,,,no candidate
s7889,Romeo Ranjha,2014,"Action & Adventure, Comedies, Music & Musicals",Movie,,,,,,no candidate
s7891,Room for Rent,2017,"Comedies, Independent Movies",Movie,140174,Room (2015),100.0,0.0,,MovieLens title nested inside Netflix title (likely different film)
s7892,Room on the Broom,2012,"Children & Family Movies, Independent Movies",Movie,140174,Room (2015),100.0,0.0,0.0,genre conflict
s7894,Roots,2016,"Documentaries, International Movies, Music & Musicals",Movie,,,,,,year mismatch on exact title
s7899,Rukh,2017,"Dramas, Independent Movies, International Movies",Movie,,,,,,no candidate
s7900,Rumble,2016,"Action & Adventure, Independent Movies",Movie,,,,,,no candidate
s7903,Run,2004,"Action & Adventure, International Movies, Music & Musicals",Movie,58162,Run Fatboy Run (2007),100.0,0.0,0.0,genre conflict
s7905,Running for Grace,2018,"Dramas, Romantic Movies",Movie,,,,,,no candidate
s7906,Running Out Of Time,2018,Thrillers,Movie,,,,,,no candidate
s7908,Russell Madness,2015,"Children & Family Movies, Comedies, Sports Movies",Movie,,,,,,no candidate
s7910,Russell Peters: Notorious,2013,Stand-Up Comedy,Movie,,,,,,no candidate
s7911,Rustom,2016,"Dramas, International Movies",Movie,,,,,,no candidate
s7912,S Is for Stanley,2016,"Documentaries, International Movies",Movie,,,,,,no candidate
s7914,Saath Saath,1982,"Dramas, Independent Movies, International Movies",Movie,,,,,,no candidate
s7915,Sacro GRA,2013,"Documentaries, International Movies",Movie,,,,,,no candidate
s7916,Sadece Sen,2014,"Dramas, International Movies, Romantic Movies",Movie,,,,,,no candidate
s7917,Sadie's Last Days on Earth,2016,"Comedies, Sci-Fi & Fantasy",Movie,114066,"20,000 Days on Earth (2014)",78.8,0.0,0.0,genre conflict
s7918,Sadma,1983,"Dramas, International Movies, Romantic Movies",Movie,,,,,,no candidate
s7920,Saeed Mirza: The Leftist Sufi,2016,"Documentaries, International Movies",Movie,,,,,,no candidate
s7922,Saheb Bibi Golaam,2016,"Dramas, International Movies",Movie,,,,,,no candidate
s7923,Sairat,2016,"Dramas, International Movies, Romantic Movies",Movie,,,,,,no candidate
s7924,Sakhi,2007,"Dramas, International Movies, Music & Musicals",Movie,,,,,,no candidate
s7925,Salem: His Sister's Father,2014,"Dramas, International Movies",Movie,95135,Your Sister's Sister (2011),76.2,0.0,0.5,"subset match, insufficient evidence (score 76, margin 76)"
s7926,Samantaral,2017,"Dramas, International Movies",Movie,,,,,,no candidate
s7927,Samarppanam,2017,"Dramas, International Movies",Movie,,,,,,no candidate
s7928,Sameer Abu Alneel,2013,"Comedies, International Movies",Movie,,,,,,no candidate
s7929,Samson,2018,"Action & Adventure, Dramas, Faith & Spirituality",Movie,,,,,,no candidate
s7930,Samudri Lootere,2018,Children & Family Movies,Movie,,,,,,no candidate
s7931,San Pietro,1945,"Classic Movies, Documentaries",Movie,,,,,,no candidate
s7932,Sanai Choughade,2008,"Comedies, Dramas, International Movies",Movie,,,,,,no candidate
s7933,Sangam,1964,"Classic Movies, Dramas, International Movies",Movie,,,,,,no candidate
s7934,Santa Claws,2014,"Children & Family Movies, Comedies",Movie,,,,,,no candidate
s7935,Santa's Apprentice,2010,Children & Family Movies,Movie,79139,"Sorcerer's Apprentice, The (2010)",80.0,0.0,0.2,"subset match, insufficient evidence (score 80, margin 80)"
s7936,Sarah's Key,2010,"Dramas, International Movies",Movie,,,,,,no candidate
s7937,Sardaar ji,2015,"Comedies, International Movies, Music & Musicals",Movie,,,,,,no candidate
s7938,Sardaarji 2,2016,"Action & Adventure, Comedies, International Movies",Movie,,,,,,no candidate
s7939,Sarivar Sari,2005,"Dramas, International Movies",Movie,,,,,,no candidate
s7940,Sarvopari Palakkaran,2017,"Dramas, International Movies",Movie,,,,,,no candidate
s7941,Sat Sri Akal,2008,"Dramas, Faith & Spirituality, International Movies",Movie,,,,,,no candidate
s7942,Satan & Adam,2018,"Documentaries, Music & Musicals",Movie,,,,,,no candidate
s7944,Satrangi Re,2012,"Dramas, International Movies, Music & Musicals",Movie,,,,,,no candidate
s7945,Satte Pe Satta,1982,"Comedies, Cult Movies, Dramas",Movie,,,,,,no candidate
s7946,Saturday Church,2017,"Dramas, LGBTQ Movies",Movie,,,,,,no candidate
s7947,Savage Dog,2017,"Action & Adventure, Independent Movies",Movie,,,,,,no candidate
s7948,Savage Raghda,2018,"Comedies, International Movies, Romantic Movies",Movie,,,,,,no candidate
s7951,Saving Zoë,2019,Dramas,Movie,,,,,,no candidate
s7952,Say When,2014,"Comedies, Dramas, Independent Movies",Movie,,,,,,no candidate
s7953,Scales: Mermaids Are Real,2017,Children & Family Movies,Movie,,,,,,no candidate
s7955,Scandal in Sorrento,1955,"Classic Movies, Comedies, Independent Movies",Movie,,,,,,no candidate
s7957,Scary Movie 5,2013,"Comedies, Horror Movies",Movie,100083,Movie 43 (2013),76.9,0.0,0.0,genre conflict
s7960,Scooby-Doo on Zombie Island,1998,Children & Family Movies,Movie,,,,,,no candidate
s7962,Scream 2,1997,Horror Movies,Movie,1407,Scream (1996),100.0,100.0,0.25,MovieLens title nested inside Netflix title (likely different film)
s7964,Seal Team Six: The Raid on Osama Bin Laden,2012,Action & Adventure,Movie,78469,"A-Team, The (2010)",100.0,0.0,0.25,MovieLens title nested inside Netflix title (likely different film)
s7968,Secret,2007,"Dramas, International Movies, Music & Musicals",Movie,7347,Secret Window (2004),100.0,100.0,0.0,genre conflict
s7971,Secrets of Althorp - The Spencers,2013,"Documentaries, International Movies",Movie,,,,,,no candidate
s7972,Secrets of Chatsworth,2013,"Documentaries, International Movies",Movie,,,,,,no candidate
s7973,Secrets of Henry VIII's Palace: Hampton Court,2013,"Documentaries, International Movies",Movie,,,,,,no candidate
s7974,Secrets of Her Majesty's Secret Service,2014,"Documentaries, International Movies",Movie,106920,Her (2013),100.0,0.0,0.0,genre conflict
s7975,Secrets of Highclere Castle,2013,"Documentaries, International Movies",Movie,,,,,,no candidate
s7976,Secrets of Scotland Yard,2013,Documentaries,Movie,,,,,,no candidate
s7977,Secrets of Selfridges,2014,Documentaries,Movie,,,,,,no candidate
s7978,Secrets of the Tower of London,2013,Documentaries,Movie,,,,,,no candidate
s7979,Secrets of Underground London,2014,"Documentaries, International Movies",Movie,,,,,,no candidate
s7980,Secrets of Westminster,2014,"Documentaries, International Movies",Movie,,,,,,no candidate
s7981,Sen Kimsin?,2012,"Comedies, International Movies",Movie,,,,,,no candidate
s7984,"Septiembre, un llanto en silencio",2017,"Dramas, Independent Movies, International Movies",Movie,,,,,,no candidate
s7986,Set Up,2011,Action & Adventure,Movie,68954,Up (2009),100.0,0.0,0.2,MovieLens title nested inside Netflix title (likely different film)
s7987,Sex and the City 2,2010,"Comedies, Dramas, Romantic Movies",Movie,59725,Sex and the City (2008),100.0,100.0,0.33,MovieLens title nested inside Netflix title (likely different film)
s7988,Sex and the City: The Movie,2008,"Comedies, Dramas, Romantic Movies",Movie,59725,Sex and the City (2008),100.0,94.1,0.33,MovieLens title nested inside Netflix title (likely different film)
s7989,Sex Doll,2016,"Dramas, International Movies, Romantic Movies",Movie,,,,,,no candidate
s7990,"Sexo, Pudor y Lagrimas",1999,"Comedies, Dramas, International Movies",Movie,,,,,,no candidate
s7991,SGT. Will Gardner,2019,Dramas,Movie,,,,,,no candidate
s7993,Shahanpan Dega Deva,2011,"Comedies, International Movies",Movie,,,,,,no candidate
s7995,Shakti: The Power,2002,"Dramas, International Movies, Thrillers",Movie,,,,,,no candidate
s7996,Shanghai,2012,"Dramas, Independent Movies, International Movies",Movie,,,,,,no candidate
s7997,Shararat,2002,"Comedies, International Movies, Music & Musicals",Movie,5817,Ararat (2002),85.7,0.0,0.0,genre conflict
s7998,Shark Busters,2002,"Dramas, International Movies",Movie,,,,,,no candidate
s8000,Shaurya: It Takes Courage to Make Right... Right,2008,"Dramas, International Movies",Movie,,,,,,no candidate
s8001,She Did That,2019,Documentaries,Movie,,,,,,no candidate
s8004,Sherlock Holmes,2009,"Action & Adventure, Comedies",Movie,147250,The Adventures of Sherlock Holmes and Doctor Watson,100.0,100.0,,"subset match, insufficient evidence (score 100, margin 0)"
s8005,Shiva,1990,"Action & Adventure, Dramas, International Movies",Movie,,,,,,no candidate
s8006,Shopkins: Chef Club,2016,Movies,Movie,111443,Chef (2014),100.0,0.0,,MovieLens title nested inside Netflix title (likely different film)
s8007,Shopkins: Wild,2018,Movies,Movie,,,,,,no candidate
s8008,Shopkins: World Vacation,2017,Movies,Movie,136598,Vacation (2015),100.0,0.0,,MovieLens title nested inside Netflix title (likely different film)
s8009,Shorgul,2016,"Dramas, International Movies",Movie,,,,,,no candidate
s8011,Shorts,2009,"Children & Family Movies, Comedies",Movie,48744,Shortbus (2006),85.7,0.0,0.0,genre conflict
s8012,SHOT! The Psycho-Spiritual Mantra of Rock,2016,"Documentaries, Music & Musicals",Movie,,,,,,no candidate
s8013,Shuddhi,2017,"Dramas, International Movies, Thrillers",Movie,,,,,,no candidate
s8014,Shutter,2004,"Horror Movies, International Movies",Movie,,,,,,no candidate
s8015,Sicilian Ghost Story,2017,"Dramas, International Movies, Thrillers",Movie,,,,,,no candidate
s8017,Siddhant,2014,"Dramas, Independent Movies, International Movies",Movie,,,,,,no candidate
s8018,Silencer,2018,"Action & Adventure, Independent Movies",Movie,143367,Silence (2016),93.3,0.0,0.0,genre conflict
s8020,Silicon Cowboys,2016,Documentaries,Movie,,,,,,no candidate
s8024,Singh Saab the Great,2013,"Action & Adventure, Dramas, International Movies",Movie,,,,,,no candidate
s8026,Singularity,2017,"Action & Adventure, Dramas, Sci-Fi & Fantasy",Movie,,,,,,no candidate
s8027,Sinister Circle,2017,"Horror Movies, International Movies",Movie,143365,The Circle (2016),100.0,0.0,0.0,genre conflict
s8028,Siren,2016,Horror Movies,Movie,,,,,,no candidate
s8029,Sister Code,2015,"Comedies, Dramas, Romantic Movies",Movie,,,,,,no candidate
s8030,Skin Trade,2014,Action & Adventure,Movie,,,,,,no candidate
s8033,Skiptrace,2016,"Action & Adventure, Comedies",Movie,,,,,,no candidate
s8034,Sky on Fire,2016,"Action & Adventure, International Movies",Movie,,,,,,no candidate
s8035,Skydancers,2014,"Documentaries, Sports Movies",Movie,,,,,,no candidate
s8037,Sleeping with Other People,2015,"Comedies, Dramas, Independent Movies",Movie,,,,,,no candidate
s8038,Sleepover,2004,"Comedies, Romantic Movies",Movie,,,,,,no candidate
s8039,Sling Blade,1996,"Dramas, Independent Movies",Movie,678,Some Folks Call It a Sling Blade (1993),100.0,100.0,0.5,"subset match, insufficient evidence (score 100, margin 0)"
s8045,Smash: Motorized Mayhem,2017,"Documentaries, Sports Movies",Movie,179491,Mayhem (2017),100.0,0.0,0.0,genre conflict
s8046,SMOSH: The Movie,2015,Comedies,Movie,100083,Movie 43 (2013),76.9,75.0,,"subset match, insufficient evidence (score 77, margin 2)"
s8047,Sniper: Special Ops,2016,"Action & Adventure, Dramas",Movie,,,,,,no candidate
s8048,Socha Na Tha,2005,"Comedies, International Movies, Romantic Movies",Movie,,,,,,no candidate
s8049,Social Animals,2018,Documentaries,Movie,143001,Anti-Social (2015),80.0,77.4,0.0,genre conflict
s8050,Soekarno,2013,"Dramas, International Movies",Movie,,,,,,no candidate
s8051,Solo Con Tu Pareja,1991,"Comedies, Independent Movies, International Movies",Movie,,,,,,no candidate
s8053,Solo: A Star Wars Story (Spanish Version),2018,"Action & Adventure, Children & Family Movies, Sci-Fi & Fantasy",Movie,187595,Solo: A Star Wars Story (2018),100.0,77.3,0.8,MovieLens title nested inside Netflix title (likely different film)
s8054,Solomon Kane,2009,"Action & Adventure, International Movies, Sci-Fi & Fantasy",Movie,,,,,,no candidate
s8055,Some Freaks,2017,"Dramas, Romantic Movies",Movie,,,,,,no candidate
s8058,Sons of Ben,2016,"Documentaries, Sports Movies",Movie,,,,,,no candidate
s8061,Soul to Keep,2019,"Horror Movies, Independent Movies",Movie,,,,,,no candidate
s8062,Sour Grapes,2016,Documentaries,Movie,,,,,,no candidate
s8064,Sparkle,1976,"Dramas, Music & Musicals",Movie,,,,,,no candidate
s8066,Speech & Debate,2017,"Comedies, Dramas, Independent Movies",Movie,109183,Date and Switch (2014),75.0,0.0,0.0,genre conflict
s8067,Speed Is My Need,2019,"Documentaries, Sports Movies",Movie,,,,,,no candidate
s8068,Spider-Man 3,2007,"Action & Adventure, Sci-Fi & Fantasy",Movie,37477,"Man, The (2005)",100.0,100.0,0.17,MovieLens title nested inside Netflix title (likely different film)
s8069,Spider-Man: Into the Spider-Verse,2018,"Action & Adventure, Comedies",Movie,,,,,,no candidate
s8070,Spitfire: The Plane that Saved the World,2018,Documentaries,Movie,,,,,,no candidate
s8073,Spring Breakers,2012,"Comedies, Cult Movies, Dramas",Movie,130840,Spring (2015),100.0,0.0,0.0,genre conflict
s8074,Sprinter,2018,"Dramas, International Movies, Sports Movies",Movie,,,,,,no candidate
s8076,Spy Kids 2: The Island of Lost Dreams,2002,"Children & Family Movies, Comedies",Movie,4232,Spy Kids (2001),100.0,100.0,0.25,MovieLens title nested inside Netflix title (likely different film)
s8077,Spy Kids 3: Game Over,2003,"Children & Family Movies, Comedies",Movie,4232,Spy Kids (2001),100.0,100.0,0.25,MovieLens title nested inside Netflix title (likely different film)
s8078,Spy Time,2015,"Action & Adventure, Comedies, International Movies",Movie,134368,Spy (2015),100.0,0.0,0.25,MovieLens title nested inside Netflix title (likely different film)
s8079,St. Agatha,2018,"Horror Movies, Independent Movies",Movie,,,,,,no candidate
s8080,Staged Killer,2019,Thrillers,Movie,,,,,,no candidate
s8082,Star Men,2015,Documentaries,Movie,,,,,,no candidate
s8083,Star Wars: Episode VIII: The Last Jedi,2017,"Action & Adventure, Children & Family Movies, Sci-Fi & Fantasy",Movie,179819,Star Wars: The Last Jedi (2017),100.0,0.0,0.8,MovieLens title nested inside Netflix title (likely different film)
s8085,Starred Up,2013,"Dramas, Independent Movies, International Movies",Movie,,,,,,no candidate
s8087,Stealing History,2006,"Documentaries, International Movies",Movie,,,,,,no candidate
s8089,Step Outside,2018,"Comedies, International Movies",Movie,,,,,,no candidate
s8090,Stephanie,2017,Horror Movies,Movie,,,,,,no candidate
s8091,Sthaniya Sambaad,2010,"Dramas, International Movies",Movie,,,,,,no candidate
s8092,Still,2010,"Horror Movies, International Movies",Movie,147282,What Men Still Talk About (2011),100.0,100.0,0.0,genre conflict
s8093,Stink!,2015,Documentaries,Movie,,,,,,no candidate
s8096,Stonehearst Asylum,2014,"Horror Movies, Thrillers",Movie,,,,,,no candidate
s8097,Stop at Nothing: The Lance Armstrong Story,2014,"Documentaries, International Movies, Sports Movies",Movie,,,,,,no candidate
s8099,Story of an Egg,2017,"Comedies, International Movies, Romantic Movies",Movie,,,,,,no candidate
s8100,Straight Up,2020,"Comedies, Independent Movies, LGBTQ Movies",Movie,,,,,,no candidate
s8101,Strange but True,2019,"Dramas, Thrillers",Movie,,,,,,no candidate
s8105,Strike a Pose,2016,"Documentaries, International Movies, LGBTQ Movies",Movie,,,,,,no candidate
s8109,Stronger Than the World,2016,"Action & Adventure, Dramas, International Movies",Movie,,,,,,no candidate
s8111,Stuart Little 2,2002,"Children & Family Movies, Comedies",Movie,3157,Stuart Little (1999),100.0,100.0,0.33,MovieLens title nested inside Netflix title (likely different film)
s8112,Submission,2019,"Action & Adventure, Dramas",Movie,,,,,,no candidate
s8113,Suburra,2015,"Dramas, International Movies, Thrillers",Movie,,,,,,no candidate
s8114,Suckseed,2011,"Comedies, International Movies, Music & Musicals",Movie,,,,,,no candidate
s8115,Sudani from Nigeria,2018,"Comedies, Dramas, International Movies",Movie,,,,,,no candidate
s8116,Suicide (Hitabdut),2014,"International Movies, Thrillers",Movie,,,,,,no candidate
s8117,Suite Française,2014,"Dramas, International Movies, Romantic Movies",Movie,,,,,,no candidate
s8119,Summer Night,2019,"Comedies, Dramas, Romantic Movies",Movie,,,,,,no candidate
s8120,Summer of '92,2015,"Dramas, International Movies, Sports Movies",Movie,103048,"Kings of Summer, The (2013)",85.7,0.0,0.0,genre conflict
s8121,Sunrise,2014,"Dramas, Independent Movies, International Movies",Movie,,,,,,no candidate
s8123,Super Bheem Bana Vajraveer,2018,Children & Family Movies,Movie,,,,,,no candidate
s8124,Super Dark Times,2017,"Dramas, Independent Movies, Thrillers",Movie,,,,,,no candidate
s8125,Super Nani,2014,"Comedies, Dramas, International Movies",Movie,87306,Super 8 (2011),83.3,0.0,0.0,genre conflict
s8128,Superfly,1972,"Action & Adventure, Classic Movies, Dramas",Movie,,,,,,year mismatch on exact title
s8132,Surat Dari Praha,2016,"Dramas, International Movies, Romantic Movies",Movie,,,,,,no candidate
s8134,Survivors Guide to Prison,2017,Documentaries,Movie,,,,,,no candidate
s8135,Susanne Bartsch: On Top,2017,"Documentaries, LGBTQ Movies",Movie,,,,,,no candidate
s8136,Sustainable,2016,Documentaries,Movie,,,,,,no candidate
s8137,Swami,1977,"Dramas, Independent Movies, International Movies",Movie,5543,"Swarm, The (1978)",80.0,0.0,0.0,genre conflict
s8140,Sweet Virginia,2017,"Dramas, Independent Movies, Thrillers",Movie,,,,,,no candidate
s8142,Sword Master,2016,"Action & Adventure, Dramas, International Movies",Movie,,,,,,no candidate
s8143,Sword Masters: Two Champions of Shaolin,1980,"Action & Adventure, International Movies",Movie,,,,,,no candidate
s8145,Taal,1999,"Dramas, International Movies, Music & Musicals",Movie,,,,,,no candidate
s8146,Tahaan,2008,"Dramas, International Movies",Movie,,,,,,no candidate
s8147,Take Me Home Tonight,2011,"Comedies, Romantic Movies",Movie,69529,Home (2009),100.0,100.0,0.0,genre conflict
s8150,Tamanchey,2014,"Action & Adventure, International Movies, Romantic Movies",Movie,,,,,,no candidate
s8151,Tarif de nuit,2015,"International Movies, Thrillers",Movie,,,,,,no candidate
s8152,Tarzan,1999,Children & Family Movies,Movie,1867,Tarzan and the Lost City (1998),100.0,100.0,0.0,genre conflict
s8153,Tarzan 2,2005,Children & Family Movies,Movie,,,,,,no candidate
s8154,Tattah,2013,"Comedies, International Movies",Movie,,,,,,no candidate
s8155,Tayo the Little Bus Movie: Mission Ace,2016,Children & Family Movies,Movie,100083,Movie 43 (2013),76.9,0.0,0.0,genre conflict
s8156,Teach Us All,2017,Documentaries,Movie,,,,,,no candidate
s8157,Teen Patti,2010,"Dramas, International Movies, Thrillers",Movie,,,,,,no candidate
s8158,Teenage Cocktail,2016,"Dramas, Independent Movies, LGBTQ Movies",Movie,,,,,,no candidate
s8159,Teenage Mutant Ninja Turtles,2007,"Children & Family Movies, Comedies",Movie,51939,TMNT (Teenage Mutant Ninja Turtles) (2007),100.0,100.0,0.17,"subset match, insufficient evidence (score 100, margin 0)"
s8160,Teenage Mutant Ninja Turtles II: The Secret of the Ooze,1991,"Children & Family Movies, Comedies",Movie,3438,Teenage Mutant Ninja Turtles (1990),100.0,100.0,0.2,MovieLens title nested inside Netflix title (likely different film)
s8161,Teenage Mutant Ninja Turtles: The Movie,1990,"Action & Adventure, Comedies",Movie,3438,Teenage Mutant Ninja Turtles (1990),100.0,93.3,0.17,MovieLens title nested inside Netflix title (likely different film)
s8162,Tees Maar Khan,2010,"Comedies, International Movies, Music & Musicals",Movie,,,,,,no candidate
s8163,Tellur Aliens,2016,Children & Family Movies,Movie,,,,,,no candidate
s8164,Temporada de Caza,2017,"Dramas, International Movies",Movie,,,,,,no candidate
s8165,Ten Years,2015,"Dramas, Independent Movies, International Movies",Movie,,,,,,no candidate
s8169,Terra,2015,"Documentaries, International Movies",Movie,,,,,,no candidate
s8170,Terrifier,2017,"Horror Movies, Independent Movies, Thrillers",Movie,,,,,,no candidate
s8171,Teshan,2016,"Comedies, International Movies, Romantic Movies",Movie,,,,,,no candidate
s8172,Tezz,2012,"Action & Adventure, International Movies, Music & Musicals",Movie,,,,,,no candidate
s8177,The 24 Hour War,2016,"Documentaries, Sports Movies",Movie,,,,,,no candidate
s8178,The 4th Company,2016,"Action & Adventure, Dramas, International Movies",Movie,,,,,,no candidate
s8179,The Accountant of Auschwitz,2018,"Documentaries, International Movies",Movie,162606,The Accountant (2016),100.0,0.0,0.0,genre conflict
s8182,The Adventure Club,2016,Children & Family Movies,Movie,,,,,,no candidate
s8186,The Aerial,2007,"Dramas, International Movies, Sci-Fi & Fantasy",Movie,,,,,,no candidate
s8187,The Age of Shadows,2016,"Action & Adventure, Dramas, International Movies",Movie,159690,Teenage Mutant Ninja Turtles: Out of the Shadows (2016),83.3,0.0,0.5,"subset match, insufficient evidence (score 83, margin 83)"
s8191,The Angry Birds Movie 2,2019,"Children & Family Movies, Comedies",Movie,157340,The Angry Birds Movie (2016),100.0,0.0,0.0,genre conflict
s8192,The Animal People,2019,Documentaries,Movie,,,,,,no candidate
s8193,The Ant's Scream,2010,"Comedies, Dramas, International Movies",Movie,86295,Scream 4 (2011),85.7,0.0,0.0,genre conflict
s8195,The Apostate,2015,"Comedies, Dramas, International Movies",Movie,,,,,,no candidate
s8198,The Assignment,2016,Action & Adventure,Movie,,,,,,year mismatch on exact title
s8199,The Autopsy of Jane Doe,2016,"Horror Movies, Independent Movies, Thrillers",Movie,,,,,,no candidate
s8201,The Bachelors,2017,Dramas,Movie,,,,,,no candidate
s8202,The Bad Education Movie,2015,Comedies,Movie,100083,Movie 43 (2013),76.9,0.0,,"subset match, insufficient evidence (score 77, margin 77)"
s8203,The Bad Kids,2016,Documentaries,Movie,,,,,,no candidate
s8204,The Bare-Footed Kid,1993,"Action & Adventure, International Movies",Movie,,,,,,no candidate
s8205,The Basement,2018,"Horror Movies, Thrillers",Movie,,,,,,no candidate
s8206,The Battle of Midway,1942,"Classic Movies, Documentaries",Movie,,,,,,no candidate
s8211,The Bill Murray Stories: Life Lessons Learned From a Mythical Man,2018,Documentaries,Movie,,,,,,no candidate
s8212,The Black Room,2016,Horror Movies,Movie,140174,Room (2015),100.0,0.0,0.0,genre conflict
s8213,The Blackcoat's Daughter,2015,"Horror Movies, Independent Movies, Thrillers",Movie,,,,,,no candidate
s8214,The Bleeder,2016,"Dramas, Sports Movies",Movie,,,,,,year mismatch on exact title
s8216,The Bomb,2016,Documentaries,Movie,,,,,,no candidate
s8219,The Boss's Daughter,2015,"Dramas, International Movies, Romantic Movies",Movie,157312,The Boss (2016),100.0,0.0,0.0,genre conflict
s8221,The Box,2009,"Sci-Fi & Fantasy, Thrillers",Movie,,,,,,no candidate
s8222,The Boy,2016,"Horror Movies, Independent Movies, Thrillers",Movie,112334,"Internet's Own Boy: The Story of Aaron Swartz, The (2014)",100.0,100.0,0.0,genre conflict
s8223,The Boy in the Striped Pajamas,2008,"Dramas, Independent Movies, International Movies",Movie,59995,Boy A (2007),100.0,100.0,0.5,MovieLens title nested inside Netflix title (likely different film)
s8225,The Brawler,2019,"Dramas, Independent Movies, Sports Movies",Movie,,,,,,no candidate
s8226,The Breadwinner,2017,"Children & Family Movies, Dramas, International Movies",Movie,,,,,,no candidate
s8231,The Bulbul's Nest,2013,"Comedies, International Movies",Movie,,,,,,no candidate
s8232,The Bund,1983,"Action & Adventure, Dramas, International Movies",Movie,,,,,,no candidate
s8233,The Bye Bye Man,2017,"Horror Movies, Thrillers",Movie,,,,,,no candidate
s8234,The Bygone,2019,"Independent Movies, Thrillers",Movie,,,,,,no candidate
s8235,The Cakemaker,2017,"Dramas, Independent Movies, International Movies",Movie,,,,,,no candidate
s8238,The Car,1977,"Cult Movies, Horror Movies",Movie,6410,Car Wash (1976),100.0,0.0,0.0,genre conflict
s8239,The Carter Effect,2017,"Documentaries, Sports Movies",Movie,,,,,,no candidate
s8240,The Case for Christ,2017,"Dramas, Faith & Spirituality",Movie,,,,,,no candidate
s8241,The Cell,2017,"Action & Adventure, Dramas, International Movies",Movie,161966,Elle (2016),75.0,0.0,0.0,genre conflict
s8242,The CEO,2016,"Dramas, International Movies, Thrillers",Movie,,,,,,no candidate
s8243,The Charnel House,2016,"Horror Movies, Thrillers",Movie,174815,The House (2017),100.0,0.0,0.0,genre conflict
s8245,The Chord,2010,"Dramas, International Movies, Music & Musicals",Movie,,,,,,no candidate
s8246,The Chosen,2016,"Dramas, International Movies, Thrillers",Movie,,,,,,year mismatch on exact title
s8247,The Chosen Ones,2015,"Dramas, Independent Movies, International Movies",Movie,,,,,,no candidate
s8248,The Christmas Candle,2013,"Dramas, Faith & Spirituality",Movie,141994,Saving Christmas (2014),75.0,0.0,0.0,genre conflict
s8249,The Christmas Project,2016,"Children & Family Movies, Comedies",Movie,,,,,,no candidate
s8253,The Competition,2018,"Comedies, Romantic Movies",Movie,,,,,,year mismatch on exact title
s8254,The Confirmation,2016,"Comedies, Dramas, Independent Movies",Movie,,,,,,no candidate
s8255,The Congress,2013,"Dramas, International Movies, Sci-Fi & Fantasy",Movie,,,,,,no candidate
s8256,The Consul's Son,2011,"Comedies, International Movies, Thrillers",Movie,,,,,,no candidate
s8261,The Cruise,1970,"Comedies, Cult Movies, International Movies",Movie,,,,,,year mismatch on exact title
s8265,The Damned Rain,2009,"Dramas, International Movies",Movie,,,,,,no candidate
s8268,The Dark Side of Life: Mumbai City,2018,"Dramas, International Movies",Movie,,,,,,no candidate
s8269,The Darkest Dawn,2016,"Action & Adventure, Independent Movies, International Movies",Movie,,,,,,no candidate
s8270,The Daughter,2015,Dramas,Movie,,,,,,no candidate
s8271,The Dawn Wall,2017,"Documentaries, Sports Movies",Movie,,,,,,no candidate
s8274,The Desert Bride,2017,"Dramas, International Movies",Movie,,,,,,no candidate
s8275,The Detained,2017,"Horror Movies, Thrillers",Movie,,,,,,no candidate
s8276,The Devil and Father Amorth,2017,"Documentaries, Horror Movies",Movie,,,,,,no candidate
s8277,The Devil Inside,2012,"Horror Movies, Thrillers",Movie,80846,Devil (2010),100.0,75.0,0.67,MovieLens title nested inside Netflix title (likely different film)
s8279,The Devil We Know,2018,Documentaries,Movie,,,,,,no candidate
s8280,The Diabolical,2015,"Horror Movies, Sci-Fi & Fantasy, Thrillers",Movie,,,,,,no candidate
s8281,The Dreamer,2009,"Dramas, International Movies",Movie,64622,"Reader, The (2008)",76.9,0.0,0.5,score 77 < 90
s8282,The Drowning,2016,Thrillers,Movie,,,,,,no candidate
s8284,The Duel,2016,Dramas,Movie,,,,,,year mismatch on exact title
s8286,The Dukes of Hazzard: The Beginning,2007,"Action & Adventure, Comedies",Movie,34520,"Dukes of Hazzard, The (2005)",100.0,0.0,0.67,MovieLens title nested inside Netflix title (likely different film)
s8287,The Eichmann Show,2015,"Dramas, International Movies",Movie,,,,,,no candidate
s8292,The Exception,2016,"Dramas, Romantic Movies",Movie,,,,,,no candidate
s8293,The Eyes of My Mother,2016,"Horror Movies, Independent Movies",Movie,176419,Mother! (2017),100.0,0.0,0.25,MovieLens title nested inside Netflix title (likely different film)
s8295,The Fear of 13,2015,"Documentaries, International Movies",Movie,98279,"Fantastic Fear of Everything, A (2012)",82.4,0.0,0.0,genre conflict
s8296,The Feels,2018,"Comedies, Independent Movies, LGBTQ Movies",Movie,,,,,,no candidate
s8298,The Figurine (Araromire),2009,"Horror Movies, International Movies, Thrillers",Movie,,,,,,no candidate
s8299,The Final Destination,2009,Horror Movies,Movie,43679,Final Destination 3 (2006),100.0,100.0,0.33,"subset match, insufficient evidence (score 100, margin 0)"
s8300,The First Line,2014,"Dramas, Independent Movies",Movie,101415,"First Time, The (2012)",80.0,0.0,0.33,score 80 < 90
s8301,The First Temptation of Christ,2019,"Comedies, International Movies",Movie,,,,,,no candidate
s8308,The Forbidden Kingdom,2008,"Action & Adventure, Sci-Fi & Fantasy",Movie,54736,"Kingdom, The (2007)",100.0,100.0,0.17,MovieLens title nested inside Netflix title (likely different film)
s8309,The Force,2017,Documentaries,Movie,122886,Star Wars: Episode VII - The Force Awakens (2015),100.0,0.0,0.0,genre conflict
s8310,The Foreigner,2017,"Action & Adventure, International Movies",Movie,,,,,,no candidate
s8311,The Forgotten,2014,Horror Movies,Movie,,,,,,year mismatch on exact title
s8314,The Free Man,2016,"Documentaries, Sports Movies",Movie,,,,,,no candidate
s8315,The Frozen Ground,2013,"Dramas, Thrillers",Movie,106696,Frozen (2013),100.0,100.0,0.0,genre conflict
s8318,The Gathering,2003,"Comedies, Dramas, International Movies",Movie,,,,,,no candidate
s8319,The Gentleman Driver,2018,"Documentaries, Sports Movies",Movie,,,,,,no candidate
s8320,The Ghost Who Walks,2019,"Dramas, Independent Movies, Thrillers",Movie,,,,,,no candidate
s8321,The Girl with the Dragon Tattoo,2011,"Dramas, Thrillers",Movie,67255,"Girl with the Dragon Tattoo, The (Män som hatar kvinnor) (2009)",100.0,100.0,0.5,"subset match, insufficient evidence (score 100, margin 0)"
s8323,The Golem,2018,"Horror Movies, Independent Movies, International Movies",Movie,,,,,,no candidate
s8324,The Good Catholic,2017,"Comedies, Dramas, Romantic Movies",Movie,,,,,,no candidate
s8325,The Good Neighbor,2016,"Dramas, Independent Movies, Thrillers",Movie,187717,Won't You Be My Neighbor? (2018),76.2,0.0,0.0,genre conflict
s8327,The Gospel of John,2014,"Dramas, Faith & Spirituality",Movie,,,,,,no candidate
s8328,The Gospel of Luke,2015,"Dramas, Faith & Spirituality",Movie,,,,,,no candidate
s8329,The Gospel of Mark,2015,"Dramas, Faith & Spirituality",Movie,,,,,,no candidate
s8330,The Gospel of Matthew,2014,"Dramas, Faith & Spirituality",Movie,,,,,,no candidate
s8331,The Great Battle,2018,"Action & Adventure, Dramas, International Movies",Movie,,,,,,no candidate
s8333,The Great Gambler,1979,"Action & Adventure, Classic Movies, Cult Movies",Movie,,,,,,no candidate
s8338,The Hatred,2017,Horror Movies,Movie,,,,,,no candidate
s8339,The Haunting of Molly Hartley,2008,"Horror Movies, Thrillers",Movie,,,,,,no candidate
s8340,The Healer,2017,"Children & Family Movies, Dramas, Faith & Spirituality",Movie,,,,,,no candidate
s8341,The Heat: A Kitchen (R)evolution,2018,Documentaries,Movie,,,,,,no candidate
s8342,The Help,2011,Dramas,Movie,103602,Craig Ferguson: I'm Here To Help (2013),100.0,100.0,0.0,genre conflict
s8343,The Heretics,2017,Horror Movies,Movie,,,,,,no candidate
s8344,The Heroes of Evil,2015,"Dramas, International Movies",Movie,,,,,,no candidate
s8345,The Heyday of the Insensitive Bastards,2017,"Dramas, Independent Movies",Movie,,,,,,no candidate
s8346,The Hollow Point,2016,Action & Adventure,Movie,,,,,,no candidate
s8347,The Holy Man,2005,"Comedies, Faith & Spirituality, International Movies",Movie,37477,"Man, The (2005)",100.0,0.0,,MovieLens title nested inside Netflix title (likely different film)
s8349,The House on Coco Road,2016,Documentaries,Movie,174815,The House (2017),100.0,100.0,0.0,genre conflict
s8351,The Human Factor: The Untold Story of the Bombay Film Orchestras,2013,"Documentaries, International Movies, Music & Musicals",Movie,143511,Human (2015),100.0,0.0,0.5,MovieLens title nested inside Netflix title (likely different film)
s8352,The Humanity Bureau,2017,"Action & Adventure, Sci-Fi & Fantasy",Movie,,,,,,no candidate
s8355,The Hurricane Heist,2018,Action & Adventure,Movie,126420,American Heist (2015),75.9,0.0,0.5,"subset match, insufficient evidence (score 76, margin 76)"
s8356,The Hurt Business,2016,"Documentaries, Sports Movies",Movie,129737,Unfinished Business (2015),76.2,0.0,0.0,genre conflict
s8360,The Incredible Story of the Giant Pear,2018,Children & Family Movies,Movie,,,,,,no candidate
s8364,The Intent,2016,"Dramas, International Movies, Thrillers",Movie,140110,The Intern (2015),83.3,0.0,0.0,genre conflict
s8365,The Intent 2: The Come Up,2018,"Dramas, International Movies",Movie,,,,,,no candidate
s8368,The Invitation,2015,"Horror Movies, Independent Movies, Thrillers",Movie,160644,Indignation (2016),76.2,0.0,0.0,genre conflict
s8371,The Jack King Affair,2015,"Documentaries, International Movies",Movie,,,,,,no candidate
s8375,The Jungle School,2013,"Dramas, International Movies",Movie,137857,The Jungle Book (2016),75.0,0.0,0.33,"subset match, insufficient evidence (score 75, margin 75)"
s8376,The Keeping Hours,2017,"Dramas, Thrillers",Movie,138210,13 Hours (2016),76.9,0.0,0.5,"subset match, insufficient evidence (score 77, margin 77)"
s8382,The Lamb,2017,"Children & Family Movies, Faith & Spirituality",Movie,,,,,,no candidate
s8383,The Land of the Enlightened,2016,"Documentaries, International Movies",Movie,,,,,,no candidate
s8384,The Last Days of Chez Nous,1992,"Classic Movies, Dramas",Movie,,,,,,no candidate
s8386,The Last Face,2016,Dramas,Movie,,,,,,no candidate
s8387,The Last Hangover,2018,"Comedies, International Movies",Movie,,,,,,no candidate
s8388,The Last Man on the Moon,2014,Documentaries,Movie,,,,,,no candidate
s8389,The Last Resort,2018,Documentaries,Movie,,,,,,no candidate
s8390,The Last Whistle,2019,"Dramas, Sports Movies",Movie,,,,,,no candidate
s8391,The Legend of 420,2017,Documentaries,Movie,141688,Legend (2015),100.0,81.8,0.0,genre conflict
s8392,The Legend of Michael Mishra,2016,"Comedies, Dramas, International Movies",Movie,141688,Legend (2015),100.0,0.0,0.0,genre conflict
s8394,The Little Hours,2017,"Comedies, Independent Movies",Movie,138210,13 Hours (2016),76.9,75.0,,"subset match, insufficient evidence (score 77, margin 2)"
s8395,The Little Mermaid,2018,"Children & Family Movies, Dramas",Movie,,,,,,year mismatch on exact title
s8400,The Lodgers,2017,"Horror Movies, International Movies",Movie,136859,The Lovers (2015),76.9,0.0,0.0,genre conflict
s8401,The Long Goodbye: The Kara Tippetts Story,2019,"Documentaries, Faith & Spirituality",Movie,,,,,,no candidate
s8403,The Longshots,2008,"Comedies, Dramas, Sports Movies",Movie,,,,,,no candidate
s8404,The Look of Silence,2014,"Documentaries, International Movies",Movie,143367,Silence (2016),100.0,0.0,0.0,genre conflict
s8408,The Lovers and the Despot,2016,"Documentaries, International Movies",Movie,136859,The Lovers (2015),100.0,0.0,0.0,genre conflict
s8409,The lynx,1982,"Dramas, International Movies",Movie,,,,,,no candidate
s8410,The Mad Monk,1993,"Comedies, International Movies, Sci-Fi & Fantasy",Movie,,,,,,no candidate
s8411,The Magic Pill,2017,Documentaries,Movie,,,,,,no candidate
s8413,The Man Who Would Be Polka King,2009,"Documentaries, Music & Musicals",Movie,,,,,,no candidate
s8418,The Mayo Clinic,2018,Documentaries,Movie,,,,,,no candidate
s8419,The Mayor,2017,"Dramas, International Movies",Movie,,,,,,no candidate
s8420,"The Memphis Belle: A Story of a
Flying Fortress",1944,"Classic Movies, Documentaries",Movie,,,,,,no candidate
s8426,The Model,2016,"Dramas, Independent Movies, International Movies",Movie,,,,,,no candidate
s8427,The Monster,2016,"Horror Movies, Independent Movies",Movie,157200,Money Monster (2016),100.0,76.9,0.0,genre conflict
s8428,The Monster of Mangatiti,2015,Dramas,Movie,,,,,,no candidate
s8431,The Muppets,2011,"Children & Family Movies, Comedies",Movie,110297,Muppets Most Wanted (2014),100.0,100.0,0.0,genre conflict
s8433,The Music of Silence,2017,"Dramas, International Movies, Music & Musicals",Movie,143367,Silence (2016),100.0,0.0,0.33,MovieLens title nested inside Netflix title (likely different film)
s8434,The Naked Gun 2 1/2: The Smell of Fear,1991,Comedies,Movie,501,Naked (1993),100.0,100.0,,MovieLens title nested inside Netflix title (likely different film)
s8437,The Negro Soldier,1944,"Classic Movies, Documentaries",Movie,,,,,,no candidate
s8439,The New Romantic,2018,"Comedies, Independent Movies, Romantic Movies",Movie,,,,,,no candidate
s8441,The NSU-Complex,2016,"Documentaries, International Movies",Movie,,,,,,no candidate
s8442,The Nutcracker and the Four Realms,2018,Children & Family Movies,Movie,,,,,,no candidate
s8445,The Only Mother To You All,2008,"Comedies, International Movies",Movie,,,,,,no candidate
s8447,The Parole Officer,2001,"Action & Adventure, Comedies",Movie,2502,Office Space (1999),76.9,0.0,0.0,genre conflict
s8448,The Pass,2016,"Dramas, Independent Movies, LGBTQ Movies",Movie,,,,,,no candidate
s8454,The Physician,2013,"Action & Adventure, Dramas, International Movies",Movie,,,,,,no candidate
s8456,The Pirate Fairy,2014,Children & Family Movies,Movie,,,,,,no candidate
s8457,The Pirates of Somalia,2017,Dramas,Movie,,,,,,no candidate
s8460,The Plan,2015,"Dramas, International Movies, Thrillers",Movie,105653,Escape Plan (2013),100.0,100.0,0.25,"subset match, insufficient evidence (score 100, margin 0)"
s8463,The Power of Grayskull: The Definitive History of He-Man and the Masters of the Universe,2017,Documentaries,Movie,,,,,,no candidate
s8464,The President's Barber,2004,"Comedies, Dramas, International Movies",Movie,,,,,,no candidate
s8465,The Prince,2014,Action & Adventure,Movie,118198,The Green Prince (2014),100.0,100.0,0.0,genre conflict
s8468,The Prison,2017,"Action & Adventure, Dramas, International Movies",Movie,127152,Going Clear: Scientology and the Prison of Belief (2015),100.0,100.0,0.0,genre conflict
s8469,The Pursuit,2019,Documentaries,Movie,,,,,,no candidate
s8471,The Push,2018,"Documentaries, Sports Movies",Movie,156726,Hush (2016),75.0,0.0,0.0,genre conflict
s8473,The Rainbow Troops,2008,"Children & Family Movies, Dramas, International Movies",Movie,,,,,,no candidate
s8476,The Rat Race,2010,"Documentaries, International Movies",Movie,61248,Death Race (2008),77.8,0.0,0.0,genre conflict
s8478,The Real Miyagi,2015,"Documentaries, Sports Movies",Movie,,,,,,no candidate
s8479,The Rebound,2016,"Documentaries, Sports Movies",Movie,,,,,,year mismatch on exact title
s8480,The Redeemed and the Dominant: Fittest on Earth,2017,"Documentaries, Sports Movies",Movie,,,,,,no candidate
s8481,The Rehearsal,2016,"Dramas, Independent Movies, International Movies",Movie,,,,,,no candidate
s8482,The Republic of Imbaba,2015,"Dramas, International Movies",Movie,,,,,,no candidate
s8484,The Rezort,2016,"Horror Movies, International Movies",Movie,,,,,,no candidate
s8485,The Rift: The Dark Side of the Moon,2016,"Horror Movies, Independent Movies, Sci-Fi & Fantasy",Movie,,,,,,no candidate
s8487,The Ring,2002,"Horror Movies, Thrillers",Movie,4993,"Lord of the Rings: The Fellowship of the Ring, The (2001)",100.0,100.0,0.0,genre conflict
s8488,The Riot Club,2014,"Dramas, International Movies",Movie,,,,,,no candidate
s8489,The River Thief,2016,"Dramas, Independent Movies",Movie,,,,,,no candidate
s8492,The Rolling Stones: Olé Olé Olé! A Trip Across Latin America,2016,"Documentaries, International Movies, Music & Musicals",Movie,,,,,,no candidate
s8494,The Rover,2014,"International Movies, Thrillers",Movie,,,,,,no candidate
s8496,The Runner,2015,"Dramas, Independent Movies",Movie,105351,Runner Runner (2013),100.0,100.0,0.33,"subset match, insufficient evidence (score 100, margin 0)"
s8498,The Sapphires,2012,"Comedies, Dramas, Independent Movies",Movie,,,,,,no candidate
s8500,The Sea of Trees,2015,Dramas,Movie,,,,,,no candidate
s8501,The Search for Life in Space,2016,Documentaries,Movie,,,,,,no candidate
s8502,The Secret Life of Pets 2,2019,"Children & Family Movies, Comedies",Movie,135436,The Secret Life of Pets (2016),100.0,0.0,0.0,genre conflict
s8503,The Seven Five,2014,Documentaries,Movie,,,,,,no candidate
s8505,The Shaukeens,2014,"Comedies, International Movies, Music & Musicals",Movie,,,,,,no candidate
s8506,The Show,2017,Dramas,Movie,165343,The Rocky Horror Picture Show: Let's Do the Time Warp Again (2016),100.0,100.0,0.0,genre conflict
s8507,The Sign of Venus,1955,"Classic Movies, Comedies, Independent Movies",Movie,,,,,,no candidate
s8509,The Similars,2015,"Horror Movies, Independent Movies, International Movies",Movie,,,,,,no candidate
s8510,The Sinking Of Van Der Wijck,2013,"Dramas, International Movies, Romantic Movies",Movie,,,,,,no candidate
s8515,The spiral,1978,"Dramas, Independent Movies, International Movies",Movie,,,,,,year mismatch on exact title
s8516,The Spy Next Door,2010,"Action & Adventure, Children & Family Movies, Comedies",Movie,51412,Next (2007),100.0,100.0,0.2,MovieLens title nested inside Netflix title (likely different film)
s8517,The Spy Who Fell to Earth,2019,"Documentaries, International Movies",Movie,,,,,,no candidate
s8521,The Student,2017,Thrillers,Movie,,,,,,no candidate
s8522,The Sunshine Makers,2015,"Documentaries, International Movies",Movie,,,,,,no candidate
s8523,The Super,2017,Horror Movies,Movie,163639,DC Super Hero Girls: Hero of the Year (2016),100.0,100.0,0.0,genre conflict
s8525,The Surrounding Game,2018,Documentaries,Movie,,,,,,no candidate
s8526,The Taking of Pelham 123,2009,Action & Adventure,Movie,69306,"Taking of Pelham 1 2 3, The (2009)",95.2,0.0,0.0,genre conflict
s8529,The Thief and the Imbecile,2013,"Dramas, International Movies",Movie,,,,,,no candidate
s8530,The Tiger Hunter,2016,"Comedies, Dramas, Independent Movies",Movie,,,,,,no candidate
s8531,The Tigers of Scotland,2017,Documentaries,Movie,,,,,,no candidate
s8535,The Tribes of Palos Verdes,2017,"Dramas, Independent Movies, Sports Movies",Movie,,,,,,no candidate
s8537,The Trip to Spain,2016,Comedies,Movie,,,,,,no candidate
s8539,The Truth About Alcohol,2016,"Documentaries, International Movies",Movie,148482,Truth (2015),100.0,0.0,0.0,genre conflict
s8544,The Unborn Child,2011,"Horror Movies, International Movies",Movie,,,,,,no candidate
s8547,The Unknown Girl,2016,"Dramas, International Movies",Movie,,,,,,no candidate
s8549,The Vatican Tapes,2015,"Horror Movies, Thrillers",Movie,,,,,,no candidate
s8551,The Walls of the Moon,2015,"Action & Adventure, Dramas, International Movies",Movie,,,,,,no candidate
s8553,The Water Diviner,2014,"Dramas, International Movies",Movie,,,,,,no candidate
s8554,The Water Horse: Legend of the Deep,2007,Children & Family Movies,Movie,43333,Water (2005),100.0,100.0,0.0,genre conflict
s8556,The Wedding Curse,2006,"Horror Movies, International Movies",Movie,34162,Wedding Crashers (2005),82.8,0.0,0.0,genre conflict
s8557,The Wedding Party 2: Destination Dubai,2017,"Comedies, International Movies, Romantic Movies",Movie,,,,,,no candidate
s8559,The Witch,2015,"Horror Movies, Independent Movies",Movie,135532,The Last Witch Hunter (2015),100.0,100.0,0.0,genre conflict
s8560,The Witch Files,2018,"Horror Movies, Thrillers",Movie,140267,The Witch (2015),100.0,0.0,0.5,MovieLens title nested inside Netflix title (likely different film)
s8562,The Women Who Kill Lions,2016,"Documentaries, International Movies",Movie,,,,,,no candidate
s8563,The Women's Balcony,2016,"Comedies, Dramas, Faith & Spirituality",Movie,,,,,,no candidate
s8564,The Workshop,2017,"Dramas, International Movies",Movie,,,,,,no candidate
s8566,The World's Most Wanted Animal,2018,Documentaries,Movie,,,,,,no candidate
s8567,The Wrong Babysitter,2017,Thrillers,Movie,,,,,,no candidate
s8569,The Young Offenders,2016,"Comedies, International Movies",Movie,,,,,,no candidate
s8570,The Young Vagabond,1985,"Action & Adventure, Comedies, International Movies",Movie,,,,,,no candidate
s8571,Theater of Life,2016,Documentaries,Movie,,,,,,no candidate
s8572,Theeram,2017,"Dramas, International Movies, Romantic Movies",Movie,,,,,,no candidate
s8573,"Thelonious Monk: Straight, No Chaser",1988,"Documentaries, Music & Musicals",Movie,,,,,,no candidate
s8574,Theo Who Lived,2016,Documentaries,Movie,,,,,,no candidate
s8577,This Is Not What I Expected,2017,"Comedies, International Movies, Romantic Movies",Movie,,,,,,no candidate
s8578,This Was Tomorrow,2015,"Documentaries, International Movies, Music & Musicals",Movie,150696,Tomorrow (2015),100.0,0.0,0.5,MovieLens title nested inside Netflix title (likely different film)
s8579,Thithi,2015,"Dramas, Independent Movies, International Movies",Movie,,,,,,no candidate
s8580,Thong Dee Fun Khao,2017,"Action & Adventure, International Movies, Sports Movies",Movie,,,,,,no candidate
s8582,Thor: Tales of Asgard,2011,Children & Family Movies,Movie,86332,Thor (2011),100.0,0.0,0.0,genre conflict
s8583,Thorne: Scaredy Cat,2010,"Dramas, International Movies",Movie,,,,,,no candidate
s8584,Thorne: Sleepyhead,2010,"Dramas, International Movies",Movie,,,,,,no candidate
s8585,Three,2016,"Action & Adventure, International Movies",Movie,131439,Kill Me Three Times (2014),100.0,100.0,0.0,genre conflict
s8586,Three-Quarters Decent,2010,"Comedies, Dramas, International Movies",Movie,,,,,,no candidate
s8587,Thumper,2017,"Dramas, Thrillers",Movie,,,,,,no candidate
s8588,Thunderbolt,1947,"Classic Movies, Documentaries",Movie,,,,,,no candidate
s8590,Tik Tok,2016,"Dramas, International Movies, Thrillers",Movie,,,,,,no candidate
s8591,Tikli and Laxmi Bomb,2017,"Dramas, International Movies",Movie,,,,,,no candidate
s8592,Time Please,2013,"Comedies, Dramas, International Movies",Movie,115680,Time Lapse (2014),85.7,81.8,0.25,score 86 < 90
s8595,Tinker Bell and the Legend of the NeverBeast,2014,Children & Family Movies,Movie,141688,Legend (2015),100.0,0.0,0.0,genre conflict
s8596,Tinker',2018,"Dramas, Independent Movies, Sci-Fi & Fantasy",Movie,,,,,,no candidate
s8598,To Be a Miss,2016,Documentaries,Movie,,,,,,no candidate
s8603,Tom and Jerry: The Magic Ring,2001,"Children & Family Movies, Comedies",Movie,5679,"Ring, The (2002)",100.0,0.0,0.0,genre conflict
s8607,Tope: The Bait,2016,"Dramas, Independent Movies, International Movies",Movie,,,,,,no candidate
s8609,Total Frat Movie,2016,Comedies,Movie,100083,Movie 43 (2013),76.9,0.0,,"subset match, insufficient evidence (score 77, margin 77)"
s8612,Traffic Signal,2007,"Dramas, Independent Movies, International Movies",Movie,57637,"Signal, The (2007)",100.0,0.0,0.0,genre conflict
s8613,Train of the Dead,2007,"Horror Movies, International Movies",Movie,7360,Dawn of the Dead (2004),84.8,84.8,0.25,"subset match, insufficient evidence (score 85, margin 0)"
s8618,Trash,2014,"Dramas, Independent Movies, Thrillers",Movie,,,,,,no candidate
s8619,Trash Fire,2016,"Comedies, Dramas, Independent Movies",Movie,,,,,,no candidate
s8620,Treasures from the Wreck of the Unbelievable,2017,"Documentaries, Dramas, International Movies",Movie,,,,,,no candidate
s8621,Tree Man,2015,Documentaries,Movie,,,,,,no candidate
s8626,Tremors 5:  Bloodline,2015,"Comedies, Horror Movies, Sci-Fi & Fantasy",Movie,,,,,,no candidate
s8627,Tremors 6: A Cold Day in Hell,2018,"Action & Adventure, Comedies, Horror Movies",Movie,,,,,,no candidate
s8628,Trespass Against Us,2016,Dramas,Movie,,,,,,no candidate
s8629,"Trikal (Past, Present, Future)",1985,"Comedies, Dramas, Independent Movies",Movie,,,,,,no candidate
s8630,Trimurti,1995,"Action & Adventure, Dramas, International Movies",Movie,,,,,,no candidate
s8631,Trip to Bhangarh: Asia's Most Haunted Place,2014,"International Movies, Thrillers",Movie,,,,,,no candidate
s8632,Trixie Mattel: Moving Parts,2019,"Documentaries, Music & Musicals",Movie,,,,,,no candidate
s8633,Trophy,2017,"Documentaries, International Movies",Movie,,,,,,no candidate
s8635,Troy: The Odyssey,2017,Action & Adventure,Movie,,,,,,no candidate
s8637,True to the Game,2017,Dramas,Movie,,,,,,no candidate
s8640,Tukaram,2012,"Dramas, Faith & Spirituality, International Movies",Movie,,,,,,no candidate
s8641,Tunisian Victory,1944,"Classic Movies, Documentaries",Movie,,,,,,no candidate
s8644,Twice,2010,"Documentaries, International Movies",Movie,,,,,,no candidate
s8646,Twinsanity,2018,"Horror Movies, Independent Movies, Thrillers",Movie,,,,,,no candidate
s8648,"Twisted Trunk, Big Fat Body",2015,"Dramas, International Movies",Movie,161830,Body (2015),100.0,0.0,0.33,MovieLens title nested inside Netflix title (likely different film)
s8649,Two Graves,2018,Thrillers,Movie,,,,,,no candidate
s8650,Two Lovers and a Bear,2016,"Dramas, Independent Movies, Romantic Movies",Movie,136859,The Lovers (2015),100.0,0.0,0.2,MovieLens title nested inside Netflix title (likely different film)
s8651,Tyke Elephant Outlaw,2015,"Documentaries, International Movies",Movie,,,,,,no candidate
s8652,Tyson,2008,"Documentaries, Sports Movies",Movie,,,,,,no candidate
s8653,Ugly,2013,"Dramas, International Movies, Thrillers",Movie,,,,,,year mismatch on exact title
s8655,Una,2016,"Dramas, International Movies",Movie,,,,,,no candidate
s8656,Unaccompanied Minors,2006,"Children & Family Movies, Comedies",Movie,,,,,,no candidate
s8657,Unacknowledged,2017,Documentaries,Movie,,,,,,no candidate
s8658,Under an Arctic Sky,2017,"Action & Adventure, Documentaries, Sports Movies",Movie,,,,,,no candidate
s8660,Undercover Grandpa,2016,"Action & Adventure, Children & Family Movies, Comedies",Movie,,,,,,no candidate
s8661,Undercover: How to Operate Behind Enemy Lines,1943,"Classic Movies, Documentaries",Movie,,,,,,no candidate
s8662,Unfinished Song,2012,"Comedies, Dramas, Independent Movies",Movie,129737,Unfinished Business (2015),80.0,0.0,0.0,genre conflict
s8663,Union Leader,2017,"Dramas, Independent Movies, International Movies",Movie,,,,,,no candidate
s8664,Unruly Friends,2011,"International Movies, Thrillers",Movie,,,,,,no candidate
s8665,Up in the Air,2009,"Comedies, Dramas, Romantic Movies",Movie,68954,Up (2009),100.0,100.0,0.2,MovieLens title nested inside Netflix title (likely different film)
s8666,Urvi,2017,"Dramas, Independent Movies, International Movies",Movie,,,,,,no candidate
s8667,Used Goods,2018,"Action & Adventure, Comedies, International Movies",Movie,,,,,,no candidate
s8668,USS Indianapolis: Men of Courage,2016,Action & Adventure,Movie,,,,,,no candidate
s8672,Veerappan,2016,"Action & Adventure, Dramas, International Movies",Movie,,,,,,no candidate
s8673,Veerey Ki Wedding,2018,"Comedies, Dramas, International Movies",Movie,,,,,,no candidate
s8674,Vegas Baby,2016,Documentaries,Movie,,,,,,no candidate
s8675,Viceroy's House,2017,Dramas,Movie,174815,The House (2017),100.0,0.0,0.0,genre conflict
s8677,Viking Destiny,2018,"Action & Adventure, Sci-Fi & Fantasy",Movie,,,,,,no candidate
s8678,Vikings Unearthed,2016,Documentaries,Movie,,,,,,no candidate
s8679,Vincent N Roxxy,2016,"Dramas, Thrillers",Movie,115231,St. Vincent (2014),82.4,0.0,0.0,genre conflict
s8681,Viswasapoorvam Mansoor,2017,"Dramas, International Movies",Movie,,,,,,no candidate
s8682,Vitti Dandu,2014,"Dramas, International Movies",Movie,,,,,,no candidate
s8683,Vizontele Tuuba,2004,"Comedies, Dramas, International Movies",Movie,,,,,,no candidate
s8684,Vodka Diaries,2018,"Dramas, International Movies, Thrillers",Movie,,,,,,no candidate
s8686,VS.,2018,Dramas,Movie,131739,Batman vs. Robin (2015),100.0,100.0,0.0,genre conflict
s8687,Waar,2013,"Action & Adventure, International Movies",Movie,,,,,,no candidate
s8688,Waarrior Savitri,2016,"Action & Adventure, International Movies, Sci-Fi & Fantasy",Movie,,,,,,no candidate
s8689,Waiting,2015,"Dramas, International Movies",Movie,159061,The Wailing (2016),85.7,0.0,0.0,genre conflict
s8692,Wakefield,2016,Dramas,Movie,,,,,,no candidate
s8693,Walk with Me,2017,Documentaries,Movie,138208,The Walk (2015),100.0,0.0,0.0,genre conflict
s8694,Walking Out,2017,"Dramas, Independent Movies, Thrillers",Movie,,,,,,no candidate
s8695,War,2007,Action & Adventure,Movie,27869,Tae Guk Gi: The Brotherhood of War (Taegukgi hwinalrimyeo) (2004),100.0,100.0,0.25,"subset match, insufficient evidence (score 100, margin 0)"
s8696,War Chhod Na Yaar,2013,"Comedies, Dramas, International Movies",Movie,,,,,,no candidate
s8698,War on Everyone,2016,"Action & Adventure, Comedies",Movie,,,,,,no candidate
s8699,Warda,2014,"Horror Movies, Independent Movies, International Movies",Movie,,,,,,no candidate
s8700,Warehoused,2015,"Comedies, Dramas, International Movies",Movie,,,,,,no candidate
s8702,Water & Power: A California Heist,2017,Documentaries,Movie,,,,,,no candidate
s8703,Waterschool,2018,Documentaries,Movie,,,,,,no candidate
s8704,We Are Your Friends,2015,"Dramas, Independent Movies, Music & Musicals",Movie,,,,,,no candidate
s8705,We Belong Together,2018,Thrillers,Movie,,,,,,no candidate
s8706,We Need to Talk,2016,"Comedies, International Movies, Romantic Movies",Movie,,,,,,no candidate
s8707,We the Animals,2018,"Dramas, Independent Movies",Movie,,,,,,no candidate
s8708,"We, the Marines",2017,"Documentaries, International Movies",Movie,,,,,,no candidate
s8709,We're No Animals,2015,"Comedies, Dramas, Independent Movies",Movie,,,,,,no candidate
s8710,Weather forecast,1983,"Dramas, International Movies",Movie,,,,,,no candidate
s8712,Weeds on Fire,2016,"Dramas, Independent Movies, International Movies",Movie,,,,,,no candidate
s8714,Welcome 2 Karachi,2015,"Comedies, International Movies",Movie,,,,,,no candidate
s8715,Welcome to Monster High: The Origin Story,2016,Children & Family Movies,Movie,132800,Welcome to Me (2014),87.0,80.0,0.0,genre conflict
s8716,Welcome to New York,2014,"Dramas, Independent Movies",Movie,132800,Welcome to Me (2014),87.0,0.0,0.5,"subset match, insufficient evidence (score 87, margin 87)"
s8717,Welcome to Willits,2017,"Comedies, Horror Movies, Independent Movies",Movie,132800,Welcome to Me (2014),87.0,0.0,0.0,genre conflict
s8718,Westerplatte Resists,1967,"Classic Movies, Dramas, International Movies",Movie,,,,,,no candidate
s8719,Westside vs. the World,2019,"Documentaries, Sports Movies",Movie,,,,,,no candidate
s8720,What a Wonderful Family!,2017,"Comedies, Dramas, International Movies",Movie,,,,,,no candidate
s8724,What Makes a Psychopath?,2017,Documentaries,Movie,,,,,,no candidate
s8725,What Still Remains,2018,"Dramas, Thrillers",Movie,,,,,,no candidate
s8726,What's Up With Love?,2002,"Dramas, International Movies, Romantic Movies",Movie,6367,Down with Love (2003),78.3,0.0,0.33,"subset match, insufficient evidence (score 78, margin 78)"
s8728,When Hari Got Married,2013,"Documentaries, International Movies",Movie,,,,,,no candidate
s8729,When Two Worlds Collide,2016,"Documentaries, International Movies",Movie,,,,,,no candidate
s8731,Where's the Money,2017,Comedies,Movie,,,,,,no candidate
s8733,White Chamber,2018,"Sci-Fi & Fantasy, Thrillers",Movie,,,,,,no candidate
s8734,White Island,2016,"Comedies, Independent Movies, Thrillers",Movie,,,,,,no candidate
s8735,Who the F**k Is That Guy?,2017,"Documentaries, LGBTQ Movies, Music & Musicals",Movie,,,,,,no candidate
s8738,Why Are We Getting So Fat?,2016,Documentaries,Movie,,,,,,no candidate
s8739,Why Knot,2016,Documentaries,Movie,,,,,,no candidate
s8740,Why We Fight: The Battle of Russia,1943,Documentaries,Movie,,,,,,no candidate
s8744,Wildlife,2018,"Dramas, Independent Movies",Movie,,,,,,no candidate
s8745,Williams,2017,"Documentaries, International Movies, Sports Movies",Movie,,,,,,no candidate
s8747,Winnie,2017,"Documentaries, International Movies",Movie,,,,,,no candidate
s8749,Winter of Our Dreams,1981,"Classic Movies, Dramas",Movie,,,,,,no candidate
s8752,Wish I Was Here,2014,"Comedies, Dramas, Independent Movies",Movie,,,,,,no candidate
s8753,Wish Man,2019,"Children & Family Movies, Dramas",Movie,,,,,,no candidate
s8754,Withdrawn,2017,"Dramas, Independent Movies",Movie,,,,,,no candidate
s8755,Wolves,2016,"Dramas, Independent Movies, Sports Movies",Movie,,,,,,no candidate
s8757,Woodstock,2019,"Documentaries, Music & Musicals",Movie,,,,,,no candidate
s8760,World's Weirdest Homes,2015,Movies,Movie,103341,"World's End, The (2013)",77.8,0.0,,"subset match, insufficient evidence (score 78, margin 78)"
s8761,Would You Rather,2013,"Horror Movies, Independent Movies, Thrillers",Movie,,,,,,no candidate
s8762,Wrong No.,2015,"Comedies, International Movies, Romantic Movies",Movie,99030,Wrong (2012),100.0,77.8,0.0,genre conflict
s8763,Wrong Side Raju,2016,"Dramas, International Movies",Movie,,,,,,no candidate
s8764,WWII: Report from the Aleutians,1943,Documentaries,Movie,,,,,,no candidate
s8766,XX,2017,Horror Movies,Movie,,,,,,no candidate
s8768,XXX: State of the Union,2005,Action & Adventure,Movie,5507,xXx (2002),100.0,100.0,0.25,MovieLens title nested inside Netflix title (likely different film)
s8770,Y.M.I.: Yeh Mera India,2008,"Dramas, Independent Movies, International Movies",Movie,,,,,,no candidate
s8771,Yaadein,2001,"Dramas, International Movies, Romantic Movies",Movie,,,,,,no candidate
s8772,Yaara O Dildaara,2011,"Dramas, International Movies, Music & Musicals",Movie,,,,,,no candidate
s8773,Yamla Pagla Deewana 2,2013,"Action & Adventure, Comedies, International Movies",Movie,,,,,,no candidate
s8774,Yanda Kartavya Aahe,2006,"Comedies, Dramas, International Movies",Movie,,,,,,no candidate
s8777,Yellowbird,2014,"Children & Family Movies, Comedies",Movie,,,,,,no candidate
s8778,Yes or No,2010,"International Movies, LGBTQ Movies, Romantic Movies",Movie,,,,,,no candidate
s8779,Yes or No 2,2012,"International Movies, LGBTQ Movies, Romantic Movies",Movie,,,,,,no candidate
s8780,Yes or No 2.5,2015,"International Movies, LGBTQ Movies, Romantic Movies",Movie,,,,,,no candidate
s8782,Yo-Kai Watch: The Movie,2016,"Anime Features, Children & Family Movies",Movie,100083,Movie 43 (2013),76.9,0.0,0.0,genre conflict
s8783,Yoga Hosers,2016,"Comedies, Horror Movies, Independent Movies",Movie,,,,,,no candidate
s8785,Yoko and His Friends,2015,Children & Family Movies,Movie,,,,,,no candidate
s8787,You Can Tutu,2017,Children & Family Movies,Movie,,,,,,no candidate
s8788,You Can’t Fight Christmas,2017,"Comedies, Romantic Movies",Movie,,,,,,no candidate
s8789,You Carry Me,2015,"Dramas, International Movies",Movie,,,,,,no candidate
s8790,You Changed My Life,2009,"Comedies, Dramas, International Movies",Movie,,,,,,no candidate
s8793,Young Tiger,1973,"Action & Adventure, International Movies",Movie,,,,,,no candidate
s8799,Zed Plus,2014,"Comedies, Dramas, International Movies",Movie,,,,,,no candidate
s8800,Zenda,2009,"Dramas, International Movies",Movie,,,,,,no candidate
s8802,Zinzana,2015,"Dramas, International Movies, Thrillers",Movie,,,,,,no candidate
s8807,Zubaan,2015,"Dramas, International Movies, Music & Musicals",Movie,,,,,,no candidate
